# USFWS Form NR-1 weekly waterfowl counts for 11 refuges, National Archives RG-22.
# Recovered for anchors that shipped with NO source data at all.
# The NARA 3-letter code for each refuge was VERIFIED from the sheet's own REFUGE
# header (BDA='Bosque del Apache', QVR=', Stafford, Kansas' which is Quivira's
# location, BTL='Bitter Lake National Wildl', etc). refuge_header is kept per row
# so that mapping stays auditable.
# median_err is the sheet's own per-species days-use column vs sum(weekly)*7.
# WEEK 1 IS ASSUMED = SEP 1 and is NOT verified per refuge -- see ANCHOR_RULES.md;
# the convention is refuge-specific and a wrong guess shifts a curve up to ~6 days.
anchor,refuge_header,season,week,week_start,ducks_teal_excluded,n_cols,median_err
Aransas,кauлая.,1961,1,1961-09-01,475,6,0.1029
Aransas,кauлая.,1961,2,1961-09-08,4755,6,0.1029
Aransas,кauлая.,1961,3,1961-09-15,2600,6,0.1029
Aransas,кauлая.,1961,4,1961-09-22,450,6,0.1029
Aransas,кauлая.,1961,5,1961-09-29,6450,6,0.1029
Aransas,кauлая.,1961,6,1961-10-06,1400,6,0.1029
Aransas,кauлая.,1961,11,1961-11-10,7070,6,0.1029
Aransas,кauлая.,1961,12,1961-11-17,8465,6,0.1029
Aransas,кauлая.,1961,13,1961-11-24,9020,6,0.1029
Aransas,кauлая.,1961,14,1961-12-01,9745,6,0.1029
Aransas,кauлая.,1961,15,1961-12-08,9776,6,0.1029
Aransas,кauлая.,1961,16,1961-12-15,10330,6,0.1029
Aransas,кauлая.,1961,17,1961-12-22,10080,6,0.1029
Aransas,кauлая.,1961,18,1961-12-29,8515,6,0.1029
Aransas,ARAISAS.,1962,1,1962-09-01,41,6,0.2222
Aransas,ARAISAS.,1962,2,1962-09-08,500,6,0.2222
Aransas,ARAISAS.,1962,3,1962-09-15,3358,6,0.2222
Aransas,ARAISAS.,1962,4,1962-09-22,3157,6,0.2222
Aransas,ARAISAS.,1962,5,1962-09-29,4770,6,0.2222
Aransas,ARAISAS.,1962,6,1962-10-06,13300,6,0.2222
Aransas,ARAISAS.,1962,11,1962-11-10,18070,6,0.2222
Aransas,ARAISAS.,1962,12,1962-11-17,19915,6,0.2222
Aransas,ARAISAS.,1962,13,1962-11-24,12150,6,0.2222
Aransas,ARAISAS.,1962,14,1962-12-01,10490,6,0.2222
Aransas,ARAISAS.,1962,15,1962-12-08,14096,6,0.2222
Aransas,ARAISAS.,1962,16,1962-12-15,13875,6,0.2222
Aransas,ARAISAS.,1962,17,1962-12-22,5435,6,0.2222
Aransas,ARAISAS.,1962,18,1962-12-29,4470,6,0.2222
Aransas,ARANSAS MATIOMAL WILDLJER DREUGE,1963,1,1963-09-01,1200,10,0.0829
Aransas,ARANSAS MATIOMAL WILDLJER DREUGE,1963,2,1963-09-08,1200,10,0.0829
Aransas,ARANSAS MATIOMAL WILDLJER DREUGE,1963,3,1963-09-15,1200,10,0.0829
Aransas,ARANSAS MATIOMAL WILDLJER DREUGE,1963,4,1963-09-22,100,10,0.0829
Aransas,ARANSAS MATIOMAL WILDLJER DREUGE,1963,5,1963-09-29,100,10,0.0829
Aransas,ARANSAS MATIOMAL WILDLJER DREUGE,1963,6,1963-10-06,720,10,0.0829
Aransas,ARANSAS MATIOMAL WILDLJER DREUGE,1963,7,1963-10-13,4200,10,0.0829
Aransas,ARANSAS MATIOMAL WILDLJER DREUGE,1963,8,1963-10-20,6952,10,0.0829
Aransas,ARANSAS MATIOMAL WILDLJER DREUGE,1963,9,1963-10-27,6835,10,0.0829
Aransas,ARANSAS MATIOMAL WILDLJER DREUGE,1963,10,1963-11-03,7705,10,0.0829
Aransas,ARANSAS MATIOMAL WILDLJER DREUGE,1963,11,1963-11-10,8133,10,0.0829
Aransas,ARANSAS MATIOMAL WILDLJER DREUGE,1963,12,1963-11-17,9267,10,0.0829
Aransas,ARANSAS MATIOMAL WILDLJER DREUGE,1963,13,1963-11-24,22468,10,0.0829
Aransas,ARANSAS MATIOMAL WILDLJER DREUGE,1963,14,1963-12-01,16540,10,0.0829
Aransas,ARANSAS MATIOMAL WILDLJER DREUGE,1963,15,1963-12-08,26170,10,0.0829
Aransas,ARANSAS MATIOMAL WILDLJER DREUGE,1963,16,1963-12-15,24280,10,0.0829
Aransas,ARANSAS MATIOMAL WILDLJER DREUGE,1963,17,1963-12-22,14191,10,0.0829
Aransas,ARANSAS MATIOMAL WILDLJER DREUGE,1963,18,1963-12-29,16190,10,0.0829
Aransas,ARANSAS,1964,2,1964-09-08,6700,6,0.0914
Aransas,ARANSAS,1964,3,1964-09-15,14022,6,0.0914
Aransas,ARANSAS,1964,4,1964-09-22,7502,6,0.0914
Aransas,ARANSAS,1964,5,1964-09-29,5560,6,0.0914
Aransas,ARANSAS,1964,6,1964-10-06,9918,6,0.0914
Aransas,ARANSAS,1964,11,1964-11-10,25797,6,0.0914
Aransas,ARANSAS,1964,12,1964-11-17,22454,6,0.0914
Aransas,ARANSAS,1964,13,1964-11-24,19606,6,0.0914
Aransas,ARANSAS,1964,14,1964-12-01,16302,6,0.0914
Aransas,ARANSAS,1964,15,1964-12-08,11097,6,0.0914
Aransas,ARANSAS,1964,16,1964-12-15,9334,6,0.0914
Aransas,ARANSAS,1964,17,1964-12-22,8384,6,0.0914
Aransas,ARANSAS,1964,18,1964-12-29,8384,6,0.0914
Aransas,ARANSAS,1965,1,1965-09-01,2500,6,0.3078
Aransas,ARANSAS,1965,2,1965-09-08,200,6,0.3078
Aransas,ARANSAS,1965,3,1965-09-15,1386,6,0.3078
Aransas,ARANSAS,1965,4,1965-09-22,264,6,0.3078
Aransas,ARANSAS,1965,5,1965-09-29,43155,6,0.3078
Aransas,ARANSAS,1965,6,1965-10-06,11010,6,0.3078
Aransas,ARANSAS,1965,11,1965-11-10,2922,6,0.3078
Aransas,ARANSAS,1965,12,1965-11-17,16300,6,0.3078
Aransas,ARANSAS,1965,13,1965-11-24,19034,6,0.3078
Aransas,ARANSAS,1965,14,1965-12-01,12030,6,0.3078
Aransas,ARANSAS,1965,15,1965-12-08,8530,6,0.3078
Aransas,ARANSAS,1965,16,1965-12-15,4150,6,0.3078
Aransas,ARANSAS,1965,17,1965-12-22,6622,6,0.3078
Aransas,ARANSAS,1965,18,1965-12-29,289,6,0.3078
Aransas,ARANSAS NWR,1968,1,1968-09-01,175,7,0.1133
Aransas,ARANSAS NWR,1968,2,1968-09-08,600,7,0.1133
Aransas,ARANSAS NWR,1968,3,1968-09-15,1175,7,0.1133
Aransas,ARANSAS NWR,1968,4,1968-09-22,3800,7,0.1133
Aransas,ARANSAS NWR,1968,5,1968-09-29,9695,7,0.1133
Aransas,ARANSAS NWR,1968,6,1968-10-06,14230,7,0.1133
Aransas,ARANSAS NWR,1968,7,1968-10-13,12430,7,0.1133
Aransas,ARANSAS NWR,1968,11,1968-11-10,14520,7,0.1133
Aransas,ARANSAS NWR,1968,12,1968-11-17,23990,7,0.1133
Aransas,ARANSAS NWR,1968,13,1968-11-24,26170,7,0.1133
Aransas,ARANSAS NWR,1968,14,1968-12-01,24395,7,0.1133
Aransas,ARANSAS NWR,1968,15,1968-12-08,18395,7,0.1133
Aransas,ARANSAS NWR,1968,16,1968-12-15,18715,7,0.1133
Aransas,ARANSAS NWR,1968,17,1968-12-22,15585,7,0.1133
Aransas,ARANSAS NWR,1968,18,1968-12-29,14280,7,0.1133
Aransas,ARANSAS NVR,1969,1,1969-09-01,235,7,0.1094
Aransas,ARANSAS NVR,1969,2,1969-09-08,600,7,0.1094
Aransas,ARANSAS NVR,1969,3,1969-09-15,682,7,0.1094
Aransas,ARANSAS NVR,1969,4,1969-09-22,2320,7,0.1094
Aransas,ARANSAS NVR,1969,5,1969-09-29,2642,7,0.1094
Aransas,ARANSAS NVR,1969,6,1969-10-06,4188,7,0.1094
Aransas,ARANSAS NVR,1969,7,1969-10-13,21292,7,0.1094
Aransas,ARANSAS NVR,1969,11,1969-11-10,27642,7,0.1094
Aransas,ARANSAS NVR,1969,12,1969-11-17,52626,7,0.1094
Aransas,ARANSAS NVR,1969,13,1969-11-24,28790,7,0.1094
Aransas,ARANSAS NVR,1969,14,1969-12-01,21403,7,0.1094
Aransas,ARANSAS NVR,1969,15,1969-12-08,24213,7,0.1094
Aransas,ARANSAS NVR,1969,16,1969-12-15,23096,7,0.1094
Aransas,ARANSAS NVR,1969,17,1969-12-22,22498,7,0.1094
Aransas,ARANSAS NVR,1969,18,1969-12-29,21019,7,0.1094
Aransas,84 3. Waterfow! Aerial waterfowl counts ,1989,1,1989-09-01,5742,7,
Aransas,84 3. Waterfow! Aerial waterfowl counts ,1989,2,1989-09-08,7579,7,
Aransas,84 3. Waterfow! Aerial waterfowl counts ,1989,3,1989-09-15,866,7,
Aransas,84 3. Waterfow! Aerial waterfowl counts ,1989,4,1989-09-22,28,7,
Aransas,84 3. Waterfow! Aerial waterfowl counts ,1989,5,1989-09-29,269,7,
Aransas,84 3. Waterfow! Aerial waterfowl counts ,1989,6,1989-10-06,14320,7,
Aransas,84 3. Waterfow! Aerial waterfowl counts ,1989,7,1989-10-13,3946,7,
Aransas,44 Species Jan. Feb. Aug. Sept. Oct. Nov,2000,1,2000-09-01,16387,7,
Aransas,44 Species Jan. Feb. Aug. Sept. Oct. Nov,2000,2,2000-09-08,1367,7,
Aransas,44 Species Jan. Feb. Aug. Sept. Oct. Nov,2000,3,2000-09-15,0,7,
Aransas,44 Species Jan. Feb. Aug. Sept. Oct. Nov,2000,4,2000-09-22,131,7,
Aransas,44 Species Jan. Feb. Aug. Sept. Oct. Nov,2000,5,2000-09-29,69,7,
Aransas,44 Species Jan. Feb. Aug. Sept. Oct. Nov,2000,6,2000-10-06,33,7,
Aransas,44 Species Jan. Feb. Aug. Sept. Oct. Nov,2000,7,2000-10-13,38866,7,
Aransas,48 well. There was a decrease in waterfo,2001,1,2001-09-01,2349,7,
Aransas,48 well. There was a decrease in waterfo,2001,2,2001-09-08,1961,7,
Aransas,48 well. There was a decrease in waterfo,2001,3,2001-09-15,21,7,
Aransas,48 well. There was a decrease in waterfo,2001,4,2001-09-22,0,7,
Aransas,48 well. There was a decrease in waterfo,2001,5,2001-09-29,788,7,
Aransas,48 well. There was a decrease in waterfo,2001,6,2001-10-06,89574,7,
Aransas,48 well. There was a decrease in waterfo,2001,7,2001-10-13,10541,7,
Arrowwood ND,ARROWNOOD,1953,1,1953-09-01,1750,10,0.75
Arrowwood ND,ARROWNOOD,1953,2,1953-09-08,2300,10,0.75
Arrowwood ND,ARROWNOOD,1953,3,1953-09-15,3980,10,0.75
Arrowwood ND,ARROWNOOD,1953,4,1953-09-22,4280,10,0.75
Arrowwood ND,ARROWNOOD,1953,5,1953-09-29,13510,10,0.75
Arrowwood ND,ARROWNOOD,1953,6,1953-10-06,10850,10,0.75
Arrowwood ND,ARROWNOOD,1953,7,1953-10-13,17600,10,0.75
Arrowwood ND,ARROWNOOD,1953,8,1953-10-20,12300,10,0.75
Arrowwood ND,ARROWNOOD,1953,9,1953-10-27,9250,10,0.75
Arrowwood ND,ARROWNOOD,1953,10,1953-11-03,15500,10,0.75
Arrowwood ND,ARROWNOOD,1953,11,1953-11-10,4500,10,0.75
Arrowwood ND,ARROWNOOD,1953,12,1953-11-17,3150,10,0.75
Arrowwood ND,ARROWNOOD,1953,13,1953-11-24,175,10,0.75
Arrowwood ND,ARROWWOOD,1954,1,1954-09-01,5400,10,
Arrowwood ND,ARROWWOOD,1954,2,1954-09-08,2881,10,
Arrowwood ND,ARROWWOOD,1954,3,1954-09-15,3670,10,
Arrowwood ND,ARROWWOOD,1954,4,1954-09-22,8340,10,
Arrowwood ND,ARROWWOOD,1954,5,1954-09-29,17170,10,
Arrowwood ND,ARROWWOOD,1954,6,1954-10-06,25800,10,
Arrowwood ND,ARROWWOOD,1954,7,1954-10-13,25800,10,
Arrowwood ND,ARROWWOOD,1954,8,1954-10-20,14940,10,
Arrowwood ND,ARROWWOOD,1954,9,1954-10-27,6460,10,
Arrowwood ND,ARROWWOOD,1954,10,1954-11-03,5330,10,
Arrowwood ND,ARROWWOOD,1954,11,1954-11-10,495160,10,
Arrowwood ND,ARROWIOOD,1955,1,1955-09-01,4780,9,
Arrowwood ND,ARROWIOOD,1955,2,1955-09-08,5280,9,
Arrowwood ND,ARROWIOOD,1955,3,1955-09-15,5380,9,
Arrowwood ND,ARROWIOOD,1955,4,1955-09-22,5030,9,
Arrowwood ND,ARROWIOOD,1955,5,1955-09-29,11095,9,
Arrowwood ND,ARROWIOOD,1955,6,1955-10-06,11840,9,
Arrowwood ND,ARROWIOOD,1955,7,1955-10-13,13265,9,
Arrowwood ND,ARROWIOOD,1955,8,1955-10-20,12580,9,
Arrowwood ND,ARROWIOOD,1955,9,1955-10-27,5840,9,
Arrowwood ND,ARROWIOOD,1955,11,1955-11-10,517795,9,
Arrowwood ND,ARARZO HUSTOTOTDL,1956,1,1956-09-01,3025,10,
Arrowwood ND,ARARZO HUSTOTOTDL,1956,2,1956-09-08,17325,10,
Arrowwood ND,ARARZO HUSTOTOTDL,1956,3,1956-09-15,3010,10,
Arrowwood ND,ARARZO HUSTOTOTDL,1956,4,1956-09-22,3770,10,
Arrowwood ND,ARARZO HUSTOTOTDL,1956,5,1956-09-29,6420,10,
Arrowwood ND,ARARZO HUSTOTOTDL,1956,6,1956-10-06,9190,10,
Arrowwood ND,ARARZO HUSTOTOTDL,1956,7,1956-10-13,700,10,
Arrowwood ND,ARARZO HUSTOTOTDL,1956,8,1956-10-20,24325,10,
Arrowwood ND,ARARZO HUSTOTOTDL,1956,9,1956-10-27,19825,10,
Arrowwood ND,ARARZO HUSTOTOTDL,1956,10,1956-11-03,20880,10,
Arrowwood ND,ARARZO HUSTOTOTDL,1956,11,1956-11-10,810530,10,
Arrowwood ND,Arrowwood,1958,1,1958-09-01,7600,9,0.2449
Arrowwood ND,Arrowwood,1958,2,1958-09-08,7220,9,0.2449
Arrowwood ND,Arrowwood,1958,3,1958-09-15,3802,9,0.2449
Arrowwood ND,Arrowwood,1958,4,1958-09-22,19535,9,0.2449
Arrowwood ND,Arrowwood,1958,5,1958-09-29,23344,9,0.2449
Arrowwood ND,Arrowwood,1958,6,1958-10-06,23150,9,0.2449
Arrowwood ND,Arrowwood,1958,7,1958-10-13,22400,9,0.2449
Arrowwood ND,Arrowwood,1958,8,1958-10-20,22840,9,0.2449
Arrowwood ND,Arrowwood,1958,9,1958-10-27,9300,9,0.2449
Arrowwood ND,Arrowwood,1958,11,1958-11-10,4200,9,0.2449
Arrowwood ND,ARrowWOod,1959,1,1959-09-01,4354,9,
Arrowwood ND,ARrowWOod,1959,2,1959-09-08,3920,9,
Arrowwood ND,ARrowWOod,1959,3,1959-09-15,5490,9,
Arrowwood ND,ARrowWOod,1959,4,1959-09-22,6405,9,
Arrowwood ND,ARrowWOod,1959,5,1959-09-29,6170,9,
Arrowwood ND,ARrowWOod,1959,6,1959-10-06,7285,9,
Arrowwood ND,ARrowWOod,1959,7,1959-10-13,14855,9,
Arrowwood ND,ARrowWOod,1959,8,1959-10-20,13880,9,
Arrowwood ND,ARrowWOod,1959,9,1959-10-27,12960,9,
Arrowwood ND,ARrowWOod,1959,11,1959-11-10,554548,9,
Arrowwood ND,3-1750 Form NR-1 (Rev. March 1953) WATER,1960,1,1960-09-01,4120,10,
Arrowwood ND,3-1750 Form NR-1 (Rev. March 1953) WATER,1960,2,1960-09-08,4920,10,
Arrowwood ND,3-1750 Form NR-1 (Rev. March 1953) WATER,1960,3,1960-09-15,4410,10,
Arrowwood ND,3-1750 Form NR-1 (Rev. March 1953) WATER,1960,4,1960-09-22,6810,10,
Arrowwood ND,3-1750 Form NR-1 (Rev. March 1953) WATER,1960,5,1960-09-29,8485,10,
Arrowwood ND,3-1750 Form NR-1 (Rev. March 1953) WATER,1960,6,1960-10-06,13675,10,
Arrowwood ND,3-1750 Form NR-1 (Rev. March 1953) WATER,1960,7,1960-10-13,14560,10,
Arrowwood ND,3-1750 Form NR-1 (Rev. March 1953) WATER,1960,8,1960-10-20,13420,10,
Arrowwood ND,3-1750 Form NR-1 (Rev. March 1953) WATER,1960,9,1960-10-27,5650,10,
Arrowwood ND,3-1750 Form NR-1 (Rev. March 1953) WATER,1960,10,1960-11-03,660,10,
Arrowwood ND,3-1750 Form NR-1 (Rev. March 1953) WATER,1960,11,1960-11-10,392910,10,
Arrowwood ND,ARRONWOOD,1961,1,1961-09-01,2925,9,
Arrowwood ND,ARRONWOOD,1961,2,1961-09-08,3275,9,
Arrowwood ND,ARRONWOOD,1961,3,1961-09-15,3700,9,
Arrowwood ND,ARRONWOOD,1961,4,1961-09-22,6050,9,
Arrowwood ND,ARRONWOOD,1961,5,1961-09-29,7900,9,
Arrowwood ND,ARRONWOOD,1961,6,1961-10-06,8200,9,
Arrowwood ND,ARRONWOOD,1961,7,1961-10-13,14850,9,
Arrowwood ND,ARRONWOOD,1961,8,1961-10-20,6380,9,
Arrowwood ND,ARRONWOOD,1961,9,1961-10-27,6350,9,
Arrowwood ND,ARRONWOOD,1961,11,1961-11-10,428960,9,
Arrowwood ND,ARROWWOOD,1962,1,1962-09-01,2820,9,
Arrowwood ND,ARROWWOOD,1962,2,1962-09-08,3125,9,
Arrowwood ND,ARROWWOOD,1962,3,1962-09-15,4390,9,
Arrowwood ND,ARROWWOOD,1962,4,1962-09-22,5215,9,
Arrowwood ND,ARROWWOOD,1962,5,1962-09-29,2280,9,
Arrowwood ND,ARROWWOOD,1962,6,1962-10-06,3400,9,
Arrowwood ND,ARROWWOOD,1962,7,1962-10-13,850,9,
Arrowwood ND,ARROWWOOD,1962,8,1962-10-20,10190,9,
Arrowwood ND,ARROWWOOD,1962,9,1962-10-27,9750,9,
Arrowwood ND,ARROWWOOD,1962,11,1962-11-10,327740,9,
Arrowwood ND,Arrowwood Refuge,1963,1,1963-09-01,1290,9,0.2
Arrowwood ND,Arrowwood Refuge,1963,2,1963-09-08,1300,9,0.2
Arrowwood ND,Arrowwood Refuge,1963,3,1963-09-15,1300,9,0.2
Arrowwood ND,Arrowwood Refuge,1963,4,1963-09-22,2600,9,0.2
Arrowwood ND,Arrowwood Refuge,1963,5,1963-09-29,2550,9,0.2
Arrowwood ND,Arrowwood Refuge,1963,6,1963-10-06,13060,9,0.2
Arrowwood ND,Arrowwood Refuge,1963,7,1963-10-13,20750,9,0.2
Arrowwood ND,Arrowwood Refuge,1963,8,1963-10-20,3870,9,0.2
Arrowwood ND,Arrowwood Refuge,1963,9,1963-10-27,6960,9,0.2
Arrowwood ND,Arrowwood Refuge,1963,11,1963-11-10,5444,9,0.2
Arrowwood ND,ARRONVOOD,1964,1,1964-09-01,350,8,
Arrowwood ND,ARRONVOOD,1964,2,1964-09-08,251,8,
Arrowwood ND,ARRONVOOD,1964,3,1964-09-15,843,8,
Arrowwood ND,ARRONVOOD,1964,4,1964-09-22,430,8,
Arrowwood ND,ARRONVOOD,1964,5,1964-09-29,3863,8,
Arrowwood ND,ARRONVOOD,1964,6,1964-10-06,619,8,
Arrowwood ND,ARRONVOOD,1964,7,1964-10-13,3730,8,
Arrowwood ND,ARRONVOOD,1964,8,1964-10-20,2920,8,
Arrowwood ND,ARRONVOOD,1964,11,1964-11-10,98448,8,
Arrowwood ND,Arrowvood,1965,1,1965-09-01,1150,10,
Arrowwood ND,Arrowvood,1965,2,1965-09-08,1205,10,
Arrowwood ND,Arrowvood,1965,3,1965-09-15,1390,10,
Arrowwood ND,Arrowvood,1965,4,1965-09-22,570,10,
Arrowwood ND,Arrowvood,1965,5,1965-09-29,2350,10,
Arrowwood ND,Arrowvood,1965,6,1965-10-06,5200,10,
Arrowwood ND,Arrowvood,1965,7,1965-10-13,7145,10,
Arrowwood ND,Arrowvood,1965,8,1965-10-20,2595,10,
Arrowwood ND,Arrowvood,1965,9,1965-10-27,5450,10,
Arrowwood ND,Arrowvood,1965,10,1965-11-03,9125,10,
Arrowwood ND,Arrowvood,1965,11,1965-11-10,431364,10,
Arrowwood ND,Arrowwood,1966,1,1966-09-01,8010,9,
Arrowwood ND,Arrowwood,1966,2,1966-09-08,7150,9,
Arrowwood ND,Arrowwood,1966,3,1966-09-15,7233,9,
Arrowwood ND,Arrowwood,1966,4,1966-09-22,3340,9,
Arrowwood ND,Arrowwood,1966,5,1966-09-29,4081,9,
Arrowwood ND,Arrowwood,1966,6,1966-10-06,12690,9,
Arrowwood ND,Arrowwood,1966,7,1966-10-13,16430,9,
Arrowwood ND,Arrowwood,1966,8,1966-10-20,8610,9,
Arrowwood ND,Arrowwood,1966,9,1966-10-27,1836,9,
Arrowwood ND,Arrowwood,1966,11,1966-11-10,351,9,
Arrowwood ND,Arrowwood,1966,12,1966-11-17,431179,9,
Arrowwood ND,Arrowwood,1966,13,1966-11-24,335,9,
Arrowwood ND,Arrowwood,1966,14,1966-12-01,826,9,
Arrowwood ND,3-1750 Form NR-1 (Rev. March 1953) WATER,1967,1,1967-09-01,1107,10,
Arrowwood ND,3-1750 Form NR-1 (Rev. March 1953) WATER,1967,2,1967-09-08,2512,10,
Arrowwood ND,3-1750 Form NR-1 (Rev. March 1953) WATER,1967,3,1967-09-15,1747,10,
Arrowwood ND,3-1750 Form NR-1 (Rev. March 1953) WATER,1967,4,1967-09-22,3518,10,
Arrowwood ND,3-1750 Form NR-1 (Rev. March 1953) WATER,1967,5,1967-09-29,6823,10,
Arrowwood ND,3-1750 Form NR-1 (Rev. March 1953) WATER,1967,6,1967-10-06,11066,10,
Arrowwood ND,3-1750 Form NR-1 (Rev. March 1953) WATER,1967,7,1967-10-13,16349,10,
Arrowwood ND,3-1750 Form NR-1 (Rev. March 1953) WATER,1967,8,1967-10-20,9641,10,
Arrowwood ND,3-1750 Form NR-1 (Rev. March 1953) WATER,1967,9,1967-10-27,8711,10,
Arrowwood ND,3-1750 Form NR-1 (Rev. March 1953) WATER,1967,10,1967-11-03,4499,10,
Arrowwood ND,3-1750 Form NR-1 (Rev. March 1953) WATER,1967,11,1967-11-10,127988,10,
Arrowwood ND,3-1750 Form NR-1 (Rev. March 1953) WATER,1967,12,1967-11-17,94,10,
Arrowwood ND,3-1750 Form NR-1 (Rev. March 1953) WATER,1967,13,1967-11-24,151,10,
Arrowwood ND,Arrowvood,1968,1,1968-09-01,6231,10,
Arrowwood ND,Arrowvood,1968,2,1968-09-08,7458,10,
Arrowwood ND,Arrowvood,1968,3,1968-09-15,5537,10,
Arrowwood ND,Arrowvood,1968,4,1968-09-22,9229,10,
Arrowwood ND,Arrowvood,1968,5,1968-09-29,9249,10,
Arrowwood ND,Arrowvood,1968,6,1968-10-06,11797,10,
Arrowwood ND,Arrowvood,1968,7,1968-10-13,14160,10,
Arrowwood ND,Arrowvood,1968,8,1968-10-20,14264,10,
Arrowwood ND,Arrowvood,1968,9,1968-10-27,3496,10,
Arrowwood ND,Arrowvood,1968,10,1968-11-03,948,10,
Arrowwood ND,Arrowvood,1968,11,1968-11-10,1241,10,
Arrowwood ND,Arrowvood,1968,12,1968-11-17,21,10,
Arrowwood ND,Arrowvood,1968,13,1968-11-24,1253,10,
Arrowwood ND,Arrowvood,1968,14,1968-12-01,223,10,
Arrowwood ND,Arrowvood,1968,15,1968-12-08,1139,10,
Arrowwood ND,Arrowwood,1969,1,1969-09-01,9802,9,
Arrowwood ND,Arrowwood,1969,2,1969-09-08,12392,9,
Arrowwood ND,Arrowwood,1969,3,1969-09-15,12355,9,
Arrowwood ND,Arrowwood,1969,4,1969-09-22,9207,9,
Arrowwood ND,Arrowwood,1969,5,1969-09-29,23671,9,
Arrowwood ND,Arrowwood,1969,6,1969-10-06,31583,9,
Arrowwood ND,Arrowwood,1969,7,1969-10-13,26586,9,
Arrowwood ND,Arrowwood,1969,8,1969-10-20,2884,9,
Arrowwood ND,Arrowwood,1969,9,1969-10-27,2749,9,
Arrowwood ND,Arrowwood,1969,11,1969-11-10,1522,9,
Arrowwood ND,Arrowwood,1969,12,1969-11-17,101,9,
Arrowwood ND,Arrowwood,1969,13,1969-11-24,20,9,
Arrowwood ND,Arrowwood,1969,14,1969-12-01,730912,9,
Arrowwood ND,Arrowwood,1969,15,1969-12-08,69,9,
Arrowwood ND,Azr owwood,1970,1,1970-09-01,7357,10,
Arrowwood ND,Azr owwood,1970,2,1970-09-08,13857,10,
Arrowwood ND,Azr owwood,1970,3,1970-09-15,23892,10,
Arrowwood ND,Azr owwood,1970,4,1970-09-22,30920,10,
Arrowwood ND,Azr owwood,1970,5,1970-09-29,37273,10,
Arrowwood ND,Azr owwood,1970,6,1970-10-06,42452,10,
Arrowwood ND,Azr owwood,1970,7,1970-10-13,36130,10,
Arrowwood ND,Azr owwood,1970,8,1970-10-20,29401,10,
Arrowwood ND,Azr owwood,1970,9,1970-10-27,11851,10,
Arrowwood ND,Azr owwood,1970,10,1970-11-03,7600,10,
Arrowwood ND,Azr owwood,1970,11,1970-11-10,1323175,10,
Arrowwood ND,Arronood,1971,1,1971-09-01,11215,8,0.8926
Arrowwood ND,Arronood,1971,2,1971-09-08,3028,8,0.8926
Arrowwood ND,Arronood,1971,3,1971-09-15,7130,8,0.8926
Arrowwood ND,Arronood,1971,4,1971-09-22,21147,8,0.8926
Arrowwood ND,Arronood,1971,5,1971-09-29,16177,8,0.8926
Arrowwood ND,Arronood,1971,6,1971-10-06,39464,8,0.8926
Arrowwood ND,Arronood,1971,7,1971-10-13,18380,8,0.8926
Arrowwood ND,Arronood,1971,8,1971-10-20,18570,8,0.8926
Arrowwood ND,Arronood,1971,11,1971-11-10,37,8,0.8926
Arrowwood ND,Arronood,1971,12,1971-11-17,470,8,0.8926
Arrowwood ND,Arronood,1971,13,1971-11-24,2442,8,0.8926
Arrowwood ND,Arronood,1971,14,1971-12-01,2448,8,0.8926
Arrowwood ND,Arronood,1971,15,1971-12-08,1580,8,0.8926
Arrowwood ND,-32- 6. Computer Systems A Compag 286 co,1989,1,1989-09-01,24,6,
Arrowwood ND,-32- 6. Computer Systems A Compag 286 co,1989,2,1989-09-08,76,6,
Arrowwood ND,-32- 6. Computer Systems A Compag 286 co,1989,3,1989-09-15,108,6,
Arrowwood ND,-32- 6. Computer Systems A Compag 286 co,1989,4,1989-09-22,32,6,
Arrowwood ND,-32- 6. Computer Systems A Compag 286 co,1989,5,1989-09-29,59,6,
Arrowwood ND,-32- 6. Computer Systems A Compag 286 co,1989,6,1989-10-06,53,6,
Bear River UT,WA TERFONL Reiuge Bear River Refuge Mont,1947,1,1947-09-01,22,6,
Bear River UT,WA TERFONL Reiuge Bear River Refuge Mont,1947,2,1947-09-08,572040,6,
Bear River UT,WA TERFONL Reiuge Bear River Refuge Mont,1947,3,1947-09-15,164,6,
Bear River UT,WA TERFONL Reiuge Bear River Refuge Mont,1947,4,1947-09-22,7,6,
Bear River UT,WA TERFONL Reiuge Bear River Refuge Mont,1947,5,1947-09-29,86,6,
Bear River UT,WA TERFONL Reiuge Bear River Refuge Mont,1947,6,1947-10-06,686600,6,
Bear River UT,Base Itrer Bef Iitah,1953,1,1953-09-01,114000,8,0.7468
Bear River UT,Base Itrer Bef Iitah,1953,2,1953-09-08,169000,8,0.7468
Bear River UT,Base Itrer Bef Iitah,1953,3,1953-09-15,196008,8,0.7468
Bear River UT,Base Itrer Bef Iitah,1953,4,1953-09-22,222800,8,0.7468
Bear River UT,Base Itrer Bef Iitah,1953,5,1953-09-29,211300,8,0.7468
Bear River UT,Base Itrer Bef Iitah,1953,6,1953-10-06,193400,8,0.7468
Bear River UT,Base Itrer Bef Iitah,1953,7,1953-10-13,150600,8,0.7468
Bear River UT,Base Itrer Bef Iitah,1953,8,1953-10-20,127700,8,0.7468
Bear River UT,Base Itrer Bef Iitah,1953,11,1953-11-10,248900,8,0.7468
Bear River UT,Base Itrer Bef Iitah,1953,12,1953-11-17,252385,8,0.7468
Bear River UT,Base Itrer Bef Iitah,1953,13,1953-11-24,56132,8,0.7468
Bear River UT,Base Itrer Bef Iitah,1953,14,1953-12-01,358,8,0.7468
Bear River UT,"Bear River Refuge, Utah",1954,1,1954-09-01,282100,10,0.018
Bear River UT,"Bear River Refuge, Utah",1954,2,1954-09-08,315600,10,0.018
Bear River UT,"Bear River Refuge, Utah",1954,3,1954-09-15,366200,10,0.018
Bear River UT,"Bear River Refuge, Utah",1954,4,1954-09-22,371502,10,0.018
Bear River UT,"Bear River Refuge, Utah",1954,5,1954-09-29,364001,10,0.018
Bear River UT,"Bear River Refuge, Utah",1954,6,1954-10-06,435002,10,0.018
Bear River UT,"Bear River Refuge, Utah",1954,7,1954-10-13,388035,10,0.018
Bear River UT,"Bear River Refuge, Utah",1954,8,1954-10-20,263230,10,0.018
Bear River UT,"Bear River Refuge, Utah",1954,9,1954-10-27,220300,10,0.018
Bear River UT,"Bear River Refuge, Utah",1954,10,1954-11-03,176727,10,0.018
Bear River UT,"Bear River Refuge, Utah",1954,11,1954-11-10,121180,10,0.018
Bear River UT,"Bear River Refuge, Utah",1954,12,1954-11-17,140820,10,0.018
Bear River UT,"Bear River Refuge, Utah",1954,13,1954-11-24,49490,10,0.018
Bear River UT,"Bear River Refuge, Utah",1954,14,1954-12-01,355,10,0.018
Bear River UT,Beaz Biver Refuge,1955,1,1955-09-01,437510,9,0.1073
Bear River UT,Beaz Biver Refuge,1955,2,1955-09-08,391150,9,0.1073
Bear River UT,Beaz Biver Refuge,1955,3,1955-09-15,379300,9,0.1073
Bear River UT,Beaz Biver Refuge,1955,4,1955-09-22,518000,9,0.1073
Bear River UT,Beaz Biver Refuge,1955,5,1955-09-29,491500,9,0.1073
Bear River UT,Beaz Biver Refuge,1955,6,1955-10-06,470245,9,0.1073
Bear River UT,Beaz Biver Refuge,1955,7,1955-10-13,645550,9,0.1073
Bear River UT,Beaz Biver Refuge,1955,8,1955-10-20,356100,9,0.1073
Bear River UT,Beaz Biver Refuge,1955,9,1955-10-27,243015,9,0.1073
Bear River UT,Beaz Biver Refuge,1955,11,1955-11-10,264500,9,0.1073
Bear River UT,Beaz Biver Refuge,1955,12,1955-11-17,14800,9,0.1073
Bear River UT,Beaz Biver Refuge,1955,13,1955-11-24,19825,9,0.1073
Bear River UT,Beaz Biver Refuge,1955,14,1955-12-01,29860,9,0.1073
Bear River UT,Beaz Biver Refuge,1955,15,1955-12-08,27470,9,0.1073
Bear River UT,"leaz Blver lefuge, Viah",1956,1,1956-09-01,558250,9,0.1091
Bear River UT,"leaz Blver lefuge, Viah",1956,2,1956-09-08,529050,9,0.1091
Bear River UT,"leaz Blver lefuge, Viah",1956,3,1956-09-15,670000,9,0.1091
Bear River UT,"leaz Blver lefuge, Viah",1956,4,1956-09-22,645000,9,0.1091
Bear River UT,"leaz Blver lefuge, Viah",1956,5,1956-09-29,611000,9,0.1091
Bear River UT,"leaz Blver lefuge, Viah",1956,6,1956-10-06,593000,9,0.1091
Bear River UT,"leaz Blver lefuge, Viah",1956,7,1956-10-13,996200,9,0.1091
Bear River UT,"leaz Blver lefuge, Viah",1956,8,1956-10-20,218835,9,0.1091
Bear River UT,"leaz Blver lefuge, Viah",1956,9,1956-10-27,95440,9,0.1091
Bear River UT,"leaz Blver lefuge, Viah",1956,11,1956-11-10,153800,9,0.1091
Bear River UT,"leaz Blver lefuge, Viah",1956,12,1956-11-17,11095,9,0.1091
Bear River UT,"leaz Blver lefuge, Viah",1956,13,1956-11-24,9560,9,0.1091
Bear River UT,"leaz Blver lefuge, Viah",1956,14,1956-12-01,15155,9,0.1091
Bear River UT,"leaz Blver lefuge, Viah",1956,15,1956-12-08,3183,9,0.1091
Bear River UT,"leaz Blver lefuge, Viah",1956,16,1956-12-15,11385,9,0.1091
Bear River UT,LRAT,1957,1,1957-09-01,178500,10,0.9858
Bear River UT,LRAT,1957,2,1957-09-08,230550,10,0.9858
Bear River UT,LRAT,1957,3,1957-09-15,312000,10,0.9858
Bear River UT,LRAT,1957,4,1957-09-22,239000,10,0.9858
Bear River UT,LRAT,1957,5,1957-09-29,254500,10,0.9858
Bear River UT,LRAT,1957,6,1957-10-06,249000,10,0.9858
Bear River UT,LRAT,1957,7,1957-10-13,209800,10,0.9858
Bear River UT,LRAT,1957,8,1957-10-20,162120,10,0.9858
Bear River UT,LRAT,1957,9,1957-10-27,136400,10,0.9858
Bear River UT,LRAT,1957,10,1957-11-03,69800,10,0.9858
Bear River UT,LRAT,1957,11,1957-11-10,261625,10,0.9858
Bear River UT,LRAT,1957,12,1957-11-17,35165,10,0.9858
Bear River UT,LRAT,1957,13,1957-11-24,20835,10,0.9858
Bear River UT,LRAT,1957,14,1957-12-01,13235,10,0.9858
Bear River UT,LRAT,1957,15,1957-12-08,20750,10,0.9858
Bear River UT,LRAT,1957,16,1957-12-15,28950,10,0.9858
Bear River UT,LRAT,1957,17,1957-12-22,30140,10,0.9858
Bear River UT,", Utah September December 58 REFUGE",1958,1,1958-09-01,435475,10,0.0027
Bear River UT,", Utah September December 58 REFUGE",1958,2,1958-09-08,511990,10,0.0027
Bear River UT,", Utah September December 58 REFUGE",1958,3,1958-09-15,618650,10,0.0027
Bear River UT,", Utah September December 58 REFUGE",1958,4,1958-09-22,558175,10,0.0027
Bear River UT,", Utah September December 58 REFUGE",1958,5,1958-09-29,639151,10,0.0027
Bear River UT,", Utah September December 58 REFUGE",1958,6,1958-10-06,498500,10,0.0027
Bear River UT,", Utah September December 58 REFUGE",1958,7,1958-10-13,619150,10,0.0027
Bear River UT,", Utah September December 58 REFUGE",1958,8,1958-10-20,510200,10,0.0027
Bear River UT,", Utah September December 58 REFUGE",1958,9,1958-10-27,428800,10,0.0027
Bear River UT,", Utah September December 58 REFUGE",1958,10,1958-11-03,361875,10,0.0027
Bear River UT,", Utah September December 58 REFUGE",1958,11,1958-11-10,90270,10,0.0027
Bear River UT,", Utah September December 58 REFUGE",1958,12,1958-11-17,61123,10,0.0027
Bear River UT,", Utah September December 58 REFUGE",1958,13,1958-11-24,31976,10,0.0027
Bear River UT,", Utah September December 58 REFUGE",1958,14,1958-12-01,18565,10,0.0027
Bear River UT,", Utah September December 58 REFUGE",1958,15,1958-12-08,9370,10,0.0027
Bear River UT,", Utah September December 58 REFUGE",1958,16,1958-12-15,4738,10,0.0027
Bear River UT,", Utah September December 58 REFUGE",1958,17,1958-12-22,2095,10,0.0027
Bear River UT,"Bear River Migratory Bird Refuge, UTAH",1959,1,1959-09-01,109715,10,0.0892
Bear River UT,"Bear River Migratory Bird Refuge, UTAH",1959,2,1959-09-08,86340,10,0.0892
Bear River UT,"Bear River Migratory Bird Refuge, UTAH",1959,3,1959-09-15,81415,10,0.0892
Bear River UT,"Bear River Migratory Bird Refuge, UTAH",1959,4,1959-09-22,119400,10,0.0892
Bear River UT,"Bear River Migratory Bird Refuge, UTAH",1959,5,1959-09-29,162055,10,0.0892
Bear River UT,"Bear River Migratory Bird Refuge, UTAH",1959,6,1959-10-06,169290,10,0.0892
Bear River UT,"Bear River Migratory Bird Refuge, UTAH",1959,7,1959-10-13,159685,10,0.0892
Bear River UT,"Bear River Migratory Bird Refuge, UTAH",1959,8,1959-10-20,130150,10,0.0892
Bear River UT,"Bear River Migratory Bird Refuge, UTAH",1959,9,1959-10-27,113635,10,0.0892
Bear River UT,"Bear River Migratory Bird Refuge, UTAH",1959,10,1959-11-03,70870,10,0.0892
Bear River UT,"Bear River Migratory Bird Refuge, UTAH",1959,11,1959-11-10,30800,10,0.0892
Bear River UT,"Bear River Migratory Bird Refuge, UTAH",1959,12,1959-11-17,33620,10,0.0892
Bear River UT,"Bear River Migratory Bird Refuge, UTAH",1959,13,1959-11-24,10702,10,0.0892
Bear River UT,"Bear River Migratory Bird Refuge, UTAH",1959,14,1959-12-01,4810,10,0.0892
Bear River UT,"Bear River Migratory Bird Refuge, UTAH",1959,15,1959-12-08,5570,10,0.0892
Bear River UT,"Bear River Migratory Bird Refuge, UTAH",1959,16,1959-12-15,2310,10,0.0892
Bear River UT,"Bear River Migratory Bird Refuge, UTAH",1959,17,1959-12-22,2091,10,0.0892
Bear River UT,Bear River Migratory Bird Refuge,1960,1,1960-09-01,258300,10,0.0004
Bear River UT,Bear River Migratory Bird Refuge,1960,2,1960-09-08,255550,10,0.0004
Bear River UT,Bear River Migratory Bird Refuge,1960,3,1960-09-15,301200,10,0.0004
Bear River UT,Bear River Migratory Bird Refuge,1960,4,1960-09-22,134190,10,0.0004
Bear River UT,Bear River Migratory Bird Refuge,1960,5,1960-09-29,114615,10,0.0004
Bear River UT,Bear River Migratory Bird Refuge,1960,6,1960-10-06,121350,10,0.0004
Bear River UT,Bear River Migratory Bird Refuge,1960,7,1960-10-13,166570,10,0.0004
Bear River UT,Bear River Migratory Bird Refuge,1960,8,1960-10-20,284445,10,0.0004
Bear River UT,Bear River Migratory Bird Refuge,1960,9,1960-10-27,191745,10,0.0004
Bear River UT,Bear River Migratory Bird Refuge,1960,10,1960-11-03,330050,10,0.0004
Bear River UT,Bear River Migratory Bird Refuge,1960,11,1960-11-10,151100,10,0.0004
Bear River UT,Bear River Migratory Bird Refuge,1960,12,1960-11-17,134595,10,0.0004
Bear River UT,Bear River Migratory Bird Refuge,1960,13,1960-11-24,17550,10,0.0004
Bear River UT,Bear River Migratory Bird Refuge,1960,14,1960-12-01,8897,10,0.0004
Bear River UT,Bear River Migratory Bird Refuge,1960,15,1960-12-08,9287,10,0.0004
Bear River UT,Bear River Migratory Bird Refuge,1960,16,1960-12-15,3355,10,0.0004
Bear River UT,Bear River Migratory Bird Refuge,1961,1,1961-09-01,19368,10,
Bear River UT,Bear River Migratory Bird Refuge,1961,2,1961-09-08,17902,10,
Bear River UT,Bear River Migratory Bird Refuge,1961,3,1961-09-15,16659,10,
Bear River UT,Bear River Migratory Bird Refuge,1961,4,1961-09-22,15835,10,
Bear River UT,Bear River Migratory Bird Refuge,1961,5,1961-09-29,15835,10,
Bear River UT,Bear River Migratory Bird Refuge,1961,6,1961-10-06,22090,10,
Bear River UT,Bear River Migratory Bird Refuge,1961,7,1961-10-13,45528,10,
Bear River UT,Bear River Migratory Bird Refuge,1961,8,1961-10-20,57205,10,
Bear River UT,Bear River Migratory Bird Refuge,1961,9,1961-10-27,77676,10,
Bear River UT,Bear River Migratory Bird Refuge,1961,10,1961-11-03,87950,10,
Bear River UT,Bear River Migratory Bird Refuge,1961,11,1961-11-10,50515,10,
Bear River UT,Bear River Migratory Bird Refuge,1961,12,1961-11-17,51000,10,
Bear River UT,Bear River Migratory Bird Refuge,1961,13,1961-11-24,34875,10,
Bear River UT,Bear River Migratory Bird Refuge,1961,14,1961-12-01,14325,10,
Bear River UT,Bear River Migratory Bird Refuge,1961,15,1961-12-08,111535,10,
Bear River UT,Bear River Migratory Bird Refuge,1961,16,1961-12-15,112785,10,
Bear River UT,Bear River Migratory Bird Refuge,1961,17,1961-12-22,157170,10,
Bear River UT,Bear River Migratory Bird Refuge,1961,18,1961-12-29,162050,10,
Bear River UT,Bear River Migratory Bird Refuge,1961,19,1962-01-05,3585360,10,
Bear River UT,Bear River Migratory Bird Refuge,1961,20,1962-01-12,6102,10,
Bear River UT,Bear River Migratory Bird Refuge,1961,21,1962-01-19,34379,10,
Bear River UT,BearRiver Migratory Bird Refuge,1962,1,1962-09-01,179990,10,0.01
Bear River UT,BearRiver Migratory Bird Refuge,1962,2,1962-09-08,170950,10,0.01
Bear River UT,BearRiver Migratory Bird Refuge,1962,3,1962-09-15,170950,10,0.01
Bear River UT,BearRiver Migratory Bird Refuge,1962,4,1962-09-22,176250,10,0.01
Bear River UT,BearRiver Migratory Bird Refuge,1962,5,1962-09-29,200030,10,0.01
Bear River UT,BearRiver Migratory Bird Refuge,1962,6,1962-10-06,128725,10,0.01
Bear River UT,BearRiver Migratory Bird Refuge,1962,7,1962-10-13,127075,10,0.01
Bear River UT,BearRiver Migratory Bird Refuge,1962,8,1962-10-20,214650,10,0.01
Bear River UT,BearRiver Migratory Bird Refuge,1962,9,1962-10-27,203305,10,0.01
Bear River UT,BearRiver Migratory Bird Refuge,1962,10,1962-11-03,152325,10,0.01
Bear River UT,BearRiver Migratory Bird Refuge,1962,11,1962-11-10,116800,10,0.01
Bear River UT,BearRiver Migratory Bird Refuge,1962,12,1962-11-17,115045,10,0.01
Bear River UT,BearRiver Migratory Bird Refuge,1962,13,1962-11-24,60830,10,0.01
Bear River UT,BearRiver Migratory Bird Refuge,1962,14,1962-12-01,103510,10,0.01
Bear River UT,BearRiver Migratory Bird Refuge,1962,15,1962-12-08,103180,10,0.01
Bear River UT,BearRiver Migratory Bird Refuge,1962,16,1962-12-15,78520,10,0.01
Bear River UT,BearRiver Migratory Bird Refuge,1962,17,1962-12-22,140,10,0.01
Bear River UT,Bear River Migratory Bird Refuge,1963,1,1963-09-01,207515,10,0.0
Bear River UT,Bear River Migratory Bird Refuge,1963,2,1963-09-08,173975,10,0.0
Bear River UT,Bear River Migratory Bird Refuge,1963,3,1963-09-15,118695,10,0.0
Bear River UT,Bear River Migratory Bird Refuge,1963,4,1963-09-22,249930,10,0.0
Bear River UT,Bear River Migratory Bird Refuge,1963,5,1963-09-29,266650,10,0.0
Bear River UT,Bear River Migratory Bird Refuge,1963,6,1963-10-06,293275,10,0.0
Bear River UT,Bear River Migratory Bird Refuge,1963,7,1963-10-13,259880,10,0.0
Bear River UT,Bear River Migratory Bird Refuge,1963,8,1963-10-20,281883,10,0.0
Bear River UT,Bear River Migratory Bird Refuge,1963,9,1963-10-27,230245,10,0.0
Bear River UT,Bear River Migratory Bird Refuge,1963,10,1963-11-03,189620,10,0.0
Bear River UT,Bear River Migratory Bird Refuge,1963,11,1963-11-10,136825,10,0.0
Bear River UT,Bear River Migratory Bird Refuge,1963,12,1963-11-17,121535,10,0.0
Bear River UT,Bear River Migratory Bird Refuge,1963,13,1963-11-24,65484,10,0.0
Bear River UT,Bear River Migratory Bird Refuge,1963,14,1963-12-01,63780,10,0.0
Bear River UT,Bear River Migratory Bird Refuge,1963,15,1963-12-08,12698,10,0.0
Bear River UT,Bear River Migratory Bird Refuge,1963,16,1963-12-15,6031,10,0.0
Bear River UT,Bear River Migratory Bird Refuge,1963,17,1963-12-22,1728,10,0.0
Bear River UT,Bear River Migratory Bird Refuge,1963,18,1963-12-29,1378,10,0.0
Bear River UT,Bear River Migratory Bird Refuge,1964,1,1964-09-01,143370,10,0.0013
Bear River UT,Bear River Migratory Bird Refuge,1964,2,1964-09-08,261175,10,0.0013
Bear River UT,Bear River Migratory Bird Refuge,1964,3,1964-09-15,96100,10,0.0013
Bear River UT,Bear River Migratory Bird Refuge,1964,4,1964-09-22,105060,10,0.0013
Bear River UT,Bear River Migratory Bird Refuge,1964,5,1964-09-29,114100,10,0.0013
Bear River UT,Bear River Migratory Bird Refuge,1964,6,1964-10-06,266810,10,0.0013
Bear River UT,Bear River Migratory Bird Refuge,1964,7,1964-10-13,171565,10,0.0013
Bear River UT,Bear River Migratory Bird Refuge,1964,8,1964-10-20,220985,10,0.0013
Bear River UT,Bear River Migratory Bird Refuge,1964,9,1964-10-27,201985,10,0.0013
Bear River UT,Bear River Migratory Bird Refuge,1964,10,1964-11-03,201900,10,0.0013
Bear River UT,Bear River Migratory Bird Refuge,1964,11,1964-11-10,34820,10,0.0013
Bear River UT,Bear River Migratory Bird Refuge,1964,12,1964-11-17,24430,10,0.0013
Bear River UT,Bear River Migratory Bird Refuge,1964,13,1964-11-24,22675,10,0.0013
Bear River UT,Bear River Migratory Bird Refuge,1964,14,1964-12-01,10700,10,0.0013
Bear River UT,Bear River Migratory Bird Refuge,1964,15,1964-12-08,1050,10,0.0013
Bear River UT,Bear River Migratory Bird Refuge,1964,16,1964-12-15,35,10,0.0013
Bear River UT,Bear River Migratory Bird Refuge,1964,17,1964-12-22,72,10,0.0013
Bear River UT,Bear River Migratory Bird Refuge,1965,1,1965-09-01,200600,10,0.0299
Bear River UT,Bear River Migratory Bird Refuge,1965,2,1965-09-08,135400,10,0.0299
Bear River UT,Bear River Migratory Bird Refuge,1965,3,1965-09-15,69200,10,0.0299
Bear River UT,Bear River Migratory Bird Refuge,1965,4,1965-09-22,168900,10,0.0299
Bear River UT,Bear River Migratory Bird Refuge,1965,5,1965-09-29,249900,10,0.0299
Bear River UT,Bear River Migratory Bird Refuge,1965,6,1965-10-06,154600,10,0.0299
Bear River UT,Bear River Migratory Bird Refuge,1965,7,1965-10-13,283511,10,0.0299
Bear River UT,Bear River Migratory Bird Refuge,1965,8,1965-10-20,232625,10,0.0299
Bear River UT,Bear River Migratory Bird Refuge,1965,9,1965-10-27,145800,10,0.0299
Bear River UT,Bear River Migratory Bird Refuge,1965,10,1965-11-03,268225,10,0.0299
Bear River UT,Bear River Migratory Bird Refuge,1965,11,1965-11-10,44800,10,0.0299
Bear River UT,Bear River Migratory Bird Refuge,1965,12,1965-11-17,54955,10,0.0299
Bear River UT,Bear River Migratory Bird Refuge,1965,13,1965-11-24,78790,10,0.0299
Bear River UT,Bear River Migratory Bird Refuge,1965,14,1965-12-01,73638,10,0.0299
Bear River UT,Bear River Migratory Bird Refuge,1965,15,1965-12-08,29405,10,0.0299
Bear River UT,Bear River Migratory Bird Refuge,1965,16,1965-12-15,27720,10,0.0299
Bear River UT,Bear River Migratory Bird Refuge,1965,17,1965-12-22,5015,10,0.0299
Bear River UT,Bear River Migratory Bird Refuge,1965,18,1965-12-29,4416,10,0.0299
Bear River UT,Bear Rizer Migratory Bird Refuge,1966,1,1966-09-01,27601,10,0.0052
Bear River UT,Bear Rizer Migratory Bird Refuge,1966,2,1966-09-08,27652,10,0.0052
Bear River UT,Bear Rizer Migratory Bird Refuge,1966,3,1966-09-15,15503,10,0.0052
Bear River UT,Bear Rizer Migratory Bird Refuge,1966,4,1966-09-22,22552,10,0.0052
Bear River UT,Bear Rizer Migratory Bird Refuge,1966,5,1966-09-29,21497,10,0.0052
Bear River UT,Bear Rizer Migratory Bird Refuge,1966,6,1966-10-06,31000,10,0.0052
Bear River UT,Bear Rizer Migratory Bird Refuge,1966,7,1966-10-13,28249,10,0.0052
Bear River UT,Bear Rizer Migratory Bird Refuge,1966,8,1966-10-20,41240,10,0.0052
Bear River UT,Bear Rizer Migratory Bird Refuge,1966,9,1966-10-27,32283,10,0.0052
Bear River UT,Bear Rizer Migratory Bird Refuge,1966,10,1966-11-03,27440,10,0.0052
Bear River UT,Bear Rizer Migratory Bird Refuge,1966,11,1966-11-10,77765,10,0.0052
Bear River UT,Bear Rizer Migratory Bird Refuge,1966,12,1966-11-17,67011,10,0.0052
Bear River UT,Bear Rizer Migratory Bird Refuge,1966,13,1966-11-24,42680,10,0.0052
Bear River UT,Bear Rizer Migratory Bird Refuge,1966,14,1966-12-01,23057,10,0.0052
Bear River UT,Bear Rizer Migratory Bird Refuge,1966,15,1966-12-08,20407,10,0.0052
Bear River UT,Bear Rizer Migratory Bird Refuge,1966,16,1966-12-15,1004,10,0.0052
Bear River UT,Bear Rizer Migratory Bird Refuge,1966,17,1966-12-22,149,10,0.0052
Bear River UT,Bear River,1967,1,1967-09-01,306650,10,0.0647
Bear River UT,Bear River,1967,2,1967-09-08,280500,10,0.0647
Bear River UT,Bear River,1967,3,1967-09-15,278000,10,0.0647
Bear River UT,Bear River,1967,4,1967-09-22,356200,10,0.0647
Bear River UT,Bear River,1967,5,1967-09-29,251700,10,0.0647
Bear River UT,Bear River,1967,6,1967-10-06,256200,10,0.0647
Bear River UT,Bear River,1967,7,1967-10-13,362150,10,0.0647
Bear River UT,Bear River,1967,8,1967-10-20,227150,10,0.0647
Bear River UT,Bear River,1967,9,1967-10-27,183075,10,0.0647
Bear River UT,Bear River,1967,10,1967-11-03,139500,10,0.0647
Bear River UT,Bear River,1967,11,1967-11-10,236970,10,0.0647
Bear River UT,Bear River,1967,12,1967-11-17,136100,10,0.0647
Bear River UT,Bear River,1967,13,1967-11-24,56800,10,0.0647
Bear River UT,Bear River,1967,14,1967-12-01,42355,10,0.0647
Bear River UT,Bear River,1967,15,1967-12-08,12160,10,0.0647
Bear River UT,Bear River,1967,16,1967-12-15,569,10,0.0647
Bear River UT,Bear River,1967,17,1967-12-22,451,10,0.0647
Bear River UT,Bear River,1969,1,1969-09-01,49450,10,
Bear River UT,Bear River,1969,2,1969-09-08,65500,10,
Bear River UT,Bear River,1969,3,1969-09-15,62700,10,
Bear River UT,Bear River,1969,4,1969-09-22,42000,10,
Bear River UT,Bear River,1969,5,1969-09-29,22744,10,
Bear River UT,Bear River,1969,6,1969-10-06,35000,10,
Bear River UT,Bear River,1969,7,1969-10-13,49351,10,
Bear River UT,Bear River,1969,8,1969-10-20,101000,10,
Bear River UT,Bear River,1969,9,1969-10-27,159973,10,
Bear River UT,Bear River,1969,10,1969-11-03,1039000,10,
Bear River UT,Bear Iiver,1970,1,1970-09-01,34990,10,
Bear River UT,Bear Iiver,1970,2,1970-09-08,18500,10,
Bear River UT,Bear Iiver,1970,3,1970-09-15,21030,10,
Bear River UT,Bear Iiver,1970,4,1970-09-22,29347,10,
Bear River UT,Bear Iiver,1970,5,1970-09-29,9250,10,
Bear River UT,Bear Iiver,1970,6,1970-10-06,38030,10,
Bear River UT,Bear Iiver,1970,7,1970-10-13,106000,10,
Bear River UT,Bear Iiver,1970,8,1970-10-20,174500,10,
Bear River UT,Bear Iiver,1970,9,1970-10-27,195950,10,
Bear River UT,Bear Iiver,1970,10,1970-11-03,192780,10,
Bear River UT,Bear Iiver,1970,11,1970-11-10,247046,10,
Bear River UT,Bear Iiver,1970,12,1970-11-17,129450,10,
Bear River UT,Bear Iiver,1970,13,1970-11-24,44360,10,
Bear River UT,Bear Iiver,1970,14,1970-12-01,67520,10,
Bear River UT,Bear Iiver,1970,15,1970-12-08,6875,10,
Bear River UT,Bear Iiver,1970,16,1970-12-15,2324,10,
Bear River UT,Bear Iiver,1970,17,1970-12-22,1100,10,
Bear River UT,Bear Iiver,1970,18,1970-12-29,150,10,
Bear River UT,Bear River,1971,1,1971-09-01,78486,10,0.0735
Bear River UT,Bear River,1971,2,1971-09-08,6450,10,0.0735
Bear River UT,Bear River,1971,3,1971-09-15,92392,10,0.0735
Bear River UT,Bear River,1971,4,1971-09-22,113500,10,0.0735
Bear River UT,Bear River,1971,5,1971-09-29,103831,10,0.0735
Bear River UT,Bear River,1971,6,1971-10-06,118692,10,0.0735
Bear River UT,Bear River,1971,7,1971-10-13,133462,10,0.0735
Bear River UT,Bear River,1971,8,1971-10-20,107316,10,0.0735
Bear River UT,Bear River,1971,9,1971-10-27,22697,10,0.0735
Bear River UT,Bear River,1971,10,1971-11-03,23658,10,0.0735
Bear River UT,Bear River,1971,11,1971-11-10,23792,10,0.0735
Bear River UT,Bear River,1971,12,1971-11-17,27061,10,0.0735
Bear River UT,Bear River,1971,13,1971-11-24,37205,10,0.0735
Bear River UT,Bear River,1971,14,1971-12-01,10184,10,0.0735
Bear River UT,Bear River,1971,15,1971-12-08,794,10,0.0735
Bear River UT,Bear River,1971,16,1971-12-15,163,10,0.0735
Bear River UT,Bear River,1971,17,1971-12-22,107,10,0.0735
Bear River UT,Bear River,1971,18,1971-12-29,103,10,0.0735
Bitter Lake,Bitter Lake N.. Refuge,1953,1,1953-09-01,168,12,
Bitter Lake,Bitter Lake N.. Refuge,1953,2,1953-09-08,525,12,
Bitter Lake,Bitter Lake N.. Refuge,1953,3,1953-09-15,709,12,
Bitter Lake,Bitter Lake N.. Refuge,1953,4,1953-09-22,227,12,
Bitter Lake,Bitter Lake N.. Refuge,1953,5,1953-09-29,2512,12,
Bitter Lake,Bitter Lake N.. Refuge,1953,6,1953-10-06,1275,12,
Bitter Lake,Bitter Lake N.. Refuge,1953,7,1953-10-13,1462,12,
Bitter Lake,Bitter Lake N.. Refuge,1953,8,1953-10-20,6058,12,
Bitter Lake,Bitter Lake N.. Refuge,1953,9,1953-10-27,9457,12,
Bitter Lake,Bitter Lake N.. Refuge,1953,10,1953-11-03,11147,12,
Bitter Lake,Bitter Lake N.. Refuge,1953,11,1953-11-10,6516,12,
Bitter Lake,Bitter Lake N.. Refuge,1953,12,1953-11-17,1344714017,12,
Bitter Lake,Bitter Lake N.W. Refuge,1954,1,1954-09-01,381,10,
Bitter Lake,Bitter Lake N.W. Refuge,1954,2,1954-09-08,421,10,
Bitter Lake,Bitter Lake N.W. Refuge,1954,3,1954-09-15,415,10,
Bitter Lake,Bitter Lake N.W. Refuge,1954,4,1954-09-22,858,10,
Bitter Lake,Bitter Lake N.W. Refuge,1954,5,1954-09-29,1883,10,
Bitter Lake,Bitter Lake N.W. Refuge,1954,6,1954-10-06,1611,10,
Bitter Lake,Bitter Lake N.W. Refuge,1954,7,1954-10-13,5751,10,
Bitter Lake,Bitter Lake N.W. Refuge,1954,8,1954-10-20,5704,10,
Bitter Lake,Bitter Lake N.W. Refuge,1954,9,1954-10-27,12230,10,
Bitter Lake,Bitter Lake N.W. Refuge,1954,10,1954-11-03,4418,10,
Bitter Lake,Bitter Lake N.W. Refuge,1954,11,1954-11-10,4051,10,
Bitter Lake,Bitter Lake N.W. Refuge,1954,12,1954-11-17,8247,10,
Bitter Lake,Bitter Lake N.W. Refuge,1954,13,1954-11-24,4104,10,
Bitter Lake,Bitter Lake N.W. Refuge,1954,14,1954-12-01,9165,10,
Bitter Lake,Bitter Lake N.W. Refuge,1954,15,1954-12-08,11030,10,
Bitter Lake,Bitter Lake N.W. Refuge,1954,16,1954-12-15,16039,10,
Bitter Lake,Bitter Lake N.W. Refuge,1954,17,1954-12-22,14310,10,
Bitter Lake,Bitter Lake N.W. Refuge,1954,18,1954-12-29,24792,10,
Bitter Lake,Bitter Lake N.W. Refuge,1954,19,1955-01-05,935167,10,
Bitter Lake,Bitter Lake N.W. Refuge,1954,20,1955-01-12,25,10,
Bitter Lake,Bitter Lake Nat'1 I/L Refuze,1955,1,1955-09-01,108,10,0.2684
Bitter Lake,Bitter Lake Nat'1 I/L Refuze,1955,2,1955-09-08,246,10,0.2684
Bitter Lake,Bitter Lake Nat'1 I/L Refuze,1955,3,1955-09-15,351,10,0.2684
Bitter Lake,Bitter Lake Nat'1 I/L Refuze,1955,4,1955-09-22,652,10,0.2684
Bitter Lake,Bitter Lake Nat'1 I/L Refuze,1955,5,1955-09-29,1512,10,0.2684
Bitter Lake,Bitter Lake Nat'1 I/L Refuze,1955,6,1955-10-06,2319,10,0.2684
Bitter Lake,Bitter Lake Nat'1 I/L Refuze,1955,7,1955-10-13,5879,10,0.2684
Bitter Lake,Bitter Lake Nat'1 I/L Refuze,1955,8,1955-10-20,7870,10,0.2684
Bitter Lake,Bitter Lake Nat'1 I/L Refuze,1955,9,1955-10-27,7895,10,0.2684
Bitter Lake,Bitter Lake Nat'1 I/L Refuze,1955,10,1955-11-03,13631,10,0.2684
Bitter Lake,Bitter Lake Nat'1 I/L Refuze,1955,11,1955-11-10,10034,10,0.2684
Bitter Lake,Bitter Lake Nat'1 I/L Refuze,1955,12,1955-11-17,15103,10,0.2684
Bitter Lake,Bitter Lake Nat'1 I/L Refuze,1955,13,1955-11-24,24186,10,0.2684
Bitter Lake,Bitter Lake Nat'1 I/L Refuze,1955,14,1955-12-01,40277,10,0.2684
Bitter Lake,Bitter Lake Nat'1 I/L Refuze,1955,15,1955-12-08,69893,10,0.2684
Bitter Lake,Bitter Lake Nat'1 I/L Refuze,1955,16,1955-12-15,28351,10,0.2684
Bitter Lake,Bitter Lake Nat'1 I/L Refuze,1955,17,1955-12-22,23426,10,0.2684
Bitter Lake,Bitter Lake Nat'1 I/L Refuze,1955,18,1955-12-29,51097,10,0.2684
Bitter Lake,Bitter Lake Refuge,1956,1,1956-09-01,1550,10,0.1503
Bitter Lake,Bitter Lake Refuge,1956,2,1956-09-08,695,10,0.1503
Bitter Lake,Bitter Lake Refuge,1956,3,1956-09-15,1835,10,0.1503
Bitter Lake,Bitter Lake Refuge,1956,4,1956-09-22,1845,10,0.1503
Bitter Lake,Bitter Lake Refuge,1956,5,1956-09-29,1780,10,0.1503
Bitter Lake,Bitter Lake Refuge,1956,6,1956-10-06,4400,10,0.1503
Bitter Lake,Bitter Lake Refuge,1956,7,1956-10-13,6350,10,0.1503
Bitter Lake,Bitter Lake Refuge,1956,8,1956-10-20,5762,10,0.1503
Bitter Lake,Bitter Lake Refuge,1956,9,1956-10-27,9488,10,0.1503
Bitter Lake,Bitter Lake Refuge,1956,10,1956-11-03,6489,10,0.1503
Bitter Lake,Bitter Lake Refuge,1956,11,1956-11-10,7986,10,0.1503
Bitter Lake,Bitter Lake Refuge,1956,12,1956-11-17,12782,10,0.1503
Bitter Lake,Bitter Lake Refuge,1956,13,1956-11-24,15458,10,0.1503
Bitter Lake,Bitter Lake Refuge,1956,14,1956-12-01,24920,10,0.1503
Bitter Lake,Bitter Lake Refuge,1956,15,1956-12-08,28814,10,0.1503
Bitter Lake,Bitter Lake Refuge,1956,16,1956-12-15,28688,10,0.1503
Bitter Lake,Bitter Lake Refuge,1956,17,1956-12-22,63743,10,0.1503
Bitter Lake,Bitter Lake Refuge,1956,18,1956-12-29,105334,10,0.1503
Bitter Lake,Bltter Lake National W1ld11fe Refuge,1957,1,1957-09-01,472,10,0.0992
Bitter Lake,Bltter Lake National W1ld11fe Refuge,1957,2,1957-09-08,724,10,0.0992
Bitter Lake,Bltter Lake National W1ld11fe Refuge,1957,3,1957-09-15,1910,10,0.0992
Bitter Lake,Bltter Lake National W1ld11fe Refuge,1957,4,1957-09-22,1933,10,0.0992
Bitter Lake,Bltter Lake National W1ld11fe Refuge,1957,5,1957-09-29,2063,10,0.0992
Bitter Lake,Bltter Lake National W1ld11fe Refuge,1957,6,1957-10-06,5987,10,0.0992
Bitter Lake,Bltter Lake National W1ld11fe Refuge,1957,7,1957-10-13,5038,10,0.0992
Bitter Lake,Bltter Lake National W1ld11fe Refuge,1957,8,1957-10-20,8137,10,0.0992
Bitter Lake,Bltter Lake National W1ld11fe Refuge,1957,9,1957-10-27,10746,10,0.0992
Bitter Lake,Bltter Lake National W1ld11fe Refuge,1957,10,1957-11-03,12770,10,0.0992
Bitter Lake,Bltter Lake National W1ld11fe Refuge,1957,11,1957-11-10,18266,10,0.0992
Bitter Lake,Bltter Lake National W1ld11fe Refuge,1957,12,1957-11-17,15202,10,0.0992
Bitter Lake,Bltter Lake National W1ld11fe Refuge,1957,13,1957-11-24,28081,10,0.0992
Bitter Lake,Bltter Lake National W1ld11fe Refuge,1957,14,1957-12-01,33659,10,0.0992
Bitter Lake,Bltter Lake National W1ld11fe Refuge,1957,15,1957-12-08,35407,10,0.0992
Bitter Lake,Bltter Lake National W1ld11fe Refuge,1957,16,1957-12-15,35291,10,0.0992
Bitter Lake,Bltter Lake National W1ld11fe Refuge,1957,17,1957-12-22,48599,10,0.0992
Bitter Lake,Bltter Lake National W1ld11fe Refuge,1957,18,1957-12-29,62741,10,0.0992
Bitter Lake,Bitter Lake National Wildlife Refuge,1958,1,1958-09-01,860,10,0.1428
Bitter Lake,Bitter Lake National Wildlife Refuge,1958,2,1958-09-08,1123,10,0.1428
Bitter Lake,Bitter Lake National Wildlife Refuge,1958,3,1958-09-15,1471,10,0.1428
Bitter Lake,Bitter Lake National Wildlife Refuge,1958,4,1958-09-22,1570,10,0.1428
Bitter Lake,Bitter Lake National Wildlife Refuge,1958,5,1958-09-29,4166,10,0.1428
Bitter Lake,Bitter Lake National Wildlife Refuge,1958,6,1958-10-06,4474,10,0.1428
Bitter Lake,Bitter Lake National Wildlife Refuge,1958,7,1958-10-13,4780,10,0.1428
Bitter Lake,Bitter Lake National Wildlife Refuge,1958,8,1958-10-20,6486,10,0.1428
Bitter Lake,Bitter Lake National Wildlife Refuge,1958,9,1958-10-27,6995,10,0.1428
Bitter Lake,Bitter Lake National Wildlife Refuge,1958,10,1958-11-03,1842,10,0.1428
Bitter Lake,Bitter Lake National Wildlife Refuge,1958,11,1958-11-10,9874,10,0.1428
Bitter Lake,Bitter Lake National Wildlife Refuge,1958,12,1958-11-17,14907,10,0.1428
Bitter Lake,Bitter Lake National Wildlife Refuge,1958,13,1958-11-24,22165,10,0.1428
Bitter Lake,Bitter Lake National Wildlife Refuge,1958,14,1958-12-01,28188,10,0.1428
Bitter Lake,Bitter Lake National Wildlife Refuge,1958,15,1958-12-08,27858,10,0.1428
Bitter Lake,Bitter Lake National Wildlife Refuge,1958,16,1958-12-15,30537,10,0.1428
Bitter Lake,Bitter Lake National Wildlife Refuge,1958,17,1958-12-22,28332,10,0.1428
Bitter Lake,Bitter Lake National Wildlife Refuge,1958,18,1958-12-29,50374,10,0.1428
Bitter Lake,BITTER LAKE NATIONAL WILDLIFE REFUGE,1959,1,1959-09-01,346,10,
Bitter Lake,BITTER LAKE NATIONAL WILDLIFE REFUGE,1959,2,1959-09-08,841,10,
Bitter Lake,BITTER LAKE NATIONAL WILDLIFE REFUGE,1959,3,1959-09-15,1494,10,
Bitter Lake,BITTER LAKE NATIONAL WILDLIFE REFUGE,1959,4,1959-09-22,2474,10,
Bitter Lake,BITTER LAKE NATIONAL WILDLIFE REFUGE,1959,5,1959-09-29,5180,10,
Bitter Lake,BITTER LAKE NATIONAL WILDLIFE REFUGE,1959,6,1959-10-06,5274,10,
Bitter Lake,BITTER LAKE NATIONAL WILDLIFE REFUGE,1959,7,1959-10-13,9795,10,
Bitter Lake,BITTER LAKE NATIONAL WILDLIFE REFUGE,1959,8,1959-10-20,9177,10,
Bitter Lake,BITTER LAKE NATIONAL WILDLIFE REFUGE,1959,9,1959-10-27,18127,10,
Bitter Lake,BITTER LAKE NATIONAL WILDLIFE REFUGE,1959,10,1959-11-03,18646,10,
Bitter Lake,BITTER LAKE NATIONAL WILDLIFE REFUGE,1959,11,1959-11-10,17805,10,
Bitter Lake,BITTER LAKE NATIONAL WILDLIFE REFUGE,1959,12,1959-11-17,15999,10,
Bitter Lake,BITTER LAKE NATIONAL WILDLIFE REFUGE,1959,13,1959-11-24,10571,10,
Bitter Lake,BITTER LAKE NATIONAL WILDLIFE REFUGE,1959,14,1959-12-01,15276,10,
Bitter Lake,BITTER LAKE NATIONAL WILDLIFE REFUGE,1959,15,1959-12-08,42799,10,
Bitter Lake,BITTER LAKE NATIONAL WILDLIFE REFUGE,1959,16,1959-12-15,123,10,
Bitter Lake,", Roswell, New Mexico",1960,1,1960-09-01,410,10,0.1639
Bitter Lake,", Roswell, New Mexico",1960,2,1960-09-08,1673,10,0.1639
Bitter Lake,", Roswell, New Mexico",1960,3,1960-09-15,2180,10,0.1639
Bitter Lake,", Roswell, New Mexico",1960,4,1960-09-22,1781,10,0.1639
Bitter Lake,", Roswell, New Mexico",1960,5,1960-09-29,6176,10,0.1639
Bitter Lake,", Roswell, New Mexico",1960,6,1960-10-06,9244,10,0.1639
Bitter Lake,", Roswell, New Mexico",1960,7,1960-10-13,10038,10,0.1639
Bitter Lake,", Roswell, New Mexico",1960,8,1960-10-20,8984,10,0.1639
Bitter Lake,", Roswell, New Mexico",1960,9,1960-10-27,10213,10,0.1639
Bitter Lake,", Roswell, New Mexico",1960,10,1960-11-03,10260,10,0.1639
Bitter Lake,", Roswell, New Mexico",1960,11,1960-11-10,18515,10,0.1639
Bitter Lake,", Roswell, New Mexico",1960,12,1960-11-17,12670,10,0.1639
Bitter Lake,", Roswell, New Mexico",1960,13,1960-11-24,6330,10,0.1639
Bitter Lake,", Roswell, New Mexico",1960,14,1960-12-01,10685,10,0.1639
Bitter Lake,", Roswell, New Mexico",1960,15,1960-12-08,24480,10,0.1639
Bitter Lake,", Roswell, New Mexico",1960,16,1960-12-15,48417,10,0.1639
Bitter Lake,", Roswell, New Mexico",1960,17,1960-12-22,17215,10,0.1639
Bitter Lake,", Roswell, New Mexico",1960,18,1960-12-29,15402,10,0.1639
Bitter Lake,"Bitter Lake.Befuge, Rosmel1",1962,1,1962-09-01,221,8,0.3183
Bitter Lake,"Bitter Lake.Befuge, Rosmel1",1962,2,1962-09-08,891,8,0.3183
Bitter Lake,"Bitter Lake.Befuge, Rosmel1",1962,3,1962-09-15,28,8,0.3183
Bitter Lake,"Bitter Lake.Befuge, Rosmel1",1962,4,1962-09-22,2615,8,0.3183
Bitter Lake,"Bitter Lake.Befuge, Rosmel1",1962,5,1962-09-29,105,8,0.3183
Bitter Lake,"Bitter Lake.Befuge, Rosmel1",1962,6,1962-10-06,1895,8,0.3183
Bitter Lake,"Bitter Lake.Befuge, Rosmel1",1962,7,1962-10-13,6754,8,0.3183
Bitter Lake,"Bitter Lake.Befuge, Rosmel1",1962,8,1962-10-20,10301,8,0.3183
Bitter Lake,"Bitter Lake.Befuge, Rosmel1",1962,11,1962-11-10,7721,8,0.3183
Bitter Lake,"Bitter Lake.Befuge, Rosmel1",1962,12,1962-11-17,14930,8,0.3183
Bitter Lake,"Bitter Lake.Befuge, Rosmel1",1962,13,1962-11-24,15255,8,0.3183
Bitter Lake,"Bitter Lake.Befuge, Rosmel1",1962,14,1962-12-01,15358,8,0.3183
Bitter Lake,"Bitter Lake.Befuge, Rosmel1",1962,15,1962-12-08,10606,8,0.3183
Bitter Lake,"Bitter Lake.Befuge, Rosmel1",1962,16,1962-12-15,15473,8,0.3183
Bitter Lake,"Bitter Lake.Befuge, Rosmel1",1962,17,1962-12-22,21842,8,0.3183
Bitter Lake,"Bitter Lake.Befuge, Rosmel1",1962,18,1962-12-29,33451,8,0.3183
Bitter Lake,BIT ER LAKE NATIONAL WILDLIFE REFUGE,1963,1,1963-09-01,481,10,0.1172
Bitter Lake,BIT ER LAKE NATIONAL WILDLIFE REFUGE,1963,2,1963-09-08,716,10,0.1172
Bitter Lake,BIT ER LAKE NATIONAL WILDLIFE REFUGE,1963,3,1963-09-15,429,10,0.1172
Bitter Lake,BIT ER LAKE NATIONAL WILDLIFE REFUGE,1963,4,1963-09-22,689,10,0.1172
Bitter Lake,BIT ER LAKE NATIONAL WILDLIFE REFUGE,1963,5,1963-09-29,1957,10,0.1172
Bitter Lake,BIT ER LAKE NATIONAL WILDLIFE REFUGE,1963,6,1963-10-06,3377,10,0.1172
Bitter Lake,BIT ER LAKE NATIONAL WILDLIFE REFUGE,1963,7,1963-10-13,521,10,0.1172
Bitter Lake,BIT ER LAKE NATIONAL WILDLIFE REFUGE,1963,8,1963-10-20,9610,10,0.1172
Bitter Lake,BIT ER LAKE NATIONAL WILDLIFE REFUGE,1963,9,1963-10-27,11365,10,0.1172
Bitter Lake,BIT ER LAKE NATIONAL WILDLIFE REFUGE,1963,10,1963-11-03,13442,10,0.1172
Bitter Lake,BIT ER LAKE NATIONAL WILDLIFE REFUGE,1963,11,1963-11-10,12958,10,0.1172
Bitter Lake,BIT ER LAKE NATIONAL WILDLIFE REFUGE,1963,12,1963-11-17,9757,10,0.1172
Bitter Lake,BIT ER LAKE NATIONAL WILDLIFE REFUGE,1963,13,1963-11-24,12791,10,0.1172
Bitter Lake,BIT ER LAKE NATIONAL WILDLIFE REFUGE,1963,14,1963-12-01,13797,10,0.1172
Bitter Lake,BIT ER LAKE NATIONAL WILDLIFE REFUGE,1963,15,1963-12-08,22892,10,0.1172
Bitter Lake,BIT ER LAKE NATIONAL WILDLIFE REFUGE,1963,16,1963-12-15,51424,10,0.1172
Bitter Lake,BIT ER LAKE NATIONAL WILDLIFE REFUGE,1963,17,1963-12-22,52557,10,0.1172
Bitter Lake,BIT ER LAKE NATIONAL WILDLIFE REFUGE,1963,18,1963-12-29,89716,10,0.1172
Bitter Lake,BITTERLAKE NATIONAL WILDLIFE REFUGE,1964,1,1964-09-01,1279,10,0.4066
Bitter Lake,BITTERLAKE NATIONAL WILDLIFE REFUGE,1964,2,1964-09-08,968,10,0.4066
Bitter Lake,BITTERLAKE NATIONAL WILDLIFE REFUGE,1964,3,1964-09-15,491,10,0.4066
Bitter Lake,BITTERLAKE NATIONAL WILDLIFE REFUGE,1964,4,1964-09-22,3497,10,0.4066
Bitter Lake,BITTERLAKE NATIONAL WILDLIFE REFUGE,1964,5,1964-09-29,6030,10,0.4066
Bitter Lake,BITTERLAKE NATIONAL WILDLIFE REFUGE,1964,6,1964-10-06,9300,10,0.4066
Bitter Lake,BITTERLAKE NATIONAL WILDLIFE REFUGE,1964,7,1964-10-13,4676,10,0.4066
Bitter Lake,BITTERLAKE NATIONAL WILDLIFE REFUGE,1964,8,1964-10-20,11093,10,0.4066
Bitter Lake,BITTERLAKE NATIONAL WILDLIFE REFUGE,1964,9,1964-10-27,10263,10,0.4066
Bitter Lake,BITTERLAKE NATIONAL WILDLIFE REFUGE,1964,10,1964-11-03,7251,10,0.4066
Bitter Lake,BITTERLAKE NATIONAL WILDLIFE REFUGE,1964,11,1964-11-10,6516,10,0.4066
Bitter Lake,BITTERLAKE NATIONAL WILDLIFE REFUGE,1964,12,1964-11-17,11695,10,0.4066
Bitter Lake,BITTERLAKE NATIONAL WILDLIFE REFUGE,1964,13,1964-11-24,3955,10,0.4066
Bitter Lake,BITTERLAKE NATIONAL WILDLIFE REFUGE,1964,14,1964-12-01,7612,10,0.4066
Bitter Lake,BITTERLAKE NATIONAL WILDLIFE REFUGE,1964,15,1964-12-08,3199,10,0.4066
Bitter Lake,BITTERLAKE NATIONAL WILDLIFE REFUGE,1964,16,1964-12-15,10182,10,0.4066
Bitter Lake,BITTERLAKE NATIONAL WILDLIFE REFUGE,1964,17,1964-12-22,16537,10,0.4066
Bitter Lake,"Bitter Lake MR, Rosvel), N.M.",1965,1,1965-09-01,113,10,0.2368
Bitter Lake,"Bitter Lake MR, Rosvel), N.M.",1965,2,1965-09-08,272,10,0.2368
Bitter Lake,"Bitter Lake MR, Rosvel), N.M.",1965,3,1965-09-15,359,10,0.2368
Bitter Lake,"Bitter Lake MR, Rosvel), N.M.",1965,4,1965-09-22,1469,10,0.2368
Bitter Lake,"Bitter Lake MR, Rosvel), N.M.",1965,5,1965-09-29,591,10,0.2368
Bitter Lake,"Bitter Lake MR, Rosvel), N.M.",1965,6,1965-10-06,3512,10,0.2368
Bitter Lake,"Bitter Lake MR, Rosvel), N.M.",1965,7,1965-10-13,8455,10,0.2368
Bitter Lake,"Bitter Lake MR, Rosvel), N.M.",1965,8,1965-10-20,25323,10,0.2368
Bitter Lake,"Bitter Lake MR, Rosvel), N.M.",1965,9,1965-10-27,16475,10,0.2368
Bitter Lake,"Bitter Lake MR, Rosvel), N.M.",1965,10,1965-11-03,13675,10,0.2368
Bitter Lake,"Bitter Lake MR, Rosvel), N.M.",1965,11,1965-11-10,14579,10,0.2368
Bitter Lake,"Bitter Lake MR, Rosvel), N.M.",1965,12,1965-11-17,15270,10,0.2368
Bitter Lake,"Bitter Lake MR, Rosvel), N.M.",1965,13,1965-11-24,13002,10,0.2368
Bitter Lake,"Bitter Lake MR, Rosvel), N.M.",1965,14,1965-12-01,18699,10,0.2368
Bitter Lake,"Bitter Lake MR, Rosvel), N.M.",1965,15,1965-12-08,20737,10,0.2368
Bitter Lake,"Bitter Lake MR, Rosvel), N.M.",1965,16,1965-12-15,23263,10,0.2368
Bitter Lake,"Bitter Lake MR, Rosvel), N.M.",1965,17,1965-12-22,14641,10,0.2368
Bitter Lake,"Bitter Lake MR, Rosvel), N.M.",1965,18,1965-12-29,8223,10,0.2368
Bitter Lake,Bitter Ieke NIR,1966,1,1966-09-01,128,10,0.0476
Bitter Lake,Bitter Ieke NIR,1966,2,1966-09-08,141,10,0.0476
Bitter Lake,Bitter Ieke NIR,1966,3,1966-09-15,382,10,0.0476
Bitter Lake,Bitter Ieke NIR,1966,4,1966-09-22,2295,10,0.0476
Bitter Lake,Bitter Ieke NIR,1966,5,1966-09-29,1475,10,0.0476
Bitter Lake,Bitter Ieke NIR,1966,6,1966-10-06,7591,10,0.0476
Bitter Lake,Bitter Ieke NIR,1966,7,1966-10-13,1778,10,0.0476
Bitter Lake,Bitter Ieke NIR,1966,8,1966-10-20,18174,10,0.0476
Bitter Lake,Bitter Ieke NIR,1966,9,1966-10-27,7300,10,0.0476
Bitter Lake,Bitter Ieke NIR,1966,10,1966-11-03,14618,10,0.0476
Bitter Lake,Bitter Ieke NIR,1966,11,1966-11-10,18978,10,0.0476
Bitter Lake,Bitter Ieke NIR,1966,12,1966-11-17,18150,10,0.0476
Bitter Lake,Bitter Ieke NIR,1966,13,1966-11-24,26505,10,0.0476
Bitter Lake,Bitter Ieke NIR,1966,14,1966-12-01,33847,10,0.0476
Bitter Lake,Bitter Ieke NIR,1966,15,1966-12-08,64049,10,0.0476
Bitter Lake,Bitter Ieke NIR,1966,16,1966-12-15,21125,10,0.0476
Bitter Lake,Bitter Ieke NIR,1966,17,1966-12-22,24951,10,0.0476
Bitter Lake,Bitter Lake N WR,1967,1,1967-09-01,436,10,0.0095
Bitter Lake,Bitter Lake N WR,1967,2,1967-09-08,369,10,0.0095
Bitter Lake,Bitter Lake N WR,1967,3,1967-09-15,2170,10,0.0095
Bitter Lake,Bitter Lake N WR,1967,4,1967-09-22,5509,10,0.0095
Bitter Lake,Bitter Lake N WR,1967,5,1967-09-29,4616,10,0.0095
Bitter Lake,Bitter Lake N WR,1967,6,1967-10-06,12803,10,0.0095
Bitter Lake,Bitter Lake N WR,1967,7,1967-10-13,20757,10,0.0095
Bitter Lake,Bitter Lake N WR,1967,8,1967-10-20,28085,10,0.0095
Bitter Lake,Bitter Lake N WR,1967,9,1967-10-27,48279,10,0.0095
Bitter Lake,Bitter Lake N WR,1967,10,1967-11-03,72247,10,0.0095
Bitter Lake,Bitter Lake N WR,1967,11,1967-11-10,30270,10,0.0095
Bitter Lake,Bitter Lake N WR,1967,12,1967-11-17,27828,10,0.0095
Bitter Lake,Bitter Lake N WR,1967,13,1967-11-24,25475,10,0.0095
Bitter Lake,Bitter Lake N WR,1967,14,1967-12-01,23885,10,0.0095
Bitter Lake,Bitter Lake N WR,1967,15,1967-12-08,31803,10,0.0095
Bitter Lake,Bitter Lake N WR,1967,16,1967-12-15,16267,10,0.0095
Bitter Lake,Bitter Lake N WR,1967,17,1967-12-22,60893,10,0.0095
Bitter Lake,Bitter Leke,1968,1,1968-09-01,590,10,0.2081
Bitter Lake,Bitter Leke,1968,2,1968-09-08,3100,10,0.2081
Bitter Lake,Bitter Leke,1968,3,1968-09-15,3050,10,0.2081
Bitter Lake,Bitter Leke,1968,4,1968-09-22,2759,10,0.2081
Bitter Lake,Bitter Leke,1968,5,1968-09-29,9230,10,0.2081
Bitter Lake,Bitter Leke,1968,6,1968-10-06,2000,10,0.2081
Bitter Lake,Bitter Leke,1968,7,1968-10-13,5172,10,0.2081
Bitter Lake,Bitter Leke,1968,8,1968-10-20,52395,10,0.2081
Bitter Lake,Bitter Leke,1968,9,1968-10-27,50086,10,0.2081
Bitter Lake,Bitter Leke,1968,10,1968-11-03,50051,10,0.2081
Bitter Lake,Bitter Leke,1968,11,1968-11-10,23950,10,0.2081
Bitter Lake,Bitter Leke,1968,12,1968-11-17,7244,10,0.2081
Bitter Lake,Bitter Leke,1968,13,1968-11-24,33950,10,0.2081
Bitter Lake,Bitter Leke,1968,14,1968-12-01,73065,10,0.2081
Bitter Lake,Bitter Leke,1968,15,1968-12-08,31405,10,0.2081
Bitter Lake,Bitter Leke,1968,16,1968-12-15,18885,10,0.2081
Bitter Lake,Bitter Leke,1968,17,1968-12-22,23365,10,0.2081
Bitter Lake,Bitter Leke,1968,18,1968-12-29,28612,10,0.2081
Bitter Lake,SterLakeNR,1969,1,1969-09-01,1665,10,0.2153
Bitter Lake,SterLakeNR,1969,2,1969-09-08,1074,10,0.2153
Bitter Lake,SterLakeNR,1969,3,1969-09-15,1072,10,0.2153
Bitter Lake,SterLakeNR,1969,4,1969-09-22,1642,10,0.2153
Bitter Lake,SterLakeNR,1969,5,1969-09-29,8200,10,0.2153
Bitter Lake,SterLakeNR,1969,6,1969-10-06,30206,10,0.2153
Bitter Lake,SterLakeNR,1969,7,1969-10-13,37110,10,0.2153
Bitter Lake,SterLakeNR,1969,8,1969-10-20,57240,10,0.2153
Bitter Lake,SterLakeNR,1969,9,1969-10-27,41326,10,0.2153
Bitter Lake,SterLakeNR,1969,10,1969-11-03,24337,10,0.2153
Bitter Lake,SterLakeNR,1969,11,1969-11-10,4386,10,0.2153
Bitter Lake,SterLakeNR,1969,12,1969-11-17,607,10,0.2153
Bitter Lake,SterLakeNR,1969,13,1969-11-24,9993,10,0.2153
Bitter Lake,SterLakeNR,1969,14,1969-12-01,18431,10,0.2153
Bitter Lake,SterLakeNR,1969,15,1969-12-08,2087,10,0.2153
Bitter Lake,SterLakeNR,1969,16,1969-12-15,4632,10,0.2153
Bitter Lake,SterLakeNR,1969,17,1969-12-22,12565,10,0.2153
Bitter Lake,SterLakeNR,1969,18,1969-12-29,51960,10,0.2153
Bitter Lake,Bitter Lake NWR,1970,1,1970-09-01,350,10,0.0895
Bitter Lake,Bitter Lake NWR,1970,2,1970-09-08,1180,10,0.0895
Bitter Lake,Bitter Lake NWR,1970,3,1970-09-15,8348,10,0.0895
Bitter Lake,Bitter Lake NWR,1970,4,1970-09-22,3381,10,0.0895
Bitter Lake,Bitter Lake NWR,1970,5,1970-09-29,2243,10,0.0895
Bitter Lake,Bitter Lake NWR,1970,6,1970-10-06,3360,10,0.0895
Bitter Lake,Bitter Lake NWR,1970,7,1970-10-13,50575,10,0.0895
Bitter Lake,Bitter Lake NWR,1970,8,1970-10-20,70284,10,0.0895
Bitter Lake,Bitter Lake NWR,1970,9,1970-10-27,34150,10,0.0895
Bitter Lake,Bitter Lake NWR,1970,10,1970-11-03,12005,10,0.0895
Bitter Lake,Bitter Lake NWR,1970,11,1970-11-10,13007,10,0.0895
Bitter Lake,Bitter Lake NWR,1970,12,1970-11-17,6888,10,0.0895
Bitter Lake,Bitter Lake NWR,1970,13,1970-11-24,5626,10,0.0895
Bitter Lake,Bitter Lake NWR,1970,14,1970-12-01,3876,10,0.0895
Bitter Lake,Bitter Lake NWR,1970,15,1970-12-08,4998,10,0.0895
Bitter Lake,Bitter Lake NWR,1970,16,1970-12-15,5955,10,0.0895
Bitter Lake,Bitter Lake NWR,1970,17,1970-12-22,11547,10,0.0895
Bitter Lake,Bitter Lake NWR,1970,18,1970-12-29,11300,10,0.0895
Bitter Lake,Bitter Lake National Wildlife Refuge,1971,1,1971-09-01,24,10,0.0587
Bitter Lake,Bitter Lake National Wildlife Refuge,1971,2,1971-09-08,670,10,0.0587
Bitter Lake,Bitter Lake National Wildlife Refuge,1971,3,1971-09-15,2673,10,0.0587
Bitter Lake,Bitter Lake National Wildlife Refuge,1971,4,1971-09-22,4735,10,0.0587
Bitter Lake,Bitter Lake National Wildlife Refuge,1971,5,1971-09-29,5331,10,0.0587
Bitter Lake,Bitter Lake National Wildlife Refuge,1971,6,1971-10-06,31200,10,0.0587
Bitter Lake,Bitter Lake National Wildlife Refuge,1971,7,1971-10-13,32582,10,0.0587
Bitter Lake,Bitter Lake National Wildlife Refuge,1971,8,1971-10-20,33247,10,0.0587
Bitter Lake,Bitter Lake National Wildlife Refuge,1971,9,1971-10-27,31656,10,0.0587
Bitter Lake,Bitter Lake National Wildlife Refuge,1971,10,1971-11-03,31495,10,0.0587
Bitter Lake,Bitter Lake National Wildlife Refuge,1971,11,1971-11-10,17890,10,0.0587
Bitter Lake,Bitter Lake National Wildlife Refuge,1971,12,1971-11-17,14216,10,0.0587
Bitter Lake,Bitter Lake National Wildlife Refuge,1971,13,1971-11-24,14303,10,0.0587
Bitter Lake,Bitter Lake National Wildlife Refuge,1971,14,1971-12-01,8214,10,0.0587
Bitter Lake,Bitter Lake National Wildlife Refuge,1971,15,1971-12-08,16590,10,0.0587
Bitter Lake,Bitter Lake National Wildlife Refuge,1971,16,1971-12-15,11452,10,0.0587
Bitter Lake,Bitter Lake National Wildlife Refuge,1971,17,1971-12-22,27510,10,0.0587
Bitter Lake,Bitter Lake National Wildlife Refuge,1971,18,1971-12-29,27473,10,0.0587
Blackwater MD,Blackunter Refug,1952,1,1952-09-01,40,13,
Blackwater MD,Blackunter Refug,1952,2,1952-09-08,140,13,
Blackwater MD,Blackunter Refug,1952,3,1952-09-15,270,13,
Blackwater MD,Blackunter Refug,1952,4,1952-09-22,171,13,
Blackwater MD,Blackunter Refug,1952,5,1952-09-29,786,13,
Blackwater MD,Blackunter Refug,1952,6,1952-10-06,330,13,
Blackwater MD,Blackunter Refug,1952,7,1952-10-13,475,13,
Blackwater MD,Blackunter Refug,1952,8,1952-10-20,255,13,
Blackwater MD,Blackunter Refug,1952,9,1952-10-27,371,13,
Blackwater MD,Blackunter Refug,1952,10,1952-11-03,295,13,
Blackwater MD,Blackunter Refug,1952,11,1952-11-10,170,13,
Blackwater MD,Blackunter Refug,1952,12,1952-11-17,100,13,
Blackwater MD,Blackunter Refug,1952,13,1952-11-24,142,13,
Blackwater MD,Blackwater National Wildlife Refuge,1953,1,1953-09-01,1600,10,0.0266
Blackwater MD,Blackwater National Wildlife Refuge,1953,2,1953-09-08,1600,10,0.0266
Blackwater MD,Blackwater National Wildlife Refuge,1953,3,1953-09-15,3000,10,0.0266
Blackwater MD,Blackwater National Wildlife Refuge,1953,4,1953-09-22,4800,10,0.0266
Blackwater MD,Blackwater National Wildlife Refuge,1953,5,1953-09-29,15500,10,0.0266
Blackwater MD,Blackwater National Wildlife Refuge,1953,6,1953-10-06,20460,10,0.0266
Blackwater MD,Blackwater National Wildlife Refuge,1953,7,1953-10-13,23230,10,0.0266
Blackwater MD,Blackwater National Wildlife Refuge,1953,8,1953-10-20,31700,10,0.0266
Blackwater MD,Blackwater National Wildlife Refuge,1953,9,1953-10-27,64100,10,0.0266
Blackwater MD,Blackwater National Wildlife Refuge,1953,10,1953-11-03,44975,10,0.0266
Blackwater MD,Blackwater National Wildlife Refuge,1953,11,1953-11-10,47075,10,0.0266
Blackwater MD,Blackwater National Wildlife Refuge,1953,12,1953-11-17,47725,10,0.0266
Blackwater MD,Blackwater National Wildlife Refuge,1953,13,1953-11-24,67900,10,0.0266
Blackwater MD,Blackwater National Wildlife Refuge,1953,14,1953-12-01,59150,10,0.0266
Blackwater MD,Blackwater National Wildlife Refuge,1953,15,1953-12-08,39080,10,0.0266
Blackwater MD,Blackwater National Wildlife Refuge,1953,16,1953-12-15,31970,10,0.0266
Blackwater MD,Blackwater National Wildlife Refuge,1953,17,1953-12-22,29250,10,0.0266
Blackwater MD,Blaokwater National Wild11fe,1954,1,1954-09-01,785,10,0.0883
Blackwater MD,Blaokwater National Wild11fe,1954,2,1954-09-08,785,10,0.0883
Blackwater MD,Blaokwater National Wild11fe,1954,3,1954-09-15,785,10,0.0883
Blackwater MD,Blaokwater National Wild11fe,1954,4,1954-09-22,4040,10,0.0883
Blackwater MD,Blaokwater National Wild11fe,1954,5,1954-09-29,9175,10,0.0883
Blackwater MD,Blaokwater National Wild11fe,1954,6,1954-10-06,18460,10,0.0883
Blackwater MD,Blaokwater National Wild11fe,1954,7,1954-10-13,23950,10,0.0883
Blackwater MD,Blaokwater National Wild11fe,1954,8,1954-10-20,29450,10,0.0883
Blackwater MD,Blaokwater National Wild11fe,1954,9,1954-10-27,46225,10,0.0883
Blackwater MD,Blaokwater National Wild11fe,1954,10,1954-11-03,50285,10,0.0883
Blackwater MD,Blaokwater National Wild11fe,1954,11,1954-11-10,74725,10,0.0883
Blackwater MD,Blaokwater National Wild11fe,1954,12,1954-11-17,58300,10,0.0883
Blackwater MD,Blaokwater National Wild11fe,1954,13,1954-11-24,77275,10,0.0883
Blackwater MD,Blaokwater National Wild11fe,1954,14,1954-12-01,88675,10,0.0883
Blackwater MD,Blaokwater National Wild11fe,1954,15,1954-12-08,30150,10,0.0883
Blackwater MD,Blaokwater National Wild11fe,1954,16,1954-12-15,62800,10,0.0883
Blackwater MD,Blaokwater National Wild11fe,1954,17,1954-12-22,55080,10,0.0883
Blackwater MD,Blaokwater National Wild11fe,1954,18,1954-12-29,50530,10,0.0883
Blackwater MD,Blaokwater National wild11fe,1955,1,1955-09-01,977,10,0.1182
Blackwater MD,Blaokwater National wild11fe,1955,2,1955-09-08,552,10,0.1182
Blackwater MD,Blaokwater National wild11fe,1955,3,1955-09-15,5140,10,0.1182
Blackwater MD,Blaokwater National wild11fe,1955,4,1955-09-22,5140,10,0.1182
Blackwater MD,Blaokwater National wild11fe,1955,5,1955-09-29,17960,10,0.1182
Blackwater MD,Blaokwater National wild11fe,1955,6,1955-10-06,17960,10,0.1182
Blackwater MD,Blaokwater National wild11fe,1955,7,1955-10-13,850,10,0.1182
Blackwater MD,Blaokwater National wild11fe,1955,8,1955-10-20,24350,10,0.1182
Blackwater MD,Blaokwater National wild11fe,1955,9,1955-10-27,107425,10,0.1182
Blackwater MD,Blaokwater National wild11fe,1955,10,1955-11-03,107425,10,0.1182
Blackwater MD,Blaokwater National wild11fe,1955,11,1955-11-10,35875,10,0.1182
Blackwater MD,Blaokwater National wild11fe,1955,12,1955-11-17,27335,10,0.1182
Blackwater MD,Blaokwater National wild11fe,1955,13,1955-11-24,35138,10,0.1182
Blackwater MD,Blaokwater National wild11fe,1955,14,1955-12-01,25405,10,0.1182
Blackwater MD,Blaokwater National wild11fe,1955,15,1955-12-08,34526,10,0.1182
Blackwater MD,Blaokwater National wild11fe,1955,16,1955-12-15,3210,10,0.1182
Blackwater MD,Blaokwater National wild11fe,1955,17,1955-12-22,12810,10,0.1182
Blackwater MD,Blackwater N.W.,1956,1,1956-09-01,1550,10,0.4575
Blackwater MD,Blackwater N.W.,1956,2,1956-09-08,1550,10,0.4575
Blackwater MD,Blackwater N.W.,1956,3,1956-09-15,4700,10,0.4575
Blackwater MD,Blackwater N.W.,1956,4,1956-09-22,5200,10,0.4575
Blackwater MD,Blackwater N.W.,1956,5,1956-09-29,11700,10,0.4575
Blackwater MD,Blackwater N.W.,1956,6,1956-10-06,11700,10,0.4575
Blackwater MD,Blackwater N.W.,1956,7,1956-10-13,26600,10,0.4575
Blackwater MD,Blackwater N.W.,1956,8,1956-10-20,26600,10,0.4575
Blackwater MD,Blackwater N.W.,1956,9,1956-10-27,26600,10,0.4575
Blackwater MD,Blackwater N.W.,1956,10,1956-11-03,114900,10,0.4575
Blackwater MD,Blackwater N.W.,1956,11,1956-11-10,67600,10,0.4575
Blackwater MD,Blackwater N.W.,1956,12,1956-11-17,81625,10,0.4575
Blackwater MD,Blackwater N.W.,1956,13,1956-11-24,2010,10,0.4575
Blackwater MD,Blackwater N.W.,1956,14,1956-12-01,43800,10,0.4575
Blackwater MD,Blackwater N.W.,1957,1,1957-09-01,1775,10,0.0788
Blackwater MD,Blackwater N.W.,1957,2,1957-09-08,1775,10,0.0788
Blackwater MD,Blackwater N.W.,1957,3,1957-09-15,1725,10,0.0788
Blackwater MD,Blackwater N.W.,1957,4,1957-09-22,3075,10,0.0788
Blackwater MD,Blackwater N.W.,1957,5,1957-09-29,12600,10,0.0788
Blackwater MD,Blackwater N.W.,1957,6,1957-10-06,20600,10,0.0788
Blackwater MD,Blackwater N.W.,1957,7,1957-10-13,30700,10,0.0788
Blackwater MD,Blackwater N.W.,1957,8,1957-10-20,62200,10,0.0788
Blackwater MD,Blackwater N.W.,1957,9,1957-10-27,101225,10,0.0788
Blackwater MD,Blackwater N.W.,1957,10,1957-11-03,47825,10,0.0788
Blackwater MD,Blackwater N.W.,1957,11,1957-11-10,125500,10,0.0788
Blackwater MD,Blackwater N.W.,1957,12,1957-11-17,207000,10,0.0788
Blackwater MD,Blackwater N.W.,1957,13,1957-11-24,140200,10,0.0788
Blackwater MD,Blackwater N.W.,1957,14,1957-12-01,161500,10,0.0788
Blackwater MD,Blackwater N.W.,1957,15,1957-12-08,148000,10,0.0788
Blackwater MD,Blackwater N.W.,1957,16,1957-12-15,49700,10,0.0788
Blackwater MD,Blackwater N.W.,1957,17,1957-12-22,63500,10,0.0788
Blackwater MD,"Blackwater N,M.",1958,1,1958-09-01,750,10,0.4186
Blackwater MD,"Blackwater N,M.",1958,2,1958-09-08,2250,10,0.4186
Blackwater MD,"Blackwater N,M.",1958,3,1958-09-15,3700,10,0.4186
Blackwater MD,"Blackwater N,M.",1958,4,1958-09-22,4200,10,0.4186
Blackwater MD,"Blackwater N,M.",1958,5,1958-09-29,10025,10,0.4186
Blackwater MD,"Blackwater N,M.",1958,6,1958-10-06,10025,10,0.4186
Blackwater MD,"Blackwater N,M.",1958,7,1958-10-13,40525,10,0.4186
Blackwater MD,"Blackwater N,M.",1958,8,1958-10-20,60550,10,0.4186
Blackwater MD,"Blackwater N,M.",1958,9,1958-10-27,118325,10,0.4186
Blackwater MD,"Blackwater N,M.",1958,10,1958-11-03,115350,10,0.4186
Blackwater MD,"Blackwater N,M.",1958,11,1958-11-10,93400,10,0.4186
Blackwater MD,"Blackwater N,M.",1958,12,1958-11-17,85400,10,0.4186
Blackwater MD,"Blackwater N,M.",1958,13,1958-11-24,148350,10,0.4186
Blackwater MD,"Blackwater N,M.",1958,14,1958-12-01,151300,10,0.4186
Blackwater MD,"Blackwater N,M.",1958,15,1958-12-08,142600,10,0.4186
Blackwater MD,"Blackwater N,M.",1958,16,1958-12-15,93300,10,0.4186
Blackwater MD,"Blackwater N,M.",1958,17,1958-12-22,93300,10,0.4186
Blackwater MD,Blackvater N.T•,1959,1,1959-09-01,865,9,0.2273
Blackwater MD,Blackvater N.T•,1959,2,1959-09-08,865,9,0.2273
Blackwater MD,Blackvater N.T•,1959,3,1959-09-15,865,9,0.2273
Blackwater MD,Blackvater N.T•,1959,4,1959-09-22,1080,9,0.2273
Blackwater MD,Blackvater N.T•,1959,5,1959-09-29,1050,9,0.2273
Blackwater MD,Blackvater N.T•,1959,6,1959-10-06,1550,9,0.2273
Blackwater MD,Blackvater N.T•,1959,7,1959-10-13,11000,9,0.2273
Blackwater MD,Blackvater N.T•,1959,8,1959-10-20,15000,9,0.2273
Blackwater MD,Blackvater N.T•,1959,9,1959-10-27,25019,9,0.2273
Blackwater MD,Blackvater N.T•,1959,11,1959-11-10,56775,9,0.2273
Blackwater MD,Blackvater N.T•,1959,12,1959-11-17,68475,9,0.2273
Blackwater MD,Blackvater N.T•,1959,13,1959-11-24,69100,9,0.2273
Blackwater MD,Blackvater N.T•,1959,14,1959-12-01,67100,9,0.2273
Blackwater MD,Blackvater N.T•,1959,15,1959-12-08,57100,9,0.2273
Blackwater MD,Blackvater N.T•,1959,16,1959-12-15,40500,9,0.2273
Blackwater MD,Blackvater N.T•,1959,17,1959-12-22,35350,9,0.2273
Blackwater MD,Blackvater N.T•,1959,18,1959-12-29,63600,9,0.2273
Blackwater MD,Blackwater N.W.,1960,1,1960-09-01,2155,10,0.0884
Blackwater MD,Blackwater N.W.,1960,2,1960-09-08,2145,10,0.0884
Blackwater MD,Blackwater N.W.,1960,3,1960-09-15,2125,10,0.0884
Blackwater MD,Blackwater N.W.,1960,4,1960-09-22,9125,10,0.0884
Blackwater MD,Blackwater N.W.,1960,5,1960-09-29,18025,10,0.0884
Blackwater MD,Blackwater N.W.,1960,6,1960-10-06,32275,10,0.0884
Blackwater MD,Blackwater N.W.,1960,7,1960-10-13,30625,10,0.0884
Blackwater MD,Blackwater N.W.,1960,8,1960-10-20,650,10,0.0884
Blackwater MD,Blackwater N.W.,1960,9,1960-10-27,88650,10,0.0884
Blackwater MD,Blackwater N.W.,1960,10,1960-11-03,100050,10,0.0884
Blackwater MD,Blackwater N.W.,1960,11,1960-11-10,85600,10,0.0884
Blackwater MD,Blackwater N.W.,1960,12,1960-11-17,76550,10,0.0884
Blackwater MD,Blackwater N.W.,1960,13,1960-11-24,99050,10,0.0884
Blackwater MD,Blackwater N.W.,1960,14,1960-12-01,70200,10,0.0884
Blackwater MD,Blackwater N.W.,1960,15,1960-12-08,63800,10,0.0884
Blackwater MD,Blackwater N.W.,1960,16,1960-12-15,85700,10,0.0884
Blackwater MD,Blackwater N.W.,1960,17,1960-12-22,75600,10,0.0884
Blackwater MD,Blackrater Noll,1961,1,1961-09-01,2805,10,0.0553
Blackwater MD,Blackrater Noll,1961,2,1961-09-08,2605,10,0.0553
Blackwater MD,Blackrater Noll,1961,3,1961-09-15,4400,10,0.0553
Blackwater MD,Blackrater Noll,1961,4,1961-09-22,6555,10,0.0553
Blackwater MD,Blackrater Noll,1961,5,1961-09-29,11025,10,0.0553
Blackwater MD,Blackrater Noll,1961,6,1961-10-06,19000,10,0.0553
Blackwater MD,Blackrater Noll,1961,7,1961-10-13,23525,10,0.0553
Blackwater MD,Blackrater Noll,1961,8,1961-10-20,100725,10,0.0553
Blackwater MD,Blackrater Noll,1961,9,1961-10-27,78025,10,0.0553
Blackwater MD,Blackrater Noll,1961,10,1961-11-03,102025,10,0.0553
Blackwater MD,Blackrater Noll,1961,11,1961-11-10,101525,10,0.0553
Blackwater MD,Blackrater Noll,1961,12,1961-11-17,61720,10,0.0553
Blackwater MD,Blackrater Noll,1961,13,1961-11-24,51720,10,0.0553
Blackwater MD,Blackrater Noll,1961,14,1961-12-01,46650,10,0.0553
Blackwater MD,Blackrater Noll,1961,15,1961-12-08,46150,10,0.0553
Blackwater MD,Blackrater Noll,1961,16,1961-12-15,65950,10,0.0553
Blackwater MD,Blackrater Noll,1961,17,1961-12-22,64625,10,0.0553
Blackwater MD,Blackwater N.W. Refuge,1962,1,1962-09-01,2408,10,0.1905
Blackwater MD,Blackwater N.W. Refuge,1962,2,1962-09-08,2408,10,0.1905
Blackwater MD,Blackwater N.W. Refuge,1962,3,1962-09-15,108,10,0.1905
Blackwater MD,Blackwater N.W. Refuge,1962,4,1962-09-22,2200,10,0.1905
Blackwater MD,Blackwater N.W. Refuge,1962,5,1962-09-29,2208,10,0.1905
Blackwater MD,Blackwater N.W. Refuge,1962,6,1962-10-06,8800,10,0.1905
Blackwater MD,Blackwater N.W. Refuge,1962,7,1962-10-13,5008,10,0.1905
Blackwater MD,Blackwater N.W. Refuge,1962,8,1962-10-20,12000,10,0.1905
Blackwater MD,Blackwater N.W. Refuge,1962,9,1962-10-27,28508,10,0.1905
Blackwater MD,Blackwater N.W. Refuge,1962,10,1962-11-03,57000,10,0.1905
Blackwater MD,Blackwater N.W. Refuge,1962,11,1962-11-10,84075,10,0.1905
Blackwater MD,Blackwater N.W. Refuge,1962,12,1962-11-17,64577,10,0.1905
Blackwater MD,Blackwater N.W. Refuge,1962,13,1962-11-24,75077,10,0.1905
Blackwater MD,Blackwater N.W. Refuge,1962,14,1962-12-01,89717,10,0.1905
Blackwater MD,Blackwater N.W. Refuge,1962,15,1962-12-08,104675,10,0.1905
Blackwater MD,Blackwater N.W. Refuge,1962,16,1962-12-15,31500,10,0.1905
Blackwater MD,Blackwater N.W. Refuge,1962,17,1962-12-22,62375,10,0.1905
Blackwater MD,Blackwater N.W. Refuge,1962,18,1962-12-29,62350,10,0.1905
Blackwater MD,Blackwater N.W. Refuge,1963,1,1963-09-01,1500,7,0.2802
Blackwater MD,Blackwater N.W. Refuge,1963,2,1963-09-08,600,7,0.2802
Blackwater MD,Blackwater N.W. Refuge,1963,3,1963-09-15,3000,7,0.2802
Blackwater MD,Blackwater N.W. Refuge,1963,4,1963-09-22,5950,7,0.2802
Blackwater MD,Blackwater N.W. Refuge,1963,5,1963-09-29,5950,7,0.2802
Blackwater MD,Blackwater N.W. Refuge,1963,6,1963-10-06,11000,7,0.2802
Blackwater MD,Blackwater N.W. Refuge,1963,7,1963-10-13,61500,7,0.2802
Blackwater MD,Blackwater N.W. Refuge,1963,11,1963-11-10,18000,7,0.2802
Blackwater MD,Blackwater N.W. Refuge,1963,12,1963-11-17,30000,7,0.2802
Blackwater MD,Blackwater N.W. Refuge,1963,13,1963-11-24,49650,7,0.2802
Blackwater MD,Blackwater N.W. Refuge,1963,14,1963-12-01,26150,7,0.2802
Blackwater MD,Blackwater N.W. Refuge,1963,15,1963-12-08,36250,7,0.2802
Blackwater MD,Blackwater N.W. Refuge,1963,16,1963-12-15,12588,7,0.2802
Blackwater MD,Blackwater N.W. Refuge,1963,17,1963-12-22,6198,7,0.2802
Blackwater MD,Blackwater N.W.,1964,1,1964-09-01,3100,10,
Blackwater MD,Blackwater N.W.,1964,2,1964-09-08,2050,10,
Blackwater MD,Blackwater N.W.,1964,3,1964-09-15,4600,10,
Blackwater MD,Blackwater N.W.,1964,4,1964-09-22,4600,10,
Blackwater MD,Blackwater N.W.,1964,5,1964-09-29,40425,10,
Blackwater MD,Blackwater N.W.,1964,6,1964-10-06,162208,10,
Blackwater MD,Blackwater N.W.,1964,7,1964-10-13,86900,10,
Blackwater MD,Blackwater N.W.,1964,8,1964-10-20,71900,10,
Blackwater MD,Blackwater N.W.,1964,9,1964-10-27,72900,10,
Blackwater MD,Blackwater N.W.,1964,10,1964-11-03,53300,10,
Blackwater MD,Mackuater_lational M3/11fe.,1965,1,1965-09-01,2850,10,
Blackwater MD,Mackuater_lational M3/11fe.,1965,2,1965-09-08,125,10,
Blackwater MD,Mackuater_lational M3/11fe.,1965,3,1965-09-15,625,10,
Blackwater MD,Mackuater_lational M3/11fe.,1965,4,1965-09-22,2925,10,
Blackwater MD,Mackuater_lational M3/11fe.,1965,5,1965-09-29,700,10,
Blackwater MD,Mackuater_lational M3/11fe.,1965,6,1965-10-06,225,10,
Blackwater MD,Mackuater_lational M3/11fe.,1965,7,1965-10-13,25,10,
Blackwater MD,Mackuater_lational M3/11fe.,1965,8,1965-10-20,1775,10,
Blackwater MD,Mackuater_lational M3/11fe.,1965,9,1965-10-27,25,10,
Blackwater MD,Mackuater_lational M3/11fe.,1965,10,1965-11-03,2825,10,
Blackwater MD,Mackuater_lational M3/11fe.,1965,11,1965-11-10,4930,10,
Blackwater MD,Mackuater_lational M3/11fe.,1965,12,1965-11-17,4030,10,
Blackwater MD,Mackuater_lational M3/11fe.,1965,13,1965-11-24,4250,10,
Blackwater MD,Mackuater_lational M3/11fe.,1965,14,1965-12-01,4250,10,
Blackwater MD,Mackuater_lational M3/11fe.,1965,15,1965-12-08,3250,10,
Blackwater MD,Mackuater_lational M3/11fe.,1965,16,1965-12-15,4230,10,
Blackwater MD,Mackuater_lational M3/11fe.,1965,17,1965-12-22,2250,10,
Blackwater MD,Mackuater_lational M3/11fe.,1965,18,1965-12-29,3250,10,
Blackwater MD,Mackuater_lational M3/11fe.,1965,19,1966-01-05,438695,10,
Blackwater MD,Mackuater_lational M3/11fe.,1965,20,1966-01-12,1,10,
Blackwater MD,Mackuater_lational M3/11fe.,1965,21,1966-01-19,1680,10,
Blackwater MD,BLackwater N.W.,1966,1,1966-09-01,2125,10,0.4561
Blackwater MD,BLackwater N.W.,1966,2,1966-09-08,2525,10,0.4561
Blackwater MD,BLackwater N.W.,1966,3,1966-09-15,3100,10,0.4561
Blackwater MD,BLackwater N.W.,1966,4,1966-09-22,3400,10,0.4561
Blackwater MD,BLackwater N.W.,1966,5,1966-09-29,12600,10,0.4561
Blackwater MD,BLackwater N.W.,1966,6,1966-10-06,22825,10,0.4561
Blackwater MD,BLackwater N.W.,1966,7,1966-10-13,61030,10,0.4561
Blackwater MD,BLackwater N.W.,1966,8,1966-10-20,65105,10,0.4561
Blackwater MD,BLackwater N.W.,1966,9,1966-10-27,63110,10,0.4561
Blackwater MD,BLackwater N.W.,1966,10,1966-11-03,79380,10,0.4561
Blackwater MD,BLackwater N.W.,1966,11,1966-11-10,96450,10,0.4561
Blackwater MD,BLackwater N.W.,1966,12,1966-11-17,95850,10,0.4561
Blackwater MD,BLackwater N.W.,1966,13,1966-11-24,98055,10,0.4561
Blackwater MD,BLackwater N.W.,1966,14,1966-12-01,114300,10,0.4561
Blackwater MD,BLackwater N.W.,1966,15,1966-12-08,89375,10,0.4561
Blackwater MD,BLackwater N.W.,1966,16,1966-12-15,40700,10,0.4561
Blackwater MD,BLackwater N.W.,1966,17,1966-12-22,60700,10,0.4561
Blackwater MD,BLackwater N.W.,1966,18,1966-12-29,60700,10,0.4561
Blackwater MD,Snaauehenna Me We Refuge,1968,1,1968-09-01,1500,8,0.4762
Blackwater MD,Snaauehenna Me We Refuge,1968,2,1968-09-08,3500,8,0.4762
Blackwater MD,Snaauehenna Me We Refuge,1968,3,1968-09-15,6500,8,0.4762
Blackwater MD,Snaauehenna Me We Refuge,1968,4,1968-09-22,20800,8,0.4762
Blackwater MD,Snaauehenna Me We Refuge,1968,5,1968-09-29,17500,8,0.4762
Blackwater MD,Snaauehenna Me We Refuge,1968,6,1968-10-06,6500,8,0.4762
Blackwater MD,Snaauehenna Me We Refuge,1968,7,1968-10-13,6500,8,0.4762
Blackwater MD,Snaauehenna Me We Refuge,1968,8,1968-10-20,7100,8,0.4762
Blackwater MD,Snaauehenna Me We Refuge,1968,11,1968-11-10,51250,8,0.4762
Blackwater MD,Snaauehenna Me We Refuge,1968,12,1968-11-17,9600,8,0.4762
Blackwater MD,Snaauehenna Me We Refuge,1968,13,1968-11-24,6650,8,0.4762
Blackwater MD,Snaauehenna Me We Refuge,1968,14,1968-12-01,4900,8,0.4762
Blackwater MD,Snaauehenna Me We Refuge,1968,15,1968-12-08,3300,8,0.4762
Blackwater MD,Snaauehenna Me We Refuge,1968,16,1968-12-15,800,8,0.4762
Blackwater MD,Snaauehenna Me We Refuge,1968,17,1968-12-22,1000,8,0.4762
Blackwater MD,Blackwater,1969,1,1969-09-01,2600,10,
Blackwater MD,Blackwater,1969,2,1969-09-08,1925,10,
Blackwater MD,Blackwater,1969,3,1969-09-15,1400,10,
Blackwater MD,Blackwater,1969,4,1969-09-22,1275,10,
Blackwater MD,Blackwater,1969,5,1969-09-29,1175,10,
Blackwater MD,Blackwater,1969,6,1969-10-06,1100,10,
Blackwater MD,Blackwater,1969,7,1969-10-13,1175,10,
Blackwater MD,Blackwater,1969,8,1969-10-20,1075,10,
Blackwater MD,Blackwater,1969,9,1969-10-27,1175,10,
Blackwater MD,Blackwater,1969,10,1969-11-03,1175,10,
Blackwater MD,Blackwater,1969,11,1969-11-10,1100,10,
Blackwater MD,Blackwater,1969,12,1969-11-17,1100,10,
Blackwater MD,Blackwater,1969,13,1969-11-24,1100,10,
Blackwater MD,Blackwater,1969,14,1969-12-01,1200,10,
Blackwater MD,Blackwater,1969,15,1969-12-08,1200,10,
Blackwater MD,Blackwater,1969,16,1969-12-15,1200,10,
Blackwater MD,Blackwater,1969,17,1969-12-22,1300,10,
Blackwater MD,Blackwater,1969,18,1969-12-29,50,10,
Blackwater MD,Blackwater,1969,19,1970-01-05,162225,10,
Blackwater MD,Blackwater,1969,20,1970-01-12,60,10,
Blackwater MD,Blackwater,1969,21,1970-01-19,800,10,
Blackwater MD,Blackwater N. W. Refuge,1970,1,1970-09-01,2800,10,20.8217
Blackwater MD,Blackwater N. W. Refuge,1970,2,1970-09-08,2550,10,20.8217
Blackwater MD,Blackwater N. W. Refuge,1970,3,1970-09-15,1860,10,20.8217
Blackwater MD,Blackwater N. W. Refuge,1970,4,1970-09-22,900,10,20.8217
Blackwater MD,Blackwater N. W. Refuge,1970,5,1970-09-29,1400,10,20.8217
Blackwater MD,Blackwater N. W. Refuge,1970,6,1970-10-06,1350,10,20.8217
Blackwater MD,Blackwater N. W. Refuge,1970,7,1970-10-13,1350,10,20.8217
Blackwater MD,Blackwater N. W. Refuge,1970,8,1970-10-20,1350,10,20.8217
Blackwater MD,Blackwater N. W. Refuge,1970,9,1970-10-27,1350,10,20.8217
Blackwater MD,Blackwater N. W. Refuge,1970,10,1970-11-03,1350,10,20.8217
Blackwater MD,Blackwater N. W. Refuge,1970,11,1970-11-10,350,10,20.8217
Blackwater MD,Blackwater N. W. Refuge,1970,12,1970-11-17,350,10,20.8217
Blackwater MD,Blackwater N. W. Refuge,1970,13,1970-11-24,350,10,20.8217
Blackwater MD,Blackwater N. W. Refuge,1970,14,1970-12-01,350,10,20.8217
Blackwater MD,Blackwater N. W. Refuge,1970,15,1970-12-08,350,10,20.8217
Blackwater MD,Blackwater N. W. Refuge,1970,16,1970-12-15,600,10,20.8217
Blackwater MD,Blackwater N. W. Refuge,1970,17,1970-12-22,800,10,20.8217
Blackwater MD,Blackwater N. W. Refuge,1971,1,1971-09-01,800,10,0.1017
Blackwater MD,Blackwater N. W. Refuge,1971,2,1971-09-08,1300,10,0.1017
Blackwater MD,Blackwater N. W. Refuge,1971,3,1971-09-15,2000,10,0.1017
Blackwater MD,Blackwater N. W. Refuge,1971,4,1971-09-22,2765,10,0.1017
Blackwater MD,Blackwater N. W. Refuge,1971,5,1971-09-29,6715,10,0.1017
Blackwater MD,Blackwater N. W. Refuge,1971,6,1971-10-06,10465,10,0.1017
Blackwater MD,Blackwater N. W. Refuge,1971,7,1971-10-13,13280,10,0.1017
Blackwater MD,Blackwater N. W. Refuge,1971,8,1971-10-20,16131,10,0.1017
Blackwater MD,Blackwater N. W. Refuge,1971,9,1971-10-27,24380,10,0.1017
Blackwater MD,Blackwater N. W. Refuge,1971,10,1971-11-03,18676,10,0.1017
Blackwater MD,Blackwater N. W. Refuge,1971,11,1971-11-10,19325,10,0.1017
Blackwater MD,Blackwater N. W. Refuge,1971,12,1971-11-17,26675,10,0.1017
Blackwater MD,Blackwater N. W. Refuge,1971,13,1971-11-24,31683,10,0.1017
Blackwater MD,Blackwater N. W. Refuge,1971,14,1971-12-01,20675,10,0.1017
Blackwater MD,Blackwater N. W. Refuge,1971,15,1971-12-08,25675,10,0.1017
Blackwater MD,Blackwater N. W. Refuge,1971,16,1971-12-15,14675,10,0.1017
Blackwater MD,Blackwater N. W. Refuge,1971,17,1971-12-22,14675,10,0.1017
Blackwater MD,Blackwater N. W. Refuge,1971,18,1971-12-29,13475,10,0.1017
Bosque del Apache,Bosque del Apache Refuge,1953,1,1953-09-01,602,10,0.3224
Bosque del Apache,Bosque del Apache Refuge,1953,2,1953-09-08,618,10,0.3224
Bosque del Apache,Bosque del Apache Refuge,1953,3,1953-09-15,643,10,0.3224
Bosque del Apache,Bosque del Apache Refuge,1953,4,1953-09-22,570,10,0.3224
Bosque del Apache,Bosque del Apache Refuge,1953,5,1953-09-29,131,10,0.3224
Bosque del Apache,Bosque del Apache Refuge,1953,6,1953-10-06,737,10,0.3224
Bosque del Apache,Bosque del Apache Refuge,1953,7,1953-10-13,1333,10,0.3224
Bosque del Apache,Bosque del Apache Refuge,1953,8,1953-10-20,7854,10,0.3224
Bosque del Apache,Bosque del Apache Refuge,1953,9,1953-10-27,21442,10,0.3224
Bosque del Apache,Bosque del Apache Refuge,1953,10,1953-11-03,30472,10,0.3224
Bosque del Apache,Bosque del Apache Refuge,1953,11,1953-11-10,43954,10,0.3224
Bosque del Apache,Bosque del Apache Refuge,1953,12,1953-11-17,63943,10,0.3224
Bosque del Apache,Bosque del Apache Refuge,1953,13,1953-11-24,336,10,0.3224
Bosque del Apache,Bosque del Apache Refuge,1953,14,1953-12-01,15850,10,0.3224
Bosque del Apache,Bosque del Apache Refuge,1953,15,1953-12-08,48854,10,0.3224
Bosque del Apache,Bosque del Apache Refuge,1953,16,1953-12-15,25501,10,0.3224
Bosque del Apache,Bosque del Apache Refuge,1953,17,1953-12-22,21065,10,0.3224
Bosque del Apache,Bosque del Apache Refuge,1953,18,1953-12-29,285,10,0.3224
Bosque del Apache,Bosque del Apache Refuce,1954,1,1954-09-01,1670,10,0.4112
Bosque del Apache,Bosque del Apache Refuce,1954,2,1954-09-08,1465,10,0.4112
Bosque del Apache,Bosque del Apache Refuce,1954,3,1954-09-15,3273,10,0.4112
Bosque del Apache,Bosque del Apache Refuce,1954,4,1954-09-22,4611,10,0.4112
Bosque del Apache,Bosque del Apache Refuce,1954,5,1954-09-29,5240,10,0.4112
Bosque del Apache,Bosque del Apache Refuce,1954,6,1954-10-06,8968,10,0.4112
Bosque del Apache,Bosque del Apache Refuce,1954,7,1954-10-13,260,10,0.4112
Bosque del Apache,Bosque del Apache Refuce,1954,8,1954-10-20,15394,10,0.4112
Bosque del Apache,Bosque del Apache Refuce,1954,9,1954-10-27,24276,10,0.4112
Bosque del Apache,Bosque del Apache Refuce,1954,10,1954-11-03,25322,10,0.4112
Bosque del Apache,Bosque del Apache Refuce,1954,11,1954-11-10,10101,10,0.4112
Bosque del Apache,Bosque del Apache Refuce,1954,12,1954-11-17,5205,10,0.4112
Bosque del Apache,Bosque del Apache Refuce,1954,13,1954-11-24,345,10,0.4112
Bosque del Apache,Bosque del Apache Refuce,1954,14,1954-12-01,18357,10,0.4112
Bosque del Apache,Bosque del Apache Refuce,1954,15,1954-12-08,21988,10,0.4112
Bosque del Apache,Bosque del Apache Refuce,1954,16,1954-12-15,30450,10,0.4112
Bosque del Apache,Bosque del Apache Refuce,1954,17,1954-12-22,24489,10,0.4112
Bosque del Apache,Bosque del Apache Refuce,1954,18,1954-12-29,24427,10,0.4112
Bosque del Apache,Bosque del Apache,1955,1,1955-09-01,2891,9,0.2422
Bosque del Apache,Bosque del Apache,1955,2,1955-09-08,2285,9,0.2422
Bosque del Apache,Bosque del Apache,1955,3,1955-09-15,4096,9,0.2422
Bosque del Apache,Bosque del Apache,1955,4,1955-09-22,12720,9,0.2422
Bosque del Apache,Bosque del Apache,1955,5,1955-09-29,8910,9,0.2422
Bosque del Apache,Bosque del Apache,1955,6,1955-10-06,2149,9,0.2422
Bosque del Apache,Bosque del Apache,1955,7,1955-10-13,1548,9,0.2422
Bosque del Apache,Bosque del Apache,1955,8,1955-10-20,1490,9,0.2422
Bosque del Apache,Bosque del Apache,1955,9,1955-10-27,1699,9,0.2422
Bosque del Apache,Bosque del Apache,1955,11,1955-11-10,300,9,0.2422
Bosque del Apache,Bosque del Apache,1955,12,1955-11-17,3957,9,0.2422
Bosque del Apache,Bosque del Apache,1955,13,1955-11-24,60,9,0.2422
Bosque del Apache,Bosque del Apache,1955,14,1955-12-01,5667,9,0.2422
Bosque del Apache,Bosque del Apache,1955,15,1955-12-08,6240,9,0.2422
Bosque del Apache,Bosque del Apache,1955,16,1955-12-15,15842,9,0.2422
Bosque del Apache,Bosque del Apache,1955,17,1955-12-22,20603,9,0.2422
Bosque del Apache,Bosque del Apache,1955,18,1955-12-29,1194,9,0.2422
Bosque del Apache,Bosque del Apache Nationel Wildlife Refu,1956,1,1956-09-01,460,9,
Bosque del Apache,Bosque del Apache Nationel Wildlife Refu,1956,2,1956-09-08,740,9,
Bosque del Apache,Bosque del Apache Nationel Wildlife Refu,1956,3,1956-09-15,277,9,
Bosque del Apache,Bosque del Apache Nationel Wildlife Refu,1956,4,1956-09-22,153,9,
Bosque del Apache,Bosque del Apache Nationel Wildlife Refu,1956,5,1956-09-29,1775,9,
Bosque del Apache,Bosque del Apache Nationel Wildlife Refu,1956,6,1956-10-06,856,9,
Bosque del Apache,Bosque del Apache Nationel Wildlife Refu,1956,7,1956-10-13,1358,9,
Bosque del Apache,Bosque del Apache Nationel Wildlife Refu,1956,8,1956-10-20,9722,9,
Bosque del Apache,Bosque del Apache Nationel Wildlife Refu,1956,9,1956-10-27,12513,9,
Bosque del Apache,Bosque del Apache Nationel Wildlife Refu,1956,11,1956-11-10,25250,9,
Bosque del Apache,Bosque del Apache Nationel Wildlife Refu,1956,12,1956-11-17,13511,9,
Bosque del Apache,Bosque del Apache Nationel Wildlife Refu,1956,13,1956-11-24,102,9,
Bosque del Apache,Bosque del Apache Nationel Wildlife Refu,1956,14,1956-12-01,6871,9,
Bosque del Apache,Bosque del Apache Nationel Wildlife Refu,1956,15,1956-12-08,5564,9,
Bosque del Apache,Bosque del Apache Nationel Wildlife Refu,1956,16,1956-12-15,5417,9,
Bosque del Apache,Bosque del Apache Nationel Wildlife Refu,1956,17,1956-12-22,2605,9,
Bosque del Apache,Bosque del Apache Nationel Wildlife Refu,1956,18,1956-12-29,315,9,
Bosque del Apache,3-1750 Form NR-1 (Rev. March 1953) WATER,1957,1,1957-09-01,1214,10,0.0497
Bosque del Apache,3-1750 Form NR-1 (Rev. March 1953) WATER,1957,2,1957-09-08,2674,10,0.0497
Bosque del Apache,3-1750 Form NR-1 (Rev. March 1953) WATER,1957,3,1957-09-15,6743,10,0.0497
Bosque del Apache,3-1750 Form NR-1 (Rev. March 1953) WATER,1957,4,1957-09-22,7628,10,0.0497
Bosque del Apache,3-1750 Form NR-1 (Rev. March 1953) WATER,1957,5,1957-09-29,8645,10,0.0497
Bosque del Apache,3-1750 Form NR-1 (Rev. March 1953) WATER,1957,6,1957-10-06,10279,10,0.0497
Bosque del Apache,3-1750 Form NR-1 (Rev. March 1953) WATER,1957,7,1957-10-13,202,10,0.0497
Bosque del Apache,3-1750 Form NR-1 (Rev. March 1953) WATER,1957,8,1957-10-20,11607,10,0.0497
Bosque del Apache,3-1750 Form NR-1 (Rev. March 1953) WATER,1957,9,1957-10-27,10710,10,0.0497
Bosque del Apache,3-1750 Form NR-1 (Rev. March 1953) WATER,1957,10,1957-11-03,10030,10,0.0497
Bosque del Apache,3-1750 Form NR-1 (Rev. March 1953) WATER,1957,11,1957-11-10,6567,10,0.0497
Bosque del Apache,3-1750 Form NR-1 (Rev. March 1953) WATER,1957,12,1957-11-17,25797,10,0.0497
Bosque del Apache,3-1750 Form NR-1 (Rev. March 1953) WATER,1957,13,1957-11-24,18305,10,0.0497
Bosque del Apache,3-1750 Form NR-1 (Rev. March 1953) WATER,1957,14,1957-12-01,34521,10,0.0497
Bosque del Apache,3-1750 Form NR-1 (Rev. March 1953) WATER,1957,15,1957-12-08,39831,10,0.0497
Bosque del Apache,3-1750 Form NR-1 (Rev. March 1953) WATER,1957,16,1957-12-15,6405,10,0.0497
Bosque del Apache,3-1750 Form NR-1 (Rev. March 1953) WATER,1957,17,1957-12-22,9911,10,0.0497
Bosque del Apache,Bosque del Apache Refuge,1958,1,1958-09-01,1060,10,0.0
Bosque del Apache,Bosque del Apache Refuge,1958,2,1958-09-08,1573,10,0.0
Bosque del Apache,Bosque del Apache Refuge,1958,3,1958-09-15,2000,10,0.0
Bosque del Apache,Bosque del Apache Refuge,1958,4,1958-09-22,2628,10,0.0
Bosque del Apache,Bosque del Apache Refuge,1958,5,1958-09-29,3376,10,0.0
Bosque del Apache,Bosque del Apache Refuge,1958,6,1958-10-06,5959,10,0.0
Bosque del Apache,Bosque del Apache Refuge,1958,7,1958-10-13,8275,10,0.0
Bosque del Apache,Bosque del Apache Refuge,1958,8,1958-10-20,10717,10,0.0
Bosque del Apache,Bosque del Apache Refuge,1958,9,1958-10-27,11050,10,0.0
Bosque del Apache,Bosque del Apache Refuge,1958,10,1958-11-03,7603,10,0.0
Bosque del Apache,Bosque del Apache Refuge,1958,11,1958-11-10,7147,10,0.0
Bosque del Apache,Bosque del Apache Refuge,1958,12,1958-11-17,6030,10,0.0
Bosque del Apache,Bosque del Apache Refuge,1958,13,1958-11-24,2406,10,0.0
Bosque del Apache,Bosque del Apache Refuge,1958,14,1958-12-01,2860,10,0.0
Bosque del Apache,Bosque del Apache Refuge,1958,15,1958-12-08,5659,10,0.0
Bosque del Apache,Bosque del Apache Refuge,1958,16,1958-12-15,6183,10,0.0
Bosque del Apache,Bosque del Apache Refuge,1958,17,1958-12-22,5680,10,0.0
Bosque del Apache,Bosque del Apache Refuge,1958,18,1958-12-29,3670,10,0.0
Bosque del Apache,Bosque del Apache Nat'1 Wildlife Refuge,1959,1,1959-09-01,252,10,0.039
Bosque del Apache,Bosque del Apache Nat'1 Wildlife Refuge,1959,2,1959-09-08,252,10,0.039
Bosque del Apache,Bosque del Apache Nat'1 Wildlife Refuge,1959,3,1959-09-15,3115,10,0.039
Bosque del Apache,Bosque del Apache Nat'1 Wildlife Refuge,1959,4,1959-09-22,2919,10,0.039
Bosque del Apache,Bosque del Apache Nat'1 Wildlife Refuge,1959,5,1959-09-29,2621,10,0.039
Bosque del Apache,Bosque del Apache Nat'1 Wildlife Refuge,1959,6,1959-10-06,7251,10,0.039
Bosque del Apache,Bosque del Apache Nat'1 Wildlife Refuge,1959,7,1959-10-13,4592,10,0.039
Bosque del Apache,Bosque del Apache Nat'1 Wildlife Refuge,1959,8,1959-10-20,10008,10,0.039
Bosque del Apache,Bosque del Apache Nat'1 Wildlife Refuge,1959,9,1959-10-27,11130,10,0.039
Bosque del Apache,Bosque del Apache Nat'1 Wildlife Refuge,1959,10,1959-11-03,7930,10,0.039
Bosque del Apache,Bosque del Apache Nat'1 Wildlife Refuge,1959,11,1959-11-10,5219,10,0.039
Bosque del Apache,Bosque del Apache Nat'1 Wildlife Refuge,1959,12,1959-11-17,2333,10,0.039
Bosque del Apache,Bosque del Apache Nat'1 Wildlife Refuge,1959,13,1959-11-24,2076,10,0.039
Bosque del Apache,Bosque del Apache Nat'1 Wildlife Refuge,1959,14,1959-12-01,3219,10,0.039
Bosque del Apache,Bosque del Apache Nat'1 Wildlife Refuge,1959,15,1959-12-08,1913,10,0.039
Bosque del Apache,Bosque del Apache Nat'1 Wildlife Refuge,1959,16,1959-12-15,3803,10,0.039
Bosque del Apache,Bosque del Apache Nat'1 Wildlife Refuge,1959,17,1959-12-22,3883,10,0.039
Bosque del Apache,Bosque del Apache Nat'1 Wildlife Refuge,1959,18,1959-12-29,1298,10,0.039
Bosque del Apache,3-1750 Fórm NR-1 (Rev. March 1953) WATER,1960,1,1960-09-01,516,7,0.7624
Bosque del Apache,3-1750 Fórm NR-1 (Rev. March 1953) WATER,1960,2,1960-09-08,491,7,0.7624
Bosque del Apache,3-1750 Fórm NR-1 (Rev. March 1953) WATER,1960,3,1960-09-15,796,7,0.7624
Bosque del Apache,3-1750 Fórm NR-1 (Rev. March 1953) WATER,1960,4,1960-09-22,682,7,0.7624
Bosque del Apache,3-1750 Fórm NR-1 (Rev. March 1953) WATER,1960,5,1960-09-29,1616,7,0.7624
Bosque del Apache,3-1750 Fórm NR-1 (Rev. March 1953) WATER,1960,6,1960-10-06,1771,7,0.7624
Bosque del Apache,3-1750 Fórm NR-1 (Rev. March 1953) WATER,1960,7,1960-10-13,1352,7,0.7624
Bosque del Apache,3-1750 Fórm NR-1 (Rev. March 1953) WATER,1960,11,1960-11-10,2263,7,0.7624
Bosque del Apache,3-1750 Fórm NR-1 (Rev. March 1953) WATER,1960,12,1960-11-17,1831,7,0.7624
Bosque del Apache,3-1750 Fórm NR-1 (Rev. March 1953) WATER,1960,13,1960-11-24,3608,7,0.7624
Bosque del Apache,3-1750 Fórm NR-1 (Rev. March 1953) WATER,1960,14,1960-12-01,3506,7,0.7624
Bosque del Apache,3-1750 Fórm NR-1 (Rev. March 1953) WATER,1960,15,1960-12-08,5092,7,0.7624
Bosque del Apache,3-1750 Fórm NR-1 (Rev. March 1953) WATER,1960,16,1960-12-15,4833,7,0.7624
Bosque del Apache,3-1750 Fórm NR-1 (Rev. March 1953) WATER,1960,17,1960-12-22,226,7,0.7624
Bosque del Apache,Bosgue Refuge,1961,1,1961-09-01,382,10,0.0097
Bosque del Apache,Bosgue Refuge,1961,2,1961-09-08,605,10,0.0097
Bosque del Apache,Bosgue Refuge,1961,3,1961-09-15,789,10,0.0097
Bosque del Apache,Bosgue Refuge,1961,4,1961-09-22,1123,10,0.0097
Bosque del Apache,Bosgue Refuge,1961,5,1961-09-29,2345,10,0.0097
Bosque del Apache,Bosgue Refuge,1961,6,1961-10-06,2386,10,0.0097
Bosque del Apache,Bosgue Refuge,1961,7,1961-10-13,3753,10,0.0097
Bosque del Apache,Bosgue Refuge,1961,8,1961-10-20,2979,10,0.0097
Bosque del Apache,Bosgue Refuge,1961,9,1961-10-27,4578,10,0.0097
Bosque del Apache,Bosgue Refuge,1961,10,1961-11-03,3592,10,0.0097
Bosque del Apache,Bosgue Refuge,1961,11,1961-11-10,6232,10,0.0097
Bosque del Apache,Bosgue Refuge,1961,12,1961-11-17,5765,10,0.0097
Bosque del Apache,Bosgue Refuge,1961,13,1961-11-24,5611,10,0.0097
Bosque del Apache,Bosgue Refuge,1961,14,1961-12-01,5965,10,0.0097
Bosque del Apache,Bosgue Refuge,1961,15,1961-12-08,6088,10,0.0097
Bosque del Apache,Bosgue Refuge,1961,16,1961-12-15,8742,10,0.0097
Bosque del Apache,Bosgue Refuge,1961,17,1961-12-22,7007,10,0.0097
Bosque del Apache,Bosgue Refuge,1961,18,1961-12-29,7732,10,0.0097
Bosque del Apache,Bosque del Apache,1962,1,1962-09-01,1015,6,0.3163
Bosque del Apache,Bosque del Apache,1962,2,1962-09-08,1851,6,0.3163
Bosque del Apache,Bosque del Apache,1962,3,1962-09-15,2184,6,0.3163
Bosque del Apache,Bosque del Apache,1962,4,1962-09-22,1818,6,0.3163
Bosque del Apache,Bosque del Apache,1962,5,1962-09-29,4405,6,0.3163
Bosque del Apache,Bosque del Apache,1962,6,1962-10-06,9875,6,0.3163
Bosque del Apache,Bosque del Apache,1962,11,1962-11-10,9190,6,0.3163
Bosque del Apache,Bosque del Apache,1962,12,1962-11-17,8728,6,0.3163
Bosque del Apache,Bosque del Apache,1962,13,1962-11-24,9524,6,0.3163
Bosque del Apache,Bosque del Apache,1962,14,1962-12-01,8807,6,0.3163
Bosque del Apache,Bosque del Apache,1962,15,1962-12-08,8600,6,0.3163
Bosque del Apache,Bosque del Apache NWR,1963,1,1963-09-01,38,10,0.215
Bosque del Apache,Bosque del Apache NWR,1963,2,1963-09-08,38,10,0.215
Bosque del Apache,Bosque del Apache NWR,1963,3,1963-09-15,670,10,0.215
Bosque del Apache,Bosque del Apache NWR,1963,4,1963-09-22,1668,10,0.215
Bosque del Apache,Bosque del Apache NWR,1963,5,1963-09-29,1700,10,0.215
Bosque del Apache,Bosque del Apache NWR,1963,6,1963-10-06,1600,10,0.215
Bosque del Apache,Bosque del Apache NWR,1963,7,1963-10-13,1831,10,0.215
Bosque del Apache,Bosque del Apache NWR,1963,8,1963-10-20,18250,10,0.215
Bosque del Apache,Bosque del Apache NWR,1963,9,1963-10-27,3184,10,0.215
Bosque del Apache,Bosque del Apache NWR,1963,10,1963-11-03,825,10,0.215
Bosque del Apache,Bosque del Apache NWR,1963,11,1963-11-10,1060,10,0.215
Bosque del Apache,Bosque del Apache NWR,1963,12,1963-11-17,1677,10,0.215
Bosque del Apache,Bosque del Apache NWR,1963,13,1963-11-24,2615,10,0.215
Bosque del Apache,Bosque del Apache NWR,1963,14,1963-12-01,3383,10,0.215
Bosque del Apache,Bosque del Apache NWR,1963,15,1963-12-08,3724,10,0.215
Bosque del Apache,Bosque del Apache NWR,1963,16,1963-12-15,7636,10,0.215
Bosque del Apache,Bosque del Apache NWR,1963,17,1963-12-22,5353,10,0.215
Bosque del Apache,Bosque del Apache NWR,1963,18,1963-12-29,5295,10,0.215
Bosque del Apache,3-1750 Form NR-1 (Rev. March 1953) WATER,1964,1,1964-09-01,70,10,0.083
Bosque del Apache,3-1750 Form NR-1 (Rev. March 1953) WATER,1964,2,1964-09-08,70,10,0.083
Bosque del Apache,3-1750 Form NR-1 (Rev. March 1953) WATER,1964,3,1964-09-15,165,10,0.083
Bosque del Apache,3-1750 Form NR-1 (Rev. March 1953) WATER,1964,4,1964-09-22,268,10,0.083
Bosque del Apache,3-1750 Form NR-1 (Rev. March 1953) WATER,1964,5,1964-09-29,595,10,0.083
Bosque del Apache,3-1750 Form NR-1 (Rev. March 1953) WATER,1964,6,1964-10-06,2115,10,0.083
Bosque del Apache,3-1750 Form NR-1 (Rev. March 1953) WATER,1964,7,1964-10-13,500,10,0.083
Bosque del Apache,3-1750 Form NR-1 (Rev. March 1953) WATER,1964,8,1964-10-20,1552,10,0.083
Bosque del Apache,3-1750 Form NR-1 (Rev. March 1953) WATER,1964,9,1964-10-27,427,10,0.083
Bosque del Apache,3-1750 Form NR-1 (Rev. March 1953) WATER,1964,10,1964-11-03,808,10,0.083
Bosque del Apache,3-1750 Form NR-1 (Rev. March 1953) WATER,1964,11,1964-11-10,1234,10,0.083
Bosque del Apache,3-1750 Form NR-1 (Rev. March 1953) WATER,1964,12,1964-11-17,2390,10,0.083
Bosque del Apache,3-1750 Form NR-1 (Rev. March 1953) WATER,1964,13,1964-11-24,685,10,0.083
Bosque del Apache,3-1750 Form NR-1 (Rev. March 1953) WATER,1964,14,1964-12-01,745,10,0.083
Bosque del Apache,3-1750 Form NR-1 (Rev. March 1953) WATER,1964,15,1964-12-08,853,10,0.083
Bosque del Apache,3-1750 Form NR-1 (Rev. March 1953) WATER,1964,16,1964-12-15,4620,10,0.083
Bosque del Apache,3-1750 Form NR-1 (Rev. March 1953) WATER,1964,17,1964-12-22,5218,10,0.083
Bosque del Apache,3-1750 Form NR-1 (Rev. March 1953) WATER,1964,18,1964-12-29,6230,10,0.083
Bosque del Apache,Bosque del Apache NWR,1965,1,1965-09-01,10,10,0.0211
Bosque del Apache,Bosque del Apache NWR,1965,2,1965-09-08,207,10,0.0211
Bosque del Apache,Bosque del Apache NWR,1965,3,1965-09-15,655,10,0.0211
Bosque del Apache,Bosque del Apache NWR,1965,4,1965-09-22,553,10,0.0211
Bosque del Apache,Bosque del Apache NWR,1965,5,1965-09-29,95,10,0.0211
Bosque del Apache,Bosque del Apache NWR,1965,6,1965-10-06,180,10,0.0211
Bosque del Apache,Bosque del Apache NWR,1965,7,1965-10-13,35,10,0.0211
Bosque del Apache,Bosque del Apache NWR,1965,8,1965-10-20,2820,10,0.0211
Bosque del Apache,Bosque del Apache NWR,1965,9,1965-10-27,8005,10,0.0211
Bosque del Apache,Bosque del Apache NWR,1965,10,1965-11-03,2766,10,0.0211
Bosque del Apache,Bosque del Apache NWR,1965,11,1965-11-10,841,10,0.0211
Bosque del Apache,Bosque del Apache NWR,1965,12,1965-11-17,178,10,0.0211
Bosque del Apache,Bosque del Apache NWR,1965,13,1965-11-24,537,10,0.0211
Bosque del Apache,Bosque del Apache NWR,1965,14,1965-12-01,1370,10,0.0211
Bosque del Apache,Bosque del Apache NWR,1965,15,1965-12-08,1195,10,0.0211
Bosque del Apache,Bosque del Apache NWR,1965,16,1965-12-15,10580,10,0.0211
Bosque del Apache,Bosque del Apache NWR,1965,17,1965-12-22,12600,10,0.0211
Bosque del Apache,Bosque del Apache NWR,1965,18,1965-12-29,9330,10,0.0211
Bosque del Apache,Bosque del Apache NWR,1966,1,1966-09-01,34,10,0.0178
Bosque del Apache,Bosque del Apache NWR,1966,2,1966-09-08,85,10,0.0178
Bosque del Apache,Bosque del Apache NWR,1966,3,1966-09-15,140,10,0.0178
Bosque del Apache,Bosque del Apache NWR,1966,4,1966-09-22,243,10,0.0178
Bosque del Apache,Bosque del Apache NWR,1966,5,1966-09-29,375,10,0.0178
Bosque del Apache,Bosque del Apache NWR,1966,6,1966-10-06,729,10,0.0178
Bosque del Apache,Bosque del Apache NWR,1966,7,1966-10-13,1270,10,0.0178
Bosque del Apache,Bosque del Apache NWR,1966,8,1966-10-20,1020,10,0.0178
Bosque del Apache,Bosque del Apache NWR,1966,9,1966-10-27,2475,10,0.0178
Bosque del Apache,Bosque del Apache NWR,1966,10,1966-11-03,4370,10,0.0178
Bosque del Apache,Bosque del Apache NWR,1966,11,1966-11-10,2570,10,0.0178
Bosque del Apache,Bosque del Apache NWR,1966,12,1966-11-17,974,10,0.0178
Bosque del Apache,Bosque del Apache NWR,1966,13,1966-11-24,1192,10,0.0178
Bosque del Apache,Bosque del Apache NWR,1966,14,1966-12-01,2483,10,0.0178
Bosque del Apache,Bosque del Apache NWR,1966,15,1966-12-08,2692,10,0.0178
Bosque del Apache,Bosque del Apache NWR,1966,16,1966-12-15,3524,10,0.0178
Bosque del Apache,Bosque del Apache NWR,1966,17,1966-12-22,3270,10,0.0178
Bosque del Apache,Bosque del Apache NWR,1966,18,1966-12-29,3285,10,0.0178
Bosque del Apache,Bosgue del Apache NWR,1967,1,1967-09-01,110,10,0.0203
Bosque del Apache,Bosgue del Apache NWR,1967,2,1967-09-08,200,10,0.0203
Bosque del Apache,Bosgue del Apache NWR,1967,3,1967-09-15,1260,10,0.0203
Bosque del Apache,Bosgue del Apache NWR,1967,4,1967-09-22,2632,10,0.0203
Bosque del Apache,Bosgue del Apache NWR,1967,5,1967-09-29,1860,10,0.0203
Bosque del Apache,Bosgue del Apache NWR,1967,6,1967-10-06,3840,10,0.0203
Bosque del Apache,Bosgue del Apache NWR,1967,7,1967-10-13,3394,10,0.0203
Bosque del Apache,Bosgue del Apache NWR,1967,8,1967-10-20,2452,10,0.0203
Bosque del Apache,Bosgue del Apache NWR,1967,9,1967-10-27,5060,10,0.0203
Bosque del Apache,Bosgue del Apache NWR,1967,10,1967-11-03,6015,10,0.0203
Bosque del Apache,Bosgue del Apache NWR,1967,11,1967-11-10,6600,10,0.0203
Bosque del Apache,Bosgue del Apache NWR,1967,12,1967-11-17,12460,10,0.0203
Bosque del Apache,Bosgue del Apache NWR,1967,13,1967-11-24,13050,10,0.0203
Bosque del Apache,Bosgue del Apache NWR,1967,14,1967-12-01,13310,10,0.0203
Bosque del Apache,Bosgue del Apache NWR,1967,15,1967-12-08,12640,10,0.0203
Bosque del Apache,Bosgue del Apache NWR,1967,16,1967-12-15,5870,10,0.0203
Bosque del Apache,Bosgue del Apache NWR,1967,17,1967-12-22,6365,10,0.0203
Bosque del Apache,Bosque del Apache SHB,1968,1,1968-09-01,100,10,
Bosque del Apache,Bosque del Apache SHB,1968,2,1968-09-08,200,10,
Bosque del Apache,Bosque del Apache SHB,1968,3,1968-09-15,222,10,
Bosque del Apache,Bosque del Apache SHB,1968,4,1968-09-22,290,10,
Bosque del Apache,Bosque del Apache SHB,1968,5,1968-09-29,1580,10,
Bosque del Apache,Bosque del Apache SHB,1968,6,1968-10-06,3550,10,
Bosque del Apache,Bosque del Apache SHB,1968,7,1968-10-13,3925,10,
Bosque del Apache,Bosque del Apache SHB,1968,8,1968-10-20,4750,10,
Bosque del Apache,Bosque del Apache SHB,1968,9,1968-10-27,2925,10,
Bosque del Apache,Bosque del Apache SHB,1968,10,1968-11-03,5850,10,
Bosque del Apache,Bosque del Apache IWR,1970,1,1970-09-01,524,10,0.1851
Bosque del Apache,Bosque del Apache IWR,1970,2,1970-09-08,608,10,0.1851
Bosque del Apache,Bosque del Apache IWR,1970,3,1970-09-15,677,10,0.1851
Bosque del Apache,Bosque del Apache IWR,1970,4,1970-09-22,742,10,0.1851
Bosque del Apache,Bosque del Apache IWR,1970,5,1970-09-29,899,10,0.1851
Bosque del Apache,Bosque del Apache IWR,1970,6,1970-10-06,1220,10,0.1851
Bosque del Apache,Bosque del Apache IWR,1970,7,1970-10-13,1222,10,0.1851
Bosque del Apache,Bosque del Apache IWR,1970,8,1970-10-20,1228,10,0.1851
Bosque del Apache,Bosque del Apache IWR,1970,9,1970-10-27,1573,10,0.1851
Bosque del Apache,Bosque del Apache IWR,1970,10,1970-11-03,1673,10,0.1851
Bosque del Apache,Bosque del Apache IWR,1970,11,1970-11-10,6214,10,0.1851
Bosque del Apache,Bosque del Apache IWR,1970,12,1970-11-17,12463,10,0.1851
Bosque del Apache,Bosque del Apache IWR,1970,13,1970-11-24,17828,10,0.1851
Bosque del Apache,Bosque del Apache IWR,1970,14,1970-12-01,24290,10,0.1851
Bosque del Apache,Bosque del Apache IWR,1970,15,1970-12-08,24942,10,0.1851
Bosque del Apache,Bosque del Apache IWR,1970,16,1970-12-15,24859,10,0.1851
Bosque del Apache,Bosque del Apache IWR,1970,17,1970-12-22,21280,10,0.1851
Bosque del Apache,Bosque del Apache IWR,1970,18,1970-12-29,27680,10,0.1851
Bosque del Apache,Bosque del Apache,1971,1,1971-09-01,154,10,
Bosque del Apache,Bosque del Apache,1971,2,1971-09-08,160,10,
Bosque del Apache,Bosque del Apache,1971,3,1971-09-15,185,10,
Bosque del Apache,Bosque del Apache,1971,4,1971-09-22,177,10,
Bosque del Apache,Bosque del Apache,1971,5,1971-09-29,240,10,
Bosque del Apache,Bosque del Apache,1971,6,1971-10-06,323,10,
Bosque del Apache,Bosque del Apache,1971,7,1971-10-13,786,10,
Bosque del Apache,Bosque del Apache,1971,8,1971-10-20,2337,10,
Bosque del Apache,Bosque del Apache,1971,9,1971-10-27,3579,10,
Bosque del Apache,Bosque del Apache,1971,10,1971-11-03,9213,10,
Crescent Lake,Crosoont Lake,1952,1,1952-09-01,6430,6,
Crescent Lake,Crosoont Lake,1952,2,1952-09-08,6730,6,
Crescent Lake,Crosoont Lake,1952,3,1952-09-15,1683,6,
Crescent Lake,Crosoont Lake,1952,4,1952-09-22,88,6,
Crescent Lake,Crosoont Lake,1952,5,1952-09-29,621,6,
Crescent Lake,Crosoont Lake,1952,6,1952-10-06,7345,6,
Crescent Lake,Greaeent Lake,1953,1,1953-09-01,6336,9,0.1475
Crescent Lake,Greaeent Lake,1953,2,1953-09-08,7278,9,0.1475
Crescent Lake,Greaeent Lake,1953,3,1953-09-15,14310,9,0.1475
Crescent Lake,Greaeent Lake,1953,4,1953-09-22,13510,9,0.1475
Crescent Lake,Greaeent Lake,1953,5,1953-09-29,30100,9,0.1475
Crescent Lake,Greaeent Lake,1953,6,1953-10-06,22020,9,0.1475
Crescent Lake,Greaeent Lake,1953,7,1953-10-13,18800,9,0.1475
Crescent Lake,Greaeent Lake,1953,8,1953-10-20,13445,9,0.1475
Crescent Lake,Greaeent Lake,1953,9,1953-10-27,20760,9,0.1475
Crescent Lake,Greaeent Lake,1953,11,1953-11-10,8150,9,0.1475
Crescent Lake,Greaeent Lake,1953,12,1953-11-17,60,9,0.1475
Crescent Lake,3-1750 Form NR-1 (Rev. March 1953) WATER,1954,1,1954-09-01,8600,10,0.9563
Crescent Lake,3-1750 Form NR-1 (Rev. March 1953) WATER,1954,2,1954-09-08,8600,10,0.9563
Crescent Lake,3-1750 Form NR-1 (Rev. March 1953) WATER,1954,3,1954-09-15,8800,10,0.9563
Crescent Lake,3-1750 Form NR-1 (Rev. March 1953) WATER,1954,4,1954-09-22,10050,10,0.9563
Crescent Lake,3-1750 Form NR-1 (Rev. March 1953) WATER,1954,5,1954-09-29,9750,10,0.9563
Crescent Lake,3-1750 Form NR-1 (Rev. March 1953) WATER,1954,6,1954-10-06,11500,10,0.9563
Crescent Lake,3-1750 Form NR-1 (Rev. March 1953) WATER,1954,7,1954-10-13,12500,10,0.9563
Crescent Lake,3-1750 Form NR-1 (Rev. March 1953) WATER,1954,8,1954-10-20,14000,10,0.9563
Crescent Lake,3-1750 Form NR-1 (Rev. March 1953) WATER,1954,9,1954-10-27,14500,10,0.9563
Crescent Lake,3-1750 Form NR-1 (Rev. March 1953) WATER,1954,10,1954-11-03,9850,10,0.9563
Crescent Lake,3-1750 Form NR-1 (Rev. March 1953) WATER,1954,11,1954-11-10,14975,10,0.9563
Crescent Lake,3-1750 Form NR-1 (Rev. March 1953) WATER,1954,12,1954-11-17,8400,10,0.9563
Crescent Lake,3-1750 Form NR-1 (Rev. March 1953) WATER,1954,13,1954-11-24,8500,10,0.9563
Crescent Lake,3-1750 Form NR-1 (Rev. March 1953) WATER,1954,14,1954-12-01,250,10,0.9563
Crescent Lake,3-1750 Form NR-1 (Rev. March 1953) WATER,1954,15,1954-12-08,250,10,0.9563
Crescent Lake,3-1750 Form NR-1 (Rev. March 1953) WATER,1954,16,1954-12-15,250,10,0.9563
Crescent Lake,3-1750 Form NR-1 (Rev. March 1953) WATER,1954,17,1954-12-22,250,10,0.9563
Crescent Lake,3-1750 Form NR-1 (Rev. March 1953) WATER,1954,18,1954-12-29,250,10,0.9563
Crescent Lake,Cresoent Lake al Wildlife fafuge,1956,1,1956-09-01,9539,9,0.1509
Crescent Lake,Cresoent Lake al Wildlife fafuge,1956,2,1956-09-08,9450,9,0.1509
Crescent Lake,Cresoent Lake al Wildlife fafuge,1956,3,1956-09-15,13500,9,0.1509
Crescent Lake,Cresoent Lake al Wildlife fafuge,1956,4,1956-09-22,16100,9,0.1509
Crescent Lake,Cresoent Lake al Wildlife fafuge,1956,5,1956-09-29,18800,9,0.1509
Crescent Lake,Cresoent Lake al Wildlife fafuge,1956,6,1956-10-06,16760,9,0.1509
Crescent Lake,Cresoent Lake al Wildlife fafuge,1956,7,1956-10-13,15450,9,0.1509
Crescent Lake,Cresoent Lake al Wildlife fafuge,1956,8,1956-10-20,3500,9,0.1509
Crescent Lake,Cresoent Lake al Wildlife fafuge,1956,9,1956-10-27,250,9,0.1509
Crescent Lake,Cresoent Lake al Wildlife fafuge,1956,11,1956-11-10,1050,9,0.1509
Crescent Lake,Crescent Lake National Wilalife Refuge,1957,1,1957-09-01,6775,10,0.0
Crescent Lake,Crescent Lake National Wilalife Refuge,1957,2,1957-09-08,8525,10,0.0
Crescent Lake,Crescent Lake National Wilalife Refuge,1957,3,1957-09-15,13950,10,0.0
Crescent Lake,Crescent Lake National Wilalife Refuge,1957,4,1957-09-22,10950,10,0.0
Crescent Lake,Crescent Lake National Wilalife Refuge,1957,5,1957-09-29,13525,10,0.0
Crescent Lake,Crescent Lake National Wilalife Refuge,1957,6,1957-10-06,14500,10,0.0
Crescent Lake,Crescent Lake National Wilalife Refuge,1957,7,1957-10-13,21040,10,0.0
Crescent Lake,Crescent Lake National Wilalife Refuge,1957,8,1957-10-20,15851,10,0.0
Crescent Lake,Crescent Lake National Wilalife Refuge,1957,9,1957-10-27,13320,10,0.0
Crescent Lake,Crescent Lake National Wilalife Refuge,1957,10,1957-11-03,2865,10,0.0
Crescent Lake,Crescent Lake National Wilalife Refuge,1957,11,1957-11-10,2540,10,0.0
Crescent Lake,Crescent Lake National Wilalife Refuge,1957,12,1957-11-17,240,10,0.0
Crescent Lake,Crescent Lake National Wilalife Refuge,1957,13,1957-11-24,240,10,0.0
Crescent Lake,Crescent Lake National Wilalife Refuge,1957,14,1957-12-01,125,10,0.0
Crescent Lake,Crescent Lake Refuge,1958,1,1958-09-01,4127,9,0.3438
Crescent Lake,Crescent Lake Refuge,1958,2,1958-09-08,3102,9,0.3438
Crescent Lake,Crescent Lake Refuge,1958,3,1958-09-15,2948,9,0.3438
Crescent Lake,Crescent Lake Refuge,1958,4,1958-09-22,4355,9,0.3438
Crescent Lake,Crescent Lake Refuge,1958,5,1958-09-29,5620,9,0.3438
Crescent Lake,Crescent Lake Refuge,1958,6,1958-10-06,2625,9,0.3438
Crescent Lake,Crescent Lake Refuge,1958,7,1958-10-13,3820,9,0.3438
Crescent Lake,Crescent Lake Refuge,1958,8,1958-10-20,3865,9,0.3438
Crescent Lake,Crescent Lake Refuge,1958,9,1958-10-27,2068,9,0.3438
Crescent Lake,Crescent Lake Refuge,1958,11,1958-11-10,2260,9,0.3438
Crescent Lake,Crescent Lake Refuge,1958,12,1958-11-17,175,9,0.3438
Crescent Lake,Crescent Lake Refuge,1959,1,1959-09-01,5570,10,
Crescent Lake,Crescent Lake Refuge,1959,2,1959-09-08,7000,10,
Crescent Lake,Crescent Lake Refuge,1959,3,1959-09-15,8807,10,
Crescent Lake,Crescent Lake Refuge,1959,4,1959-09-22,8180,10,
Crescent Lake,Crescent Lake Refuge,1959,5,1959-09-29,9465,10,
Crescent Lake,Crescent Lake Refuge,1959,6,1959-10-06,10478,10,
Crescent Lake,Crescent Lake Refuge,1959,7,1959-10-13,8400,10,
Crescent Lake,Crescent Lake Refuge,1959,8,1959-10-20,6417,10,
Crescent Lake,Crescent Lake Refuge,1959,9,1959-10-27,5535,10,
Crescent Lake,Crescent Lake Refuge,1959,10,1959-11-03,4505,10,
Crescent Lake,Crescent Lake Refuge,1959,11,1959-11-10,83398,10,
Crescent Lake,Crescent bake,1960,1,1960-09-01,4755,10,0.0
Crescent Lake,Crescent bake,1960,2,1960-09-08,5165,10,0.0
Crescent Lake,Crescent bake,1960,3,1960-09-15,6350,10,0.0
Crescent Lake,Crescent bake,1960,4,1960-09-22,6046,10,0.0
Crescent Lake,Crescent bake,1960,5,1960-09-29,10800,10,0.0
Crescent Lake,Crescent bake,1960,6,1960-10-06,8090,10,0.0
Crescent Lake,Crescent bake,1960,7,1960-10-13,15180,10,0.0
Crescent Lake,Crescent bake,1960,8,1960-10-20,10525,10,0.0
Crescent Lake,Crescent bake,1960,9,1960-10-27,8415,10,0.0
Crescent Lake,Crescent bake,1960,10,1960-11-03,1285,10,0.0
Crescent Lake,Crescent bake,1960,11,1960-11-10,500,10,0.0
Crescent Lake,Crescent bake,1960,12,1960-11-17,515,10,0.0
Crescent Lake,Crescent bake,1960,13,1960-11-24,145,10,0.0
Crescent Lake,Crescent Lake,1962,1,1962-09-01,2345,10,0.3221
Crescent Lake,Crescent Lake,1962,2,1962-09-08,2030,10,0.3221
Crescent Lake,Crescent Lake,1962,3,1962-09-15,1833,10,0.3221
Crescent Lake,Crescent Lake,1962,4,1962-09-22,10686,10,0.3221
Crescent Lake,Crescent Lake,1962,5,1962-09-29,2975,10,0.3221
Crescent Lake,Crescent Lake,1962,6,1962-10-06,3692,10,0.3221
Crescent Lake,Crescent Lake,1962,7,1962-10-13,4235,10,0.3221
Crescent Lake,Crescent Lake,1962,8,1962-10-20,10230,10,0.3221
Crescent Lake,Crescent Lake,1962,9,1962-10-27,5227,10,0.3221
Crescent Lake,Crescent Lake,1962,10,1962-11-03,3460,10,0.3221
Crescent Lake,Crescent Lake,1962,11,1962-11-10,2540,10,0.3221
Crescent Lake,Crescent Lake,1962,12,1962-11-17,1560,10,0.3221
Crescent Lake,Crescent Lake,1963,1,1963-09-01,4861,9,0.1135
Crescent Lake,Crescent Lake,1963,2,1963-09-08,6970,9,0.1135
Crescent Lake,Crescent Lake,1963,3,1963-09-15,5195,9,0.1135
Crescent Lake,Crescent Lake,1963,4,1963-09-22,5210,9,0.1135
Crescent Lake,Crescent Lake,1963,5,1963-09-29,7580,9,0.1135
Crescent Lake,Crescent Lake,1963,6,1963-10-06,7600,9,0.1135
Crescent Lake,Crescent Lake,1963,7,1963-10-13,7850,9,0.1135
Crescent Lake,Crescent Lake,1963,8,1963-10-20,3260,9,0.1135
Crescent Lake,Crescent Lake,1963,9,1963-10-27,4895,9,0.1135
Crescent Lake,Crescent Lake,1963,11,1963-11-10,4875,9,0.1135
Crescent Lake,Crescent Lake,1963,12,1963-11-17,5110,9,0.1135
Crescent Lake,Crescent Lake,1963,13,1963-11-24,1290,9,0.1135
Crescent Lake,Crescent Lake Refuge,1964,1,1964-09-01,6685,10,
Crescent Lake,Crescent Lake Refuge,1964,2,1964-09-08,6345,10,
Crescent Lake,Crescent Lake Refuge,1964,3,1964-09-15,7405,10,
Crescent Lake,Crescent Lake Refuge,1964,4,1964-09-22,7408,10,
Crescent Lake,Crescent Lake Refuge,1964,5,1964-09-29,8045,10,
Crescent Lake,Crescent Lake Refuge,1964,6,1964-10-06,8794,10,
Crescent Lake,Crescent Lake Refuge,1964,7,1964-10-13,9500,10,
Crescent Lake,Crescent Lake Refuge,1964,8,1964-10-20,7290,10,
Crescent Lake,Crescent Lake Refuge,1964,9,1964-10-27,6925,10,
Crescent Lake,Crescent Lake Refuge,1964,10,1964-11-03,7065,10,
Crescent Lake,12. The first early fall build up was no,1965,1,1965-09-01,19860,6,
Crescent Lake,Carolina Sandhills National Ellalife,1965,1,1965-09-01,175,6,0.1479
Crescent Lake,12. The first early fall build up was no,1965,2,1965-09-08,13056,6,
Crescent Lake,Carolina Sandhills National Ellalife,1965,2,1965-09-08,207,6,0.1479
Crescent Lake,12. The first early fall build up was no,1965,3,1965-09-15,6720,6,
Crescent Lake,Carolina Sandhills National Ellalife,1965,3,1965-09-15,260,6,0.1479
Crescent Lake,12. The first early fall build up was no,1965,4,1965-09-22,11830,6,
Crescent Lake,Carolina Sandhills National Ellalife,1965,4,1965-09-22,480,6,0.1479
Crescent Lake,12. The first early fall build up was no,1965,5,1965-09-29,12565,6,
Crescent Lake,Carolina Sandhills National Ellalife,1965,5,1965-09-29,635,6,0.1479
Crescent Lake,12. The first early fall build up was no,1965,6,1965-10-06,15285,6,
Crescent Lake,Carolina Sandhills National Ellalife,1965,6,1965-10-06,825,6,0.1479
Crescent Lake,Carolina Sandhills National Ellalife,1965,11,1965-11-10,1130,6,0.1479
Crescent Lake,Carolina Sandhills National Ellalife,1965,12,1965-11-17,1385,6,0.1479
Crescent Lake,Carolina Sandhills National Ellalife,1965,13,1965-11-24,875,6,0.1479
Crescent Lake,Carolina Sandhills National Ellalife,1965,14,1965-12-01,1507,6,0.1479
Crescent Lake,Carolina Sandhills National Ellalife,1965,15,1965-12-08,2395,6,0.1479
Crescent Lake,Carolina Sandhills National Ellalife,1965,16,1965-12-15,2550,6,0.1479
Crescent Lake,Carolina Sandhills National Ellalife,1965,17,1965-12-22,2125,6,0.1479
Crescent Lake,Carolina Sandhills National Ellalife,1965,18,1965-12-29,2551,6,0.1479
Crescent Lake,Grescent Lake,1967,1,1967-09-01,3155,9,0.0711
Crescent Lake,Grescent Lake,1967,2,1967-09-08,3155,9,0.0711
Crescent Lake,Grescent Lake,1967,3,1967-09-15,3151,9,0.0711
Crescent Lake,Grescent Lake,1967,4,1967-09-22,3155,9,0.0711
Crescent Lake,Grescent Lake,1967,5,1967-09-29,3151,9,0.0711
Crescent Lake,Grescent Lake,1967,6,1967-10-06,6385,9,0.0711
Crescent Lake,Grescent Lake,1967,7,1967-10-13,6313,9,0.0711
Crescent Lake,Grescent Lake,1967,8,1967-10-20,6313,9,0.0711
Crescent Lake,Grescent Lake,1967,9,1967-10-27,3529,9,0.0711
Crescent Lake,Grescent Lake,1967,11,1967-11-10,469,9,0.0711
Crescent Lake,Grescent Lake,1967,12,1967-11-17,469,9,0.0711
Crescent Lake,Grescent Lake,1967,13,1967-11-24,280,9,0.0711
Crescent Lake,Grescent Lake,1967,14,1967-12-01,280,9,0.0711
Crescent Lake,Crescent Lake National Wildlife Refuge,1968,1,1968-09-01,3510,10,0.0
Crescent Lake,Crescent Lake National Wildlife Refuge,1968,2,1968-09-08,3510,10,0.0
Crescent Lake,Crescent Lake National Wildlife Refuge,1968,3,1968-09-15,6295,10,0.0
Crescent Lake,Crescent Lake National Wildlife Refuge,1968,4,1968-09-22,6905,10,0.0
Crescent Lake,Crescent Lake National Wildlife Refuge,1968,5,1968-09-29,12760,10,0.0
Crescent Lake,Crescent Lake National Wildlife Refuge,1968,6,1968-10-06,12760,10,0.0
Crescent Lake,Crescent Lake National Wildlife Refuge,1968,7,1968-10-13,12390,10,0.0
Crescent Lake,Crescent Lake National Wildlife Refuge,1968,8,1968-10-20,12390,10,0.0
Crescent Lake,Crescent Lake National Wildlife Refuge,1968,9,1968-10-27,10590,10,0.0
Crescent Lake,Crescent Lake National Wildlife Refuge,1968,10,1968-11-03,10590,10,0.0
Crescent Lake,Crescent Lake National Wildlife Refuge,1968,11,1968-11-10,1560,10,0.0
Crescent Lake,Crescent Lake National Wildlife Refuge,1968,12,1968-11-17,1550,10,0.0
Crescent Lake,Crescent Lake National Wildlife Refuge,1968,13,1968-11-24,15,10,0.0
Crescent Lake,Crescent Lake National Wildlife Refuge,1968,14,1968-12-01,15,10,0.0
Crescent Lake,3-1759 Forn NR-1 (Rev. March 1953) HATER,1969,1,1969-09-01,7249,10,0.0609
Crescent Lake,3-1759 Forn NR-1 (Rev. March 1953) HATER,1969,2,1969-09-08,7249,10,0.0609
Crescent Lake,3-1759 Forn NR-1 (Rev. March 1953) HATER,1969,3,1969-09-15,7249,10,0.0609
Crescent Lake,3-1759 Forn NR-1 (Rev. March 1953) HATER,1969,4,1969-09-22,10270,10,0.0609
Crescent Lake,3-1759 Forn NR-1 (Rev. March 1953) HATER,1969,5,1969-09-29,10185,10,0.0609
Crescent Lake,3-1759 Forn NR-1 (Rev. March 1953) HATER,1969,6,1969-10-06,9490,10,0.0609
Crescent Lake,3-1759 Forn NR-1 (Rev. March 1953) HATER,1969,7,1969-10-13,12350,10,0.0609
Crescent Lake,3-1759 Forn NR-1 (Rev. March 1953) HATER,1969,8,1969-10-20,12285,10,0.0609
Crescent Lake,3-1759 Forn NR-1 (Rev. March 1953) HATER,1969,9,1969-10-27,5790,10,0.0609
Crescent Lake,3-1759 Forn NR-1 (Rev. March 1953) HATER,1969,10,1969-11-03,5790,10,0.0609
Crescent Lake,3-1759 Forn NR-1 (Rev. March 1953) HATER,1969,11,1969-11-10,109,10,0.0609
Crescent Lake,3-1759 Forn NR-1 (Rev. March 1953) HATER,1969,12,1969-11-17,145,10,0.0609
Crescent Lake,3-1759 Forn NR-1 (Rev. March 1953) HATER,1969,13,1969-11-24,85,10,0.0609
Crescent Lake,Crescent Lake,1970,1,1970-09-01,4240,10,
Crescent Lake,Crescent Lake,1970,2,1970-09-08,3545,10,
Crescent Lake,Crescent Lake,1970,3,1970-09-15,6200,10,
Crescent Lake,Crescent Lake,1970,4,1970-09-22,6310,10,
Crescent Lake,Crescent Lake,1970,5,1970-09-29,9665,10,
Crescent Lake,Crescent Lake,1970,6,1970-10-06,5655,10,
Crescent Lake,Crescent Lake,1970,7,1970-10-13,9595,10,
Crescent Lake,Crescent Lake,1970,8,1970-10-20,2090,10,
Crescent Lake,Crescent Lake,1970,9,1970-10-27,2290,10,
Crescent Lake,Crescent Lake,1970,10,1970-11-03,1565,10,
Crescent Lake,Crescent Lake,1970,11,1970-11-10,92155,10,
Downeast Maine,Moosehora - Maine,1954,1,1954-09-01,64,10,0.1578
Downeast Maine,Moosehora - Maine,1954,2,1954-09-08,924,10,0.1578
Downeast Maine,Moosehora - Maine,1954,3,1954-09-15,1001,10,0.1578
Downeast Maine,Moosehora - Maine,1954,4,1954-09-22,1215,10,0.1578
Downeast Maine,Moosehora - Maine,1954,5,1954-09-29,1022,10,0.1578
Downeast Maine,Moosehora - Maine,1954,6,1954-10-06,978,10,0.1578
Downeast Maine,Moosehora - Maine,1954,7,1954-10-13,583,10,0.1578
Downeast Maine,Moosehora - Maine,1954,8,1954-10-20,188,10,0.1578
Downeast Maine,Moosehora - Maine,1954,9,1954-10-27,480,10,0.1578
Downeast Maine,Moosehora - Maine,1954,10,1954-11-03,454,10,0.1578
Downeast Maine,Moosehora - Maine,1954,11,1954-11-10,346,10,0.1578
Downeast Maine,Moosehora - Maine,1954,12,1954-11-17,332,10,0.1578
Downeast Maine,Moosehora - Maine,1954,13,1954-11-24,231,10,0.1578
Downeast Maine,Moosehora - Maine,1954,14,1954-12-01,240,10,0.1578
Downeast Maine,Moosehora - Maine,1954,15,1954-12-08,318,10,0.1578
Downeast Maine,Moosehora - Maine,1954,16,1954-12-15,231,10,0.1578
Downeast Maine,"Noosehorn (Calais, Unit)",1955,1,1955-09-01,838,10,12.0904
Downeast Maine,"Noosehorn (Calais, Unit)",1955,2,1955-09-08,852,10,12.0904
Downeast Maine,"Noosehorn (Calais, Unit)",1955,3,1955-09-15,702,10,12.0904
Downeast Maine,"Noosehorn (Calais, Unit)",1955,4,1955-09-22,556,10,12.0904
Downeast Maine,"Noosehorn (Calais, Unit)",1955,5,1955-09-29,545,10,12.0904
Downeast Maine,"Noosehorn (Calais, Unit)",1955,6,1955-10-06,710,10,12.0904
Downeast Maine,"Noosehorn (Calais, Unit)",1955,7,1955-10-13,634,10,12.0904
Downeast Maine,"Noosehorn (Calais, Unit)",1955,8,1955-10-20,820,10,12.0904
Downeast Maine,"Noosehorn (Calais, Unit)",1955,9,1955-10-27,572,10,12.0904
Downeast Maine,"Noosehorn (Calais, Unit)",1955,10,1955-11-03,412,10,12.0904
Downeast Maine,"Noosehorn (Calais, Unit)",1955,11,1955-11-10,312,10,12.0904
Downeast Maine,"Noosehorn (Calais, Unit)",1955,12,1955-11-17,280,10,12.0904
Downeast Maine,"Noosehorn (Calais, Unit)",1955,13,1955-11-24,106,10,12.0904
Downeast Maine,Moosehorn (Primary Unit),1956,1,1956-09-01,163,10,0.4678
Downeast Maine,Moosehorn (Primary Unit),1956,2,1956-09-08,185,10,0.4678
Downeast Maine,Moosehorn (Primary Unit),1956,3,1956-09-15,530,10,0.4678
Downeast Maine,Moosehorn (Primary Unit),1956,4,1956-09-22,560,10,0.4678
Downeast Maine,Moosehorn (Primary Unit),1956,5,1956-09-29,560,10,0.4678
Downeast Maine,Moosehorn (Primary Unit),1956,6,1956-10-06,540,10,0.4678
Downeast Maine,Moosehorn (Primary Unit),1956,7,1956-10-13,755,10,0.4678
Downeast Maine,Moosehorn (Primary Unit),1956,8,1956-10-20,675,10,0.4678
Downeast Maine,Moosehorn (Primary Unit),1956,9,1956-10-27,535,10,0.4678
Downeast Maine,Moosehorn (Primary Unit),1956,10,1956-11-03,630,10,0.4678
Downeast Maine,Moosehorn (Primary Unit),1956,11,1956-11-10,565,10,0.4678
Downeast Maine,Moosehorn (Primary Unit),1956,12,1956-11-17,460,10,0.4678
Downeast Maine,Moosehorn (Primary Unit),1956,13,1956-11-24,260,10,0.4678
Downeast Maine,Moosehorn (Primary Unit),1956,14,1956-12-01,85,10,0.4678
Downeast Maine,Moosehorn (Primary Unit),1956,15,1956-12-08,35,10,0.4678
Downeast Maine,Moosehorn (Primary Unit),1956,16,1956-12-15,30,10,0.4678
Downeast Maine,Moosehorn (Primary Unit),1956,17,1956-12-22,30,10,0.4678
Downeast Maine,Moosehorn (Primary Unit),1956,18,1956-12-29,30,10,0.4678
Downeast Maine,Moosohora N. W. Refugo Calais (Barleg),1957,1,1957-09-01,521,10,0.0075
Downeast Maine,Moosohora N. W. Refugo Calais (Barleg),1957,2,1957-09-08,502,10,0.0075
Downeast Maine,Moosohora N. W. Refugo Calais (Barleg),1957,3,1957-09-15,493,10,0.0075
Downeast Maine,Moosohora N. W. Refugo Calais (Barleg),1957,4,1957-09-22,673,10,0.0075
Downeast Maine,Moosohora N. W. Refugo Calais (Barleg),1957,5,1957-09-29,485,10,0.0075
Downeast Maine,Moosohora N. W. Refugo Calais (Barleg),1957,6,1957-10-06,528,10,0.0075
Downeast Maine,Moosohora N. W. Refugo Calais (Barleg),1957,7,1957-10-13,627,10,0.0075
Downeast Maine,Moosohora N. W. Refugo Calais (Barleg),1957,8,1957-10-20,567,10,0.0075
Downeast Maine,Moosohora N. W. Refugo Calais (Barleg),1957,9,1957-10-27,444,10,0.0075
Downeast Maine,Moosohora N. W. Refugo Calais (Barleg),1957,10,1957-11-03,445,10,0.0075
Downeast Maine,Moosohora N. W. Refugo Calais (Barleg),1957,11,1957-11-10,339,10,0.0075
Downeast Maine,Moosohora N. W. Refugo Calais (Barleg),1957,12,1957-11-17,181,10,0.0075
Downeast Maine,Moosohora N. W. Refugo Calais (Barleg),1957,13,1957-11-24,38,10,0.0075
Downeast Maine,Moosohora N. W. Refugo Calais (Barleg),1957,14,1957-12-01,165,10,0.0075
Downeast Maine,Moosohora N. W. Refugo Calais (Barleg),1957,15,1957-12-08,10,10,0.0075
Downeast Maine,Moosohora N. W. Refugo Calais (Barleg),1957,16,1957-12-15,63,10,0.0075
Downeast Maine,Moosohora N. W. Refugo Calais (Barleg),1957,17,1957-12-22,57,10,0.0075
Downeast Maine,"TO Voosehora, Colais, Maine (Prinazy Üni",1958,1,1958-09-01,441,10,0.7044
Downeast Maine,"TO Voosehora, Colais, Maine (Prinazy Üni",1958,2,1958-09-08,448,10,0.7044
Downeast Maine,"TO Voosehora, Colais, Maine (Prinazy Üni",1958,3,1958-09-15,365,10,0.7044
Downeast Maine,"TO Voosehora, Colais, Maine (Prinazy Üni",1958,4,1958-09-22,514,10,0.7044
Downeast Maine,"TO Voosehora, Colais, Maine (Prinazy Üni",1958,5,1958-09-29,571,10,0.7044
Downeast Maine,"TO Voosehora, Colais, Maine (Prinazy Üni",1958,6,1958-10-06,598,10,0.7044
Downeast Maine,"TO Voosehora, Colais, Maine (Prinazy Üni",1958,7,1958-10-13,654,10,0.7044
Downeast Maine,"TO Voosehora, Colais, Maine (Prinazy Üni",1958,8,1958-10-20,586,10,0.7044
Downeast Maine,"TO Voosehora, Colais, Maine (Prinazy Üni",1958,9,1958-10-27,620,10,0.7044
Downeast Maine,"TO Voosehora, Colais, Maine (Prinazy Üni",1958,10,1958-11-03,393,10,0.7044
Downeast Maine,"TO Voosehora, Colais, Maine (Prinazy Üni",1958,11,1958-11-10,116,10,0.7044
Downeast Maine,Moosohorn (Primary DakS),1959,1,1959-09-01,668,10,
Downeast Maine,Moosohorn (Primary DakS),1959,2,1959-09-08,810,10,
Downeast Maine,Moosohorn (Primary DakS),1959,3,1959-09-15,758,10,
Downeast Maine,Moosohorn (Primary DakS),1959,4,1959-09-22,702,10,
Downeast Maine,Moosohorn (Primary DakS),1959,5,1959-09-29,635,10,
Downeast Maine,Moosohorn (Primary DakS),1959,6,1959-10-06,688,10,
Downeast Maine,Moosohorn (Primary DakS),1959,7,1959-10-13,859,10,
Downeast Maine,Moosohorn (Primary DakS),1959,8,1959-10-20,975,10,
Downeast Maine,Moosohorn (Primary DakS),1959,9,1959-10-27,662,10,
Downeast Maine,Moosohorn (Primary DakS),1959,10,1959-11-03,397,10,
Downeast Maine,Moosohorn (Primary DakS),1959,11,1959-11-10,308,10,
Downeast Maine,Moosohorn (Primary DakS),1959,12,1959-11-17,173,10,
Downeast Maine,Moosohorn (Primary DakS),1959,13,1959-11-24,263,10,
Downeast Maine,Moosohorn (Primary DakS),1959,14,1959-12-01,212,10,
Downeast Maine,Moosohorn (Primary DakS),1959,15,1959-12-08,96,10,
Downeast Maine,Moosohorn (Primary DakS),1959,16,1959-12-15,70,10,
Downeast Maine,Moosohorn (Primary DakS),1959,17,1959-12-22,51,10,
Downeast Maine,Moosohorn (Primary DakS),1959,18,1959-12-29,33,10,
Downeast Maine,Moosehorn (Baring Unit),1960,1,1960-09-01,533,10,0.1732
Downeast Maine,Moosehorn (Baring Unit),1960,2,1960-09-08,568,10,0.1732
Downeast Maine,Moosehorn (Baring Unit),1960,3,1960-09-15,543,10,0.1732
Downeast Maine,Moosehorn (Baring Unit),1960,4,1960-09-22,617,10,0.1732
Downeast Maine,Moosehorn (Baring Unit),1960,5,1960-09-29,596,10,0.1732
Downeast Maine,Moosehorn (Baring Unit),1960,6,1960-10-06,190,10,0.1732
Downeast Maine,Moosehorn (Baring Unit),1960,7,1960-10-13,611,10,0.1732
Downeast Maine,Moosehorn (Baring Unit),1960,8,1960-10-20,644,10,0.1732
Downeast Maine,Moosehorn (Baring Unit),1960,9,1960-10-27,559,10,0.1732
Downeast Maine,Moosehorn (Baring Unit),1960,10,1960-11-03,139,10,0.1732
Downeast Maine,Moosehorn (Baring Unit),1960,11,1960-11-10,619,10,0.1732
Downeast Maine,Moosehorn (Baring Unit),1960,12,1960-11-17,243,10,0.1732
Downeast Maine,Moosehorn (Baring Unit),1960,13,1960-11-24,291,10,0.1732
Downeast Maine,Moosehorn (Baring Unit),1960,14,1960-12-01,212,10,0.1732
Downeast Maine,Moosehora (Primary Unit),1961,1,1961-09-01,724,10,0.4808
Downeast Maine,Moosehora (Primary Unit),1961,2,1961-09-08,826,10,0.4808
Downeast Maine,Moosehora (Primary Unit),1961,3,1961-09-15,750,10,0.4808
Downeast Maine,Moosehora (Primary Unit),1961,4,1961-09-22,721,10,0.4808
Downeast Maine,Moosehora (Primary Unit),1961,5,1961-09-29,840,10,0.4808
Downeast Maine,Moosehora (Primary Unit),1961,6,1961-10-06,839,10,0.4808
Downeast Maine,Moosehora (Primary Unit),1961,7,1961-10-13,261,10,0.4808
Downeast Maine,Moosehora (Primary Unit),1961,8,1961-10-20,200,10,0.4808
Downeast Maine,Moosehora (Primary Unit),1961,9,1961-10-27,691,10,0.4808
Downeast Maine,Moosehora (Primary Unit),1961,10,1961-11-03,221,10,0.4808
Downeast Maine,Moosehora (Primary Unit),1961,11,1961-11-10,1261,10,0.4808
Downeast Maine,Moosehora (Primary Unit),1961,12,1961-11-17,821,10,0.4808
Downeast Maine,Moosehora (Primary Unit),1961,13,1961-11-24,456,10,0.4808
Downeast Maine,Moosehora (Primary Unit),1961,14,1961-12-01,240,10,0.4808
Downeast Maine,Moosehora (Primary Unit),1961,15,1961-12-08,40,10,0.4808
Downeast Maine,MOOSEHORN (PRINARY UIIT),1962,1,1962-09-01,471,9,
Downeast Maine,MOOSEHORN (PRINARY UIIT),1962,2,1962-09-08,465,9,
Downeast Maine,MOOSEHORN (PRINARY UIIT),1962,3,1962-09-15,490,9,
Downeast Maine,MOOSEHORN (PRINARY UIIT),1962,4,1962-09-22,432,9,
Downeast Maine,MOOSEHORN (PRINARY UIIT),1962,5,1962-09-29,427,9,
Downeast Maine,MOOSEHORN (PRINARY UIIT),1962,6,1962-10-06,400,9,
Downeast Maine,MOOSEHORN (PRINARY UIIT),1962,7,1962-10-13,205,9,
Downeast Maine,MOOSEHORN (PRINARY UIIT),1962,8,1962-10-20,160,9,
Downeast Maine,MOOSEHORN (PRINARY UIIT),1962,9,1962-10-27,821,9,
Downeast Maine,MOOSEHORN (PRINARY UIIT),1962,11,1962-11-10,843,9,
Downeast Maine,MOOSEHORN (PRINARY UIIT),1962,12,1962-11-17,539,9,
Downeast Maine,MOOSEHORN (PRINARY UIIT),1962,13,1962-11-24,334,9,
Downeast Maine,MOOSEHORN (PRINARY UIIT),1962,14,1962-12-01,70,9,
Downeast Maine,MOOSEHORN (PRINARY UIIT),1962,15,1962-12-08,42189,9,
Downeast Maine,MOOSEHORN (PRINARY UIIT),1962,16,1962-12-15,324,9,
Downeast Maine,", Moosehorn (Primary Unit)",1963,1,1963-09-01,849,10,0.5037
Downeast Maine,", Moosehorn (Primary Unit)",1963,2,1963-09-08,410,10,0.5037
Downeast Maine,", Moosehorn (Primary Unit)",1963,3,1963-09-15,816,10,0.5037
Downeast Maine,", Moosehorn (Primary Unit)",1963,4,1963-09-22,817,10,0.5037
Downeast Maine,", Moosehorn (Primary Unit)",1963,5,1963-09-29,529,10,0.5037
Downeast Maine,", Moosehorn (Primary Unit)",1963,6,1963-10-06,745,10,0.5037
Downeast Maine,", Moosehorn (Primary Unit)",1963,7,1963-10-13,381,10,0.5037
Downeast Maine,", Moosehorn (Primary Unit)",1963,8,1963-10-20,687,10,0.5037
Downeast Maine,", Moosehorn (Primary Unit)",1963,9,1963-10-27,664,10,0.5037
Downeast Maine,", Moosehorn (Primary Unit)",1963,10,1963-11-03,627,10,0.5037
Downeast Maine,", Moosehorn (Primary Unit)",1963,11,1963-11-10,598,10,0.5037
Downeast Maine,", Moosehorn (Primary Unit)",1963,12,1963-11-17,381,10,0.5037
Downeast Maine,", Moosehorn (Primary Unit)",1963,13,1963-11-24,184,10,0.5037
Downeast Maine,", Moosehorn (Primary Unit)",1963,14,1963-12-01,38,10,0.5037
Downeast Maine,", Moosehorn (Primary Unit)",1963,15,1963-12-08,26,10,0.5037
Downeast Maine,", Moosehorn (Primary Unit)",1963,16,1963-12-15,32,10,0.5037
Downeast Maine,MOOSEHORN (PRILARY UNIT),1964,1,1964-09-01,755,9,0.4935
Downeast Maine,MOOSEHORN (PRILARY UNIT),1964,2,1964-09-08,605,9,0.4935
Downeast Maine,MOOSEHORN (PRILARY UNIT),1964,3,1964-09-15,520,9,0.4935
Downeast Maine,MOOSEHORN (PRILARY UNIT),1964,4,1964-09-22,360,9,0.4935
Downeast Maine,MOOSEHORN (PRILARY UNIT),1964,5,1964-09-29,560,9,0.4935
Downeast Maine,MOOSEHORN (PRILARY UNIT),1964,6,1964-10-06,595,9,0.4935
Downeast Maine,MOOSEHORN (PRILARY UNIT),1964,7,1964-10-13,335,9,0.4935
Downeast Maine,MOOSEHORN (PRILARY UNIT),1964,8,1964-10-20,220,9,0.4935
Downeast Maine,MOOSEHORN (PRILARY UNIT),1964,9,1964-10-27,420,9,0.4935
Downeast Maine,MOOSEHORN (PRILARY UNIT),1964,11,1964-11-10,305,9,0.4935
Downeast Maine,MOOSEHORN (PRILARY UNIT),1964,12,1964-11-17,85,9,0.4935
Downeast Maine,MOOSEHORN (PRILARY UNIT),1964,13,1964-11-24,25,9,0.4935
Downeast Maine,MOOSTHORN (PRIMARI UNIT),1965,1,1965-09-01,383,10,0.6173
Downeast Maine,MOOSTHORN (PRIMARI UNIT),1965,2,1965-09-08,615,10,0.6173
Downeast Maine,MOOSTHORN (PRIMARI UNIT),1965,3,1965-09-15,444,10,0.6173
Downeast Maine,MOOSTHORN (PRIMARI UNIT),1965,4,1965-09-22,310,10,0.6173
Downeast Maine,MOOSTHORN (PRIMARI UNIT),1965,5,1965-09-29,427,10,0.6173
Downeast Maine,MOOSTHORN (PRIMARI UNIT),1965,6,1965-10-06,214,10,0.6173
Downeast Maine,MOOSTHORN (PRIMARI UNIT),1965,7,1965-10-13,312,10,0.6173
Downeast Maine,MOOSTHORN (PRIMARI UNIT),1965,8,1965-10-20,257,10,0.6173
Downeast Maine,MOOSTHORN (PRIMARI UNIT),1965,9,1965-10-27,445,10,0.6173
Downeast Maine,MOOSTHORN (PRIMARI UNIT),1965,10,1965-11-03,505,10,0.6173
Downeast Maine,MOOSTHORN (PRIMARI UNIT),1965,11,1965-11-10,222,10,0.6173
Downeast Maine,MOOSTHORN (PRIMARI UNIT),1965,12,1965-11-17,80,10,0.6173
Downeast Maine,CARLTON POND,1966,1,1966-09-01,230,8,0.5845
Downeast Maine,CARLTON POND,1966,2,1966-09-08,230,8,0.5845
Downeast Maine,CARLTON POND,1966,3,1966-09-15,240,8,0.5845
Downeast Maine,CARLTON POND,1966,4,1966-09-22,330,8,0.5845
Downeast Maine,CARLTON POND,1966,5,1966-09-29,370,8,0.5845
Downeast Maine,CARLTON POND,1966,6,1966-10-06,920,8,0.5845
Downeast Maine,CARLTON POND,1966,7,1966-10-13,290,8,0.5845
Downeast Maine,CARLTON POND,1966,8,1966-10-20,200,8,0.5845
Downeast Maine,CARLTON POND,1966,11,1966-11-10,75,8,0.5845
Downeast Maine,CARLTON POND,1966,12,1966-11-17,65,8,0.5845
Downeast Maine,CARLTON POND,1966,13,1966-11-24,70,8,0.5845
Downeast Maine,MOOSEHOFA,1967,1,1967-09-01,331,10,0.5842
Downeast Maine,MOOSEHOFA,1967,2,1967-09-08,582,10,0.5842
Downeast Maine,MOOSEHOFA,1967,3,1967-09-15,119,10,0.5842
Downeast Maine,MOOSEHOFA,1967,4,1967-09-22,212,10,0.5842
Downeast Maine,MOOSEHOFA,1967,5,1967-09-29,691,10,0.5842
Downeast Maine,MOOSEHOFA,1967,6,1967-10-06,847,10,0.5842
Downeast Maine,MOOSEHOFA,1967,7,1967-10-13,761,10,0.5842
Downeast Maine,MOOSEHOFA,1967,8,1967-10-20,796,10,0.5842
Downeast Maine,MOOSEHOFA,1967,9,1967-10-27,676,10,0.5842
Downeast Maine,MOOSEHOFA,1967,10,1967-11-03,424,10,0.5842
Downeast Maine,MOOSEHOFA,1967,11,1967-11-10,302,10,0.5842
Downeast Maine,MOOSEHOFA,1967,12,1967-11-17,347,10,0.5842
Downeast Maine,MOOSEHOFA,1967,13,1967-11-24,404,10,0.5842
Downeast Maine,MOOSEHOFA,1967,14,1967-12-01,455,10,0.5842
Downeast Maine,MOOSEHOFA,1967,15,1967-12-08,449,10,0.5842
Downeast Maine,MOOSEHOFA,1967,16,1967-12-15,141,10,0.5842
Downeast Maine,MOOSEHOFA,1967,17,1967-12-22,353,10,0.5842
Downeast Maine,MOOSEHOFA,1967,18,1967-12-29,354,10,0.5842
Downeast Maine,MOOSEHORN N. W. REFUGE,1968,1,1968-09-01,1440,10,0.0588
Downeast Maine,MOOSEHORN N. W. REFUGE,1968,2,1968-09-08,500,10,0.0588
Downeast Maine,MOOSEHORN N. W. REFUGE,1968,3,1968-09-15,290,10,0.0588
Downeast Maine,MOOSEHORN N. W. REFUGE,1968,4,1968-09-22,405,10,0.0588
Downeast Maine,MOOSEHORN N. W. REFUGE,1968,5,1968-09-29,550,10,0.0588
Downeast Maine,MOOSEHORN N. W. REFUGE,1968,6,1968-10-06,775,10,0.0588
Downeast Maine,MOOSEHORN N. W. REFUGE,1968,7,1968-10-13,615,10,0.0588
Downeast Maine,MOOSEHORN N. W. REFUGE,1968,8,1968-10-20,745,10,0.0588
Downeast Maine,MOOSEHORN N. W. REFUGE,1968,9,1968-10-27,530,10,0.0588
Downeast Maine,MOOSEHORN N. W. REFUGE,1968,10,1968-11-03,360,10,0.0588
Downeast Maine,MOOSEHORN N. W. REFUGE,1968,11,1968-11-10,110,10,0.0588
Downeast Maine,MOOSEHORN N. W. REFUGE,1968,12,1968-11-17,155,10,0.0588
Downeast Maine,MOOSEHORN N. W. REFUGE,1968,13,1968-11-24,200,10,0.0588
Downeast Maine,MOOSEHORN N. W. REFUGE,1968,14,1968-12-01,135,10,0.0588
Downeast Maine,MOOSEHORN N. W. REFUGE,1968,15,1968-12-08,105,10,0.0588
Downeast Maine,MOOSEHORN N. W. REFUGE,1968,16,1968-12-15,35,10,0.0588
Downeast Maine,MOOSEHORN N. W. REFUGE,1968,17,1968-12-22,45,10,0.0588
Downeast Maine,MOOSEHORN N. W. REFUGE,1968,18,1968-12-29,46,10,0.0588
Downeast Maine,MOOSEHORN,1969,1,1969-09-01,1250,10,0.0932
Downeast Maine,MOOSEHORN,1969,2,1969-09-08,1240,10,0.0932
Downeast Maine,MOOSEHORN,1969,3,1969-09-15,1170,10,0.0932
Downeast Maine,MOOSEHORN,1969,4,1969-09-22,1620,10,0.0932
Downeast Maine,MOOSEHORN,1969,5,1969-09-29,810,10,0.0932
Downeast Maine,MOOSEHORN,1969,6,1969-10-06,810,10,0.0932
Downeast Maine,MOOSEHORN,1969,7,1969-10-13,825,10,0.0932
Downeast Maine,MOOSEHORN,1969,8,1969-10-20,730,10,0.0932
Downeast Maine,MOOSEHORN,1969,9,1969-10-27,685,10,0.0932
Downeast Maine,MOOSEHORN,1969,10,1969-11-03,1085,10,0.0932
Downeast Maine,MOOSEHORN,1969,11,1969-11-10,1085,10,0.0932
Downeast Maine,MOOSEHORN,1969,12,1969-11-17,630,10,0.0932
Downeast Maine,MOOSEHORN,1969,13,1969-11-24,340,10,0.0932
Downeast Maine,MOOSEHORN,1969,14,1969-12-01,150,10,0.0932
Downeast Maine,MOOSEHORN,1969,15,1969-12-08,80,10,0.0932
Downeast Maine,MOOSEHORN,1969,16,1969-12-15,80,10,0.0932
Downeast Maine,MOOSEHORN,1969,17,1969-12-22,60,10,0.0932
Downeast Maine,MOOSEHORN,1970,1,1970-09-01,770,10,0.6307
Downeast Maine,MOOSEHORN,1970,2,1970-09-08,780,10,0.6307
Downeast Maine,MOOSEHORN,1970,3,1970-09-15,690,10,0.6307
Downeast Maine,MOOSEHORN,1970,4,1970-09-22,640,10,0.6307
Downeast Maine,MOOSEHORN,1970,5,1970-09-29,645,10,0.6307
Downeast Maine,MOOSEHORN,1970,6,1970-10-06,610,10,0.6307
Downeast Maine,MOOSEHORN,1970,7,1970-10-13,805,10,0.6307
Downeast Maine,MOOSEHORN,1970,8,1970-10-20,650,10,0.6307
Downeast Maine,MOOSEHORN,1970,9,1970-10-27,455,10,0.6307
Downeast Maine,MOOSEHORN,1970,10,1970-11-03,355,10,0.6307
Downeast Maine,MOOSEHORN,1970,11,1970-11-10,525,10,0.6307
Downeast Maine,MOOSEHORN,1970,12,1970-11-17,415,10,0.6307
Downeast Maine,MOOSEHORN,1970,13,1970-11-24,260,10,0.6307
Downeast Maine,MOOSEHORN,1970,14,1970-12-01,250,10,0.6307
Downeast Maine,HOOSEHORN,1971,1,1971-09-01,1292,10,0.0337
Downeast Maine,HOOSEHORN,1971,2,1971-09-08,1320,10,0.0337
Downeast Maine,HOOSEHORN,1971,3,1971-09-15,1250,10,0.0337
Downeast Maine,HOOSEHORN,1971,4,1971-09-22,1356,10,0.0337
Downeast Maine,HOOSEHORN,1971,5,1971-09-29,1565,10,0.0337
Downeast Maine,HOOSEHORN,1971,6,1971-10-06,2266,10,0.0337
Downeast Maine,HOOSEHORN,1971,7,1971-10-13,1680,10,0.0337
Downeast Maine,HOOSEHORN,1971,8,1971-10-20,1046,10,0.0337
Downeast Maine,HOOSEHORN,1971,9,1971-10-27,840,10,0.0337
Downeast Maine,HOOSEHORN,1971,10,1971-11-03,730,10,0.0337
Downeast Maine,HOOSEHORN,1971,11,1971-11-10,720,10,0.0337
Downeast Maine,HOOSEHORN,1971,12,1971-11-17,335,10,0.0337
Downeast Maine,HOOSEHORN,1971,13,1971-11-24,205,10,0.0337
Downeast Maine,HOOSEHORN,1971,14,1971-12-01,165,10,0.0337
Downeast Maine,HOOSEHORN,1971,15,1971-12-08,90,10,0.0337
Downeast Maine,HOOSEHORN,1971,16,1971-12-15,65,10,0.0337
Downeast Maine,HOOSEHORN,1971,17,1971-12-22,65,10,0.0337
Downeast Maine,HOOSEHORN,1971,18,1971-12-29,65,10,0.0337
Georgia coast,3-1750 Form NR-1 (Rev. March 1953) WATER,1954,1,1954-09-01,3800,6,
Georgia coast,3-1750 Form NR-1 (Rev. March 1953) WATER,1954,2,1954-09-08,5500,6,
Georgia coast,3-1750 Form NR-1 (Rev. March 1953) WATER,1954,3,1954-09-15,6000,6,
Georgia coast,3-1750 Form NR-1 (Rev. March 1953) WATER,1954,4,1954-09-22,6000,6,
Georgia coast,3-1750 Form NR-1 (Rev. March 1953) WATER,1954,5,1954-09-29,6000,6,
Georgia coast,3-1750 Form NR-1 (Rev. March 1953) WATER,1954,6,1954-10-06,13000,6,
Georgia coast,Sevannah,1955,1,1955-09-01,5000,10,0.0683
Georgia coast,Sevannah,1955,2,1955-09-08,3000,10,0.0683
Georgia coast,Sevannah,1955,3,1955-09-15,3000,10,0.0683
Georgia coast,Sevannah,1955,4,1955-09-22,3000,10,0.0683
Georgia coast,Sevannah,1955,5,1955-09-29,5000,10,0.0683
Georgia coast,Sevannah,1955,6,1955-10-06,2603,10,0.0683
Georgia coast,Sevannah,1955,7,1955-10-13,2617,10,0.0683
Georgia coast,Sevannah,1955,8,1955-10-20,6648,10,0.0683
Georgia coast,Sevannah,1955,9,1955-10-27,5626,10,0.0683
Georgia coast,Sevannah,1955,10,1955-11-03,5940,10,0.0683
Georgia coast,Sevannah,1955,11,1955-11-10,15181,10,0.0683
Georgia coast,Sevannah,1955,12,1955-11-17,16021,10,0.0683
Georgia coast,Sevannah,1955,13,1955-11-24,26841,10,0.0683
Georgia coast,Sevannah,1955,14,1955-12-01,31588,10,0.0683
Georgia coast,Sevannah,1955,15,1955-12-08,104996,10,0.0683
Georgia coast,Sevannah,1955,16,1955-12-15,49804,10,0.0683
Georgia coast,Sevannah,1955,17,1955-12-22,38822,10,0.0683
Georgia coast,Sevannah,1955,18,1955-12-29,38018,10,0.0683
Georgia coast,Se vennah,1958,1,1958-09-01,186,9,0.0947
Georgia coast,Se vennah,1958,2,1958-09-08,138,9,0.0947
Georgia coast,Se vennah,1958,3,1958-09-15,146,9,0.0947
Georgia coast,Se vennah,1958,4,1958-09-22,210,9,0.0947
Georgia coast,Se vennah,1958,5,1958-09-29,350,9,0.0947
Georgia coast,Se vennah,1958,6,1958-10-06,835,9,0.0947
Georgia coast,Se vennah,1958,7,1958-10-13,802,9,0.0947
Georgia coast,Se vennah,1958,8,1958-10-20,5118,9,0.0947
Georgia coast,Se vennah,1958,9,1958-10-27,21028,9,0.0947
Georgia coast,Se vennah,1958,11,1958-11-10,26153,9,0.0947
Georgia coast,Se vennah,1958,12,1958-11-17,23202,9,0.0947
Georgia coast,Se vennah,1958,13,1958-11-24,4916,9,0.0947
Georgia coast,Se vennah,1958,14,1958-12-01,42039,9,0.0947
Georgia coast,Se vennah,1958,15,1958-12-08,51702,9,0.0947
Georgia coast,Se vennah,1958,16,1958-12-15,35548,9,0.0947
Georgia coast,Se vennah,1958,17,1958-12-22,43590,9,0.0947
Georgia coast,Se vennah,1958,18,1958-12-29,36751,9,0.0947
Georgia coast,Savanrab,1959,1,1959-09-01,128,6,0.1067
Georgia coast,Savanrab,1959,2,1959-09-08,128,6,0.1067
Georgia coast,Savanrab,1959,3,1959-09-15,125,6,0.1067
Georgia coast,Savanrab,1959,4,1959-09-22,1956,6,0.1067
Georgia coast,Savanrab,1959,5,1959-09-29,7176,6,0.1067
Georgia coast,Savanrab,1959,6,1959-10-06,22146,6,0.1067
Georgia coast,Savanrab,1959,11,1959-11-10,5235,6,0.1067
Georgia coast,Savanrab,1959,12,1959-11-17,11069,6,0.1067
Georgia coast,Savanrab,1959,13,1959-11-24,8161,6,0.1067
Georgia coast,Savanrab,1959,14,1959-12-01,18495,6,0.1067
Georgia coast,Savanrab,1959,15,1959-12-08,10525,6,0.1067
Georgia coast,Savanrab,1959,16,1959-12-15,8455,6,0.1067
Georgia coast,Savanrab,1959,17,1959-12-22,10976,6,0.1067
Georgia coast,Savanrab,1959,18,1959-12-29,11884,6,0.1067
Georgia coast,Savannaa,1961,1,1961-09-01,400,7,0.0296
Georgia coast,Savannaa,1961,2,1961-09-08,602,7,0.0296
Georgia coast,Savannaa,1961,3,1961-09-15,719,7,0.0296
Georgia coast,Savannaa,1961,4,1961-09-22,782,7,0.0296
Georgia coast,Savannaa,1961,5,1961-09-29,943,7,0.0296
Georgia coast,Savannaa,1961,6,1961-10-06,4277,7,0.0296
Georgia coast,Savannaa,1961,7,1961-10-13,8550,7,0.0296
Georgia coast,Savannaa,1961,11,1961-11-10,5505,7,0.0296
Georgia coast,Savannaa,1961,12,1961-11-17,7377,7,0.0296
Georgia coast,Savannaa,1961,13,1961-11-24,7595,7,0.0296
Georgia coast,Savannaa,1961,14,1961-12-01,10979,7,0.0296
Georgia coast,Savannaa,1961,15,1961-12-08,13744,7,0.0296
Georgia coast,Savannaa,1961,16,1961-12-15,16481,7,0.0296
Georgia coast,Savannaa,1961,17,1961-12-22,20191,7,0.0296
Georgia coast,Savannaa,1961,18,1961-12-29,15841,7,0.0296
Georgia coast,Savannah,1962,1,1962-09-01,500,8,0.1183
Georgia coast,Savannah,1962,2,1962-09-08,500,8,0.1183
Georgia coast,Savannah,1962,3,1962-09-15,500,8,0.1183
Georgia coast,Savannah,1962,4,1962-09-22,550,8,0.1183
Georgia coast,Savannah,1962,5,1962-09-29,500,8,0.1183
Georgia coast,Savannah,1962,6,1962-10-06,435,8,0.1183
Georgia coast,Savannah,1962,7,1962-10-13,3281,8,0.1183
Georgia coast,Savannah,1962,8,1962-10-20,3442,8,0.1183
Georgia coast,Savannah,1962,11,1962-11-10,13972,8,0.1183
Georgia coast,Savannah,1962,12,1962-11-17,21656,8,0.1183
Georgia coast,Savannah,1962,13,1962-11-24,129,8,0.1183
Georgia coast,Savannah,1962,14,1962-12-01,27240,8,0.1183
Georgia coast,Savannah,1962,15,1962-12-08,35955,8,0.1183
Georgia coast,Savannah,1962,16,1962-12-15,34540,8,0.1183
Georgia coast,Savannah,1962,17,1962-12-22,29111,8,0.1183
Georgia coast,Savannah,1962,18,1962-12-29,31944,8,0.1183
Georgia coast,Savannah,1964,1,1964-09-01,40,6,0.0863
Georgia coast,Savannah,1964,2,1964-09-08,540,6,0.0863
Georgia coast,Savannah,1964,3,1964-09-15,182,6,0.0863
Georgia coast,Savannah,1964,4,1964-09-22,4604,6,0.0863
Georgia coast,Savannah,1964,5,1964-09-29,6955,6,0.0863
Georgia coast,Savannah,1964,6,1964-10-06,8290,6,0.0863
Georgia coast,Savannah,1964,11,1964-11-10,9474,6,0.0863
Georgia coast,Savannah,1964,12,1964-11-17,18150,6,0.0863
Georgia coast,Savannah,1964,13,1964-11-24,23058,6,0.0863
Georgia coast,Savannah,1964,14,1964-12-01,21161,6,0.0863
Georgia coast,Savannah,1964,15,1964-12-08,28128,6,0.0863
Georgia coast,Savannah,1964,16,1964-12-15,28131,6,0.0863
Georgia coast,Savannah,1964,17,1964-12-22,26701,6,0.0863
Georgia coast,Savannah,1964,18,1964-12-29,29794,6,0.0863
Georgia coast,Savarmah,1965,1,1965-09-01,800,9,0.2361
Georgia coast,Savarmah,1965,2,1965-09-08,800,9,0.2361
Georgia coast,Savarmah,1965,3,1965-09-15,825,9,0.2361
Georgia coast,Savarmah,1965,4,1965-09-22,1012,9,0.2361
Georgia coast,Savarmah,1965,5,1965-09-29,1158,9,0.2361
Georgia coast,Savarmah,1965,6,1965-10-06,1329,9,0.2361
Georgia coast,Savarmah,1965,7,1965-10-13,2430,9,0.2361
Georgia coast,Savarmah,1965,8,1965-10-20,8961,9,0.2361
Georgia coast,Savarmah,1965,9,1965-10-27,12802,9,0.2361
Georgia coast,Savarmah,1965,11,1965-11-10,15456,9,0.2361
Georgia coast,Savarmah,1965,12,1965-11-17,336,9,0.2361
Georgia coast,Savarmah,1965,13,1965-11-24,92825,9,0.2361
Georgia coast,Savarmah,1965,14,1965-12-01,35147,9,0.2361
Georgia coast,Savarmah,1965,15,1965-12-08,35276,9,0.2361
Georgia coast,Savarmah,1965,16,1965-12-15,177153,9,0.2361
Georgia coast,Savarmah,1965,17,1965-12-22,7662,9,0.2361
Georgia coast,Savarmah,1965,18,1965-12-29,52783,9,0.2361
Georgia coast,serannah,1967,1,1967-09-01,200,10,
Georgia coast,serannah,1967,2,1967-09-08,690,10,
Georgia coast,serannah,1967,3,1967-09-15,364,10,
Georgia coast,serannah,1967,4,1967-09-22,930,10,
Georgia coast,serannah,1967,5,1967-09-29,1258,10,
Georgia coast,serannah,1967,6,1967-10-06,450,10,
Georgia coast,serannah,1967,7,1967-10-13,17305,10,
Georgia coast,serannah,1967,8,1967-10-20,5562,10,
Georgia coast,serannah,1967,9,1967-10-27,6613,10,
Georgia coast,serannah,1967,10,1967-11-03,9441,10,
Georgia coast,Blackbeard Island,1970,1,1970-09-01,30,9,0.2868
Georgia coast,Blackbeard Island,1970,2,1970-09-08,72,9,0.2868
Georgia coast,Blackbeard Island,1970,3,1970-09-15,70,9,0.2868
Georgia coast,Blackbeard Island,1970,4,1970-09-22,15,9,0.2868
Georgia coast,Blackbeard Island,1970,5,1970-09-29,25,9,0.2868
Georgia coast,Blackbeard Island,1970,6,1970-10-06,35,9,0.2868
Georgia coast,Blackbeard Island,1970,7,1970-10-13,25,9,0.2868
Georgia coast,Blackbeard Island,1970,8,1970-10-20,57,9,0.2868
Georgia coast,Blackbeard Island,1970,9,1970-10-27,517,9,0.2868
Georgia coast,Blackbeard Island,1970,11,1970-11-10,956,9,0.2868
Georgia coast,Blackbeard Island,1970,12,1970-11-17,1083,9,0.2868
Georgia coast,Blackbeard Island,1970,13,1970-11-24,700,9,0.2868
Georgia coast,Blackbeard Island,1970,14,1970-12-01,2945,9,0.2868
Georgia coast,Blackbeard Island,1970,15,1970-12-08,3404,9,0.2868
Georgia coast,Blackbeard Island,1970,16,1970-12-15,1787,9,0.2868
Georgia coast,Blackbeard Island,1970,17,1970-12-22,2097,9,0.2868
Georgia coast,BLackheard Island National Wtldlife Refu,1971,1,1971-09-01,11,7,0.1295
Georgia coast,BLackheard Island National Wtldlife Refu,1971,2,1971-09-08,25,7,0.1295
Georgia coast,BLackheard Island National Wtldlife Refu,1971,3,1971-09-15,34,7,0.1295
Georgia coast,BLackheard Island National Wtldlife Refu,1971,4,1971-09-22,100,7,0.1295
Georgia coast,BLackheard Island National Wtldlife Refu,1971,5,1971-09-29,208,7,0.1295
Georgia coast,BLackheard Island National Wtldlife Refu,1971,6,1971-10-06,87,7,0.1295
Georgia coast,BLackheard Island National Wtldlife Refu,1971,7,1971-10-13,2274,7,0.1295
Georgia coast,BLackheard Island National Wtldlife Refu,1971,11,1971-11-10,1110,7,0.1295
Georgia coast,BLackheard Island National Wtldlife Refu,1971,12,1971-11-17,2633,7,0.1295
Georgia coast,BLackheard Island National Wtldlife Refu,1971,13,1971-11-24,2701,7,0.1295
Georgia coast,BLackheard Island National Wtldlife Refu,1971,14,1971-12-01,4346,7,0.1295
Georgia coast,BLackheard Island National Wtldlife Refu,1971,15,1971-12-08,4742,7,0.1295
Georgia coast,BLackheard Island National Wtldlife Refu,1971,16,1971-12-15,4951,7,0.1295
Georgia coast,BLackheard Island National Wtldlife Refu,1971,17,1971-12-22,5631,7,0.1295
Georgia coast,BLackheard Island National Wtldlife Refu,1971,18,1971-12-29,6124,7,0.1295
Kirwin,Kirwin Nat'1. Wildlife Mat.Area,1955,1,1955-09-01,10,8,0.1593
Kirwin,Kirwin Nat'1. Wildlife Mat.Area,1955,2,1955-09-08,4,8,0.1593
Kirwin,Kirwin Nat'1. Wildlife Mat.Area,1955,3,1955-09-15,37,8,0.1593
Kirwin,Kirwin Nat'1. Wildlife Mat.Area,1955,4,1955-09-22,36,8,0.1593
Kirwin,Kirwin Nat'1. Wildlife Mat.Area,1955,5,1955-09-29,105,8,0.1593
Kirwin,Kirwin Nat'1. Wildlife Mat.Area,1955,6,1955-10-06,148,8,0.1593
Kirwin,Kirwin Nat'1. Wildlife Mat.Area,1955,7,1955-10-13,490,8,0.1593
Kirwin,Kirwin Nat'1. Wildlife Mat.Area,1955,8,1955-10-20,1250,8,0.1593
Kirwin,Kirwin Nat'1. Wildlife Mat.Area,1955,11,1955-11-10,2382,8,0.1593
Kirwin,Kirwin Nat'1. Wildlife Mat.Area,1955,12,1955-11-17,3011,8,0.1593
Kirwin,3-1750 Forna NR-1 (Rev. March 1953) WATE,1956,1,1956-09-01,58,6,0.0
Kirwin,3-1750 Forna NR-1 (Rev. March 1953) WATE,1956,2,1956-09-08,5,6,0.0
Kirwin,3-1750 Forna NR-1 (Rev. March 1953) WATE,1956,3,1956-09-15,85,6,0.0
Kirwin,3-1750 Forna NR-1 (Rev. March 1953) WATE,1956,4,1956-09-22,250,6,0.0
Kirwin,3-1750 Forna NR-1 (Rev. March 1953) WATE,1956,5,1956-09-29,6403,6,0.0
Kirwin,3-1750 Forna NR-1 (Rev. March 1953) WATE,1956,6,1956-10-06,3002,6,0.0
Kirwin,3-1750 Forna NR-1 (Rev. March 1953) WATE,1956,11,1956-11-10,2404,6,0.0
Kirwin,3-1750 Forna NR-1 (Rev. March 1953) WATE,1956,12,1956-11-17,2912,6,0.0
Kirwin,3-1750 Forna NR-1 (Rev. March 1953) WATE,1956,13,1956-11-24,5000,6,0.0
Kirwin,3-1750 Forna NR-1 (Rev. March 1953) WATE,1956,14,1956-12-01,3550,6,0.0
Kirwin,3-1750 Forna NR-1 (Rev. March 1953) WATE,1956,15,1956-12-08,4500,6,0.0
Kirwin,3-1750 Forna NR-1 (Rev. March 1953) WATE,1956,16,1956-12-15,3920,6,0.0
Kirwin,3-1750 Forna NR-1 (Rev. March 1953) WATE,1956,17,1956-12-22,3920,6,0.0
Kirwin,Kirwin liational W1lalife Management Are,1957,1,1957-09-01,5,8,0.0
Kirwin,Kirwin liational W1lalife Management Are,1957,2,1957-09-08,15,8,0.0
Kirwin,Kirwin liational W1lalife Management Are,1957,3,1957-09-15,12,8,0.0
Kirwin,Kirwin liational W1lalife Management Are,1957,4,1957-09-22,1861,8,0.0
Kirwin,Kirwin liational W1lalife Management Are,1957,5,1957-09-29,11606,8,0.0
Kirwin,Kirwin liational W1lalife Management Are,1957,6,1957-10-06,5312,8,0.0
Kirwin,Kirwin liational W1lalife Management Are,1957,7,1957-10-13,6275,8,0.0
Kirwin,Kirwin liational W1lalife Management Are,1957,8,1957-10-20,4768,8,0.0
Kirwin,Kirwin liational W1lalife Management Are,1957,11,1957-11-10,24322,8,0.0
Kirwin,Kirwin liational W1lalife Management Are,1957,12,1957-11-17,19316,8,0.0
Kirwin,Kirwin liational W1lalife Management Are,1957,13,1957-11-24,22210,8,0.0
Kirwin,Kirwin liational W1lalife Management Are,1957,14,1957-12-01,19206,8,0.0
Kirwin,Kirwin liational W1lalife Management Are,1957,15,1957-12-08,19200,8,0.0
Kirwin,Kirwin liational W1lalife Management Are,1957,16,1957-12-15,20023,8,0.0
Kirwin,Kirwin liational W1lalife Management Are,1957,17,1957-12-22,22100,8,0.0
Kirwin,Kirwin Natfonal Wildlife Management Area,1958,1,1958-09-01,1004,10,0.0
Kirwin,Kirwin Natfonal Wildlife Management Area,1958,2,1958-09-08,253,10,0.0
Kirwin,Kirwin Natfonal Wildlife Management Area,1958,3,1958-09-15,224,10,0.0
Kirwin,Kirwin Natfonal Wildlife Management Area,1958,4,1958-09-22,523,10,0.0
Kirwin,Kirwin Natfonal Wildlife Management Area,1958,5,1958-09-29,4461,10,0.0
Kirwin,Kirwin Natfonal Wildlife Management Area,1958,6,1958-10-06,6447,10,0.0
Kirwin,Kirwin Natfonal Wildlife Management Area,1958,7,1958-10-13,11195,10,0.0
Kirwin,Kirwin Natfonal Wildlife Management Area,1958,8,1958-10-20,29699,10,0.0
Kirwin,Kirwin Natfonal Wildlife Management Area,1958,9,1958-10-27,7869,10,0.0
Kirwin,Kirwin Natfonal Wildlife Management Area,1958,10,1958-11-03,20469,10,0.0
Kirwin,Kirwin Natfonal Wildlife Management Area,1958,11,1958-11-10,791,10,0.0
Kirwin,Kirwin Natfonal Wildlife Management Area,1958,12,1958-11-17,1479,10,0.0
Kirwin,Kirwin Natfonal Wildlife Management Area,1958,13,1958-11-24,400,10,0.0
Kirwin,Kirwin Natfonal Wildlife Management Area,1958,14,1958-12-01,118,10,0.0
Kirwin,Kirwin Natfonal Wildlife Management Area,1958,15,1958-12-08,118,10,0.0
Kirwin,Kirwin Natfonal Wildlife Management Area,1958,16,1958-12-15,70,10,0.0
Kirwin,Kirwin Natfonal Wildlife Management Area,1958,17,1958-12-22,101,10,0.0
Kirwin,Klrwin Nat'li Wildlife Mete Ares,1959,1,1959-09-01,561,10,0.0
Kirwin,Klrwin Nat'li Wildlife Mete Ares,1959,2,1959-09-08,572,10,0.0
Kirwin,Klrwin Nat'li Wildlife Mete Ares,1959,3,1959-09-15,687,10,0.0
Kirwin,Klrwin Nat'li Wildlife Mete Ares,1959,4,1959-09-22,867,10,0.0
Kirwin,Klrwin Nat'li Wildlife Mete Ares,1959,5,1959-09-29,169,10,0.0
Kirwin,Klrwin Nat'li Wildlife Mete Ares,1959,6,1959-10-06,939,10,0.0
Kirwin,Klrwin Nat'li Wildlife Mete Ares,1959,7,1959-10-13,4600,10,0.0
Kirwin,Klrwin Nat'li Wildlife Mete Ares,1959,8,1959-10-20,9993,10,0.0
Kirwin,Klrwin Nat'li Wildlife Mete Ares,1959,9,1959-10-27,10256,10,0.0
Kirwin,Klrwin Nat'li Wildlife Mete Ares,1959,10,1959-11-03,14393,10,0.0
Kirwin,Klrwin Nat'li Wildlife Mete Ares,1959,11,1959-11-10,32571,10,0.0
Kirwin,Klrwin Nat'li Wildlife Mete Ares,1959,12,1959-11-17,32506,10,0.0
Kirwin,Klrwin Nat'li Wildlife Mete Ares,1959,13,1959-11-24,32506,10,0.0
Kirwin,Klrwin Nat'li Wildlife Mete Ares,1959,14,1959-12-01,25500,10,0.0
Kirwin,Klrwin Nat'li Wildlife Mete Ares,1959,15,1959-12-08,8670,10,0.0
Kirwin,Klrwin Nat'li Wildlife Mete Ares,1959,16,1959-12-15,8470,10,0.0
Kirwin,Klrwin Nat'li Wildlife Mete Ares,1959,17,1959-12-22,13250,10,0.0
Kirwin,Klrwin Nat'li Wildlife Mete Ares,1959,18,1959-12-29,12455,10,0.0
Kirwin,"Kirwin Nat'L, Wllelito Managene nt Are",1960,1,1960-09-01,756,10,0.0093
Kirwin,"Kirwin Nat'L, Wllelito Managene nt Are",1960,2,1960-09-08,575,10,0.0093
Kirwin,"Kirwin Nat'L, Wllelito Managene nt Are",1960,3,1960-09-15,610,10,0.0093
Kirwin,"Kirwin Nat'L, Wllelito Managene nt Are",1960,4,1960-09-22,862,10,0.0093
Kirwin,"Kirwin Nat'L, Wllelito Managene nt Are",1960,5,1960-09-29,1205,10,0.0093
Kirwin,"Kirwin Nat'L, Wllelito Managene nt Are",1960,6,1960-10-06,9047,10,0.0093
Kirwin,"Kirwin Nat'L, Wllelito Managene nt Are",1960,7,1960-10-13,10586,10,0.0093
Kirwin,"Kirwin Nat'L, Wllelito Managene nt Are",1960,8,1960-10-20,3971,10,0.0093
Kirwin,"Kirwin Nat'L, Wllelito Managene nt Are",1960,9,1960-10-27,3969,10,0.0093
Kirwin,"Kirwin Nat'L, Wllelito Managene nt Are",1960,10,1960-11-03,3933,10,0.0093
Kirwin,"Kirwin Nat'L, Wllelito Managene nt Are",1960,11,1960-11-10,19461,10,0.0093
Kirwin,"Kirwin Nat'L, Wllelito Managene nt Are",1960,12,1960-11-17,29498,10,0.0093
Kirwin,"Kirwin Nat'L, Wllelito Managene nt Are",1960,13,1960-11-24,27200,10,0.0093
Kirwin,"Kirwin Nat'L, Wllelito Managene nt Are",1960,14,1960-12-01,25800,10,0.0093
Kirwin,"Kirwin Nat'L, Wllelito Managene nt Are",1960,15,1960-12-08,21278,10,0.0093
Kirwin,"Kirwin Nat'L, Wllelito Managene nt Are",1960,16,1960-12-15,22990,10,0.0093
Kirwin,"Kirwin Nat'L, Wllelito Managene nt Are",1960,17,1960-12-22,20969,10,0.0093
Kirwin,"Kirwin Nat'L, Wllelito Managene nt Are",1960,18,1960-12-29,20968,10,0.0093
Kirwin,Kirwin National Wildlife,1961,1,1961-09-01,460,10,0.0021
Kirwin,Kirwin National Wildlife,1961,2,1961-09-08,1150,10,0.0021
Kirwin,Kirwin National Wildlife,1961,3,1961-09-15,490,10,0.0021
Kirwin,Kirwin National Wildlife,1961,4,1961-09-22,4560,10,0.0021
Kirwin,Kirwin National Wildlife,1961,5,1961-09-29,4545,10,0.0021
Kirwin,Kirwin National Wildlife,1961,6,1961-10-06,4235,10,0.0021
Kirwin,Kirwin National Wildlife,1961,7,1961-10-13,2900,10,0.0021
Kirwin,Kirwin National Wildlife,1961,8,1961-10-20,3380,10,0.0021
Kirwin,Kirwin National Wildlife,1961,9,1961-10-27,12658,10,0.0021
Kirwin,Kirwin National Wildlife,1961,10,1961-11-03,11530,10,0.0021
Kirwin,Kirwin National Wildlife,1961,11,1961-11-10,830,10,0.0021
Kirwin,Kirwin National Wildlife,1961,12,1961-11-17,1030,10,0.0021
Kirwin,Kirwin National Wildlife,1961,13,1961-11-24,1078,10,0.0021
Kirwin,Kirwin National Wildlife,1961,14,1961-12-01,600,10,0.0021
Kirwin,Kirwin National Wildlife,1961,15,1961-12-08,440,10,0.0021
Kirwin,KIRWIN,1962,1,1962-09-01,170,10,0.0109
Kirwin,KIRWIN,1962,2,1962-09-08,220,10,0.0109
Kirwin,KIRWIN,1962,3,1962-09-15,142,10,0.0109
Kirwin,KIRWIN,1962,4,1962-09-22,88,10,0.0109
Kirwin,KIRWIN,1962,5,1962-09-29,85,10,0.0109
Kirwin,KIRWIN,1962,6,1962-10-06,425,10,0.0109
Kirwin,KIRWIN,1962,7,1962-10-13,1850,10,0.0109
Kirwin,KIRWIN,1962,8,1962-10-20,3892,10,0.0109
Kirwin,KIRWIN,1962,9,1962-10-27,2165,10,0.0109
Kirwin,KIRWIN,1962,10,1962-11-03,1707,10,0.0109
Kirwin,KIRWIN,1962,11,1962-11-10,17560,10,0.0109
Kirwin,KIRWIN,1962,12,1962-11-17,34585,10,0.0109
Kirwin,KIRWIN,1962,13,1962-11-24,38451,10,0.0109
Kirwin,KIRWIN,1962,14,1962-12-01,8202,10,0.0109
Kirwin,KIRWIN,1962,15,1962-12-08,37700,10,0.0109
Kirwin,KIRWIN,1962,16,1962-12-15,31752,10,0.0109
Kirwin,KIRWIN,1962,17,1962-12-22,20485,10,0.0109
Kirwin,KIRWIN,1962,18,1962-12-29,20425,10,0.0109
Kirwin,KIRWINNUR,1963,1,1963-09-01,980,10,0.0015
Kirwin,KIRWINNUR,1963,2,1963-09-08,1463,10,0.0015
Kirwin,KIRWINNUR,1963,3,1963-09-15,1220,10,0.0015
Kirwin,KIRWINNUR,1963,4,1963-09-22,1100,10,0.0015
Kirwin,KIRWINNUR,1963,5,1963-09-29,985,10,0.0015
Kirwin,KIRWINNUR,1963,6,1963-10-06,1342,10,0.0015
Kirwin,KIRWINNUR,1963,7,1963-10-13,1170,10,0.0015
Kirwin,KIRWINNUR,1963,8,1963-10-20,532,10,0.0015
Kirwin,KIRWINNUR,1963,9,1963-10-27,1872,10,0.0015
Kirwin,KIRWINNUR,1963,10,1963-11-03,12135,10,0.0015
Kirwin,KIRWINNUR,1963,11,1963-11-10,8111,10,0.0015
Kirwin,KIRWINNUR,1963,12,1963-11-17,6806,10,0.0015
Kirwin,KIRWINNUR,1963,13,1963-11-24,7275,10,0.0015
Kirwin,KIRWINNUR,1963,14,1963-12-01,8200,10,0.0015
Kirwin,KIRWINNUR,1963,15,1963-12-08,14063,10,0.0015
Kirwin,KIRWINNUR,1963,16,1963-12-15,13061,10,0.0015
Kirwin,KIRWINNUR,1963,17,1963-12-22,19982,10,0.0015
Kirwin,KIRWINNUR,1963,18,1963-12-29,22945,10,0.0015
Kirwin,KIRWIN NATIONAL WILDLIFE,1964,1,1964-09-01,654,10,
Kirwin,KIRWIN NATIONAL WILDLIFE,1964,2,1964-09-08,300,10,
Kirwin,KIRWIN NATIONAL WILDLIFE,1964,3,1964-09-15,201,10,
Kirwin,KIRWIN NATIONAL WILDLIFE,1964,4,1964-09-22,427,10,
Kirwin,KIRWIN NATIONAL WILDLIFE,1964,5,1964-09-29,294,10,
Kirwin,KIRWIN NATIONAL WILDLIFE,1964,6,1964-10-06,1316,10,
Kirwin,KIRWIN NATIONAL WILDLIFE,1964,7,1964-10-13,3047,10,
Kirwin,KIRWIN NATIONAL WILDLIFE,1964,8,1964-10-20,5939,10,
Kirwin,KIRWIN NATIONAL WILDLIFE,1964,9,1964-10-27,7456,10,
Kirwin,KIRWIN NATIONAL WILDLIFE,1964,10,1964-11-03,8025,10,
Kirwin,KIRWIN NATIONAL WILDLIFE,1964,11,1964-11-10,10343,10,
Kirwin,KIRWIN NATIONAL WILDLIFE,1964,12,1964-11-17,16367,10,
Kirwin,KIRWIN NATIONAL WILDLIFE,1964,13,1964-11-24,31725,10,
Kirwin,KIRWIN NATIONAL WILDLIFE,1964,14,1964-12-01,11506,10,
Kirwin,KIRWIN NATIONAL WILDLIFE,1964,15,1964-12-08,31000,10,
Kirwin,KIRWIN NATIONAL WILDLIFE,1964,16,1964-12-15,8202,10,
Kirwin,KIRWIN NATIONAL WILDLIFE,1964,17,1964-12-22,23880,10,
Kirwin,KIRWIN NATIONAL WILDLIFE,1964,18,1964-12-29,23855,10,
Kirwin,KIRWIN NATIONAL WILDLIFE,1964,19,1965-01-05,290646,10,
Kirwin,KIRWIN NATIONAL WILDLIFE,1964,20,1965-01-12,35,10,
Kirwin,-KIRREN NEVLONAL MTLULTE,1965,1,1965-09-01,262,10,
Kirwin,-KIRREN NEVLONAL MTLULTE,1965,2,1965-09-08,504,10,
Kirwin,-KIRREN NEVLONAL MTLULTE,1965,3,1965-09-15,373,10,
Kirwin,-KIRREN NEVLONAL MTLULTE,1965,4,1965-09-22,650,10,
Kirwin,-KIRREN NEVLONAL MTLULTE,1965,5,1965-09-29,2051,10,
Kirwin,-KIRREN NEVLONAL MTLULTE,1965,6,1965-10-06,5275,10,
Kirwin,-KIRREN NEVLONAL MTLULTE,1965,7,1965-10-13,1698,10,
Kirwin,-KIRREN NEVLONAL MTLULTE,1965,8,1965-10-20,16873,10,
Kirwin,-KIRREN NEVLONAL MTLULTE,1965,9,1965-10-27,19544,10,
Kirwin,-KIRREN NEVLONAL MTLULTE,1965,10,1965-11-03,5524,10,
Kirwin,-KIRREN NEVLONAL MTLULTE,1965,11,1965-11-10,26574,10,
Kirwin,-KIRREN NEVLONAL MTLULTE,1965,12,1965-11-17,29628,10,
Kirwin,-KIRREN NEVLONAL MTLULTE,1965,13,1965-11-24,28092,10,
Kirwin,-KIRREN NEVLONAL MTLULTE,1965,14,1965-12-01,9702,10,
Kirwin,-KIRREN NEVLONAL MTLULTE,1965,15,1965-12-08,11802,10,
Kirwin,-KIRREN NEVLONAL MTLULTE,1965,16,1965-12-15,84,10,
Kirwin,-KIRREN NEVLONAL MTLULTE,1965,17,1965-12-22,14017,10,
Kirwin,-KIRREN NEVLONAL MTLULTE,1965,18,1965-12-29,84207,10,
Kirwin,-KIRREN NEVLONAL MTLULTE,1965,19,1966-01-05,2763110,10,
Kirwin,-KIRREN NEVLONAL MTLULTE,1965,20,1966-01-12,13,10,
Kirwin,-KIRREN NEVLONAL MTLULTE,1965,21,1966-01-19,59,10,
Kirwin,3-1750 For AR-1 (RoT. March 1953) WATERF,1966,1,1966-09-01,275,10,0.232
Kirwin,3-1750 For AR-1 (RoT. March 1953) WATERF,1966,2,1966-09-08,395,10,0.232
Kirwin,3-1750 For AR-1 (RoT. March 1953) WATERF,1966,3,1966-09-15,288,10,0.232
Kirwin,3-1750 For AR-1 (RoT. March 1953) WATERF,1966,4,1966-09-22,278,10,0.232
Kirwin,3-1750 For AR-1 (RoT. March 1953) WATERF,1966,5,1966-09-29,719,10,0.232
Kirwin,3-1750 For AR-1 (RoT. March 1953) WATERF,1966,6,1966-10-06,1299,10,0.232
Kirwin,3-1750 For AR-1 (RoT. March 1953) WATERF,1966,7,1966-10-13,4418,10,0.232
Kirwin,3-1750 For AR-1 (RoT. March 1953) WATERF,1966,8,1966-10-20,9539,10,0.232
Kirwin,3-1750 For AR-1 (RoT. March 1953) WATERF,1966,9,1966-10-27,17001,10,0.232
Kirwin,3-1750 For AR-1 (RoT. March 1953) WATERF,1966,10,1966-11-03,31292,10,0.232
Kirwin,3-1750 For AR-1 (RoT. March 1953) WATERF,1966,11,1966-11-10,35497,10,0.232
Kirwin,3-1750 For AR-1 (RoT. March 1953) WATERF,1966,12,1966-11-17,36439,10,0.232
Kirwin,3-1750 For AR-1 (RoT. March 1953) WATERF,1966,13,1966-11-24,29106,10,0.232
Kirwin,3-1750 For AR-1 (RoT. March 1953) WATERF,1966,14,1966-12-01,45559,10,0.232
Kirwin,3-1750 For AR-1 (RoT. March 1953) WATERF,1966,15,1966-12-08,46364,10,0.232
Kirwin,3-1750 For AR-1 (RoT. March 1953) WATERF,1966,16,1966-12-15,36000,10,0.232
Kirwin,3-1750 For AR-1 (RoT. March 1953) WATERF,1966,17,1966-12-22,12170,10,0.232
Kirwin,3-1750 For AR-1 (RoT. March 1953) WATERF,1966,18,1966-12-29,12120,10,0.232
Kirwin,KIRWIN NATIONAL WILDLIFE,1968,1,1968-09-01,94,10,0.1066
Kirwin,KIRWIN NATIONAL WILDLIFE,1968,2,1968-09-08,32,10,0.1066
Kirwin,KIRWIN NATIONAL WILDLIFE,1968,3,1968-09-15,203,10,0.1066
Kirwin,KIRWIN NATIONAL WILDLIFE,1968,4,1968-09-22,322,10,0.1066
Kirwin,KIRWIN NATIONAL WILDLIFE,1968,5,1968-09-29,1283,10,0.1066
Kirwin,KIRWIN NATIONAL WILDLIFE,1968,6,1968-10-06,2211,10,0.1066
Kirwin,KIRWIN NATIONAL WILDLIFE,1968,7,1968-10-13,3395,10,0.1066
Kirwin,KIRWIN NATIONAL WILDLIFE,1968,8,1968-10-20,1511,10,0.1066
Kirwin,KIRWIN NATIONAL WILDLIFE,1968,9,1968-10-27,7509,10,0.1066
Kirwin,KIRWIN NATIONAL WILDLIFE,1968,10,1968-11-03,12726,10,0.1066
Kirwin,KIRWIN NATIONAL WILDLIFE,1968,11,1968-11-10,28327,10,0.1066
Kirwin,KIRWIN NATIONAL WILDLIFE,1968,12,1968-11-17,644,10,0.1066
Kirwin,KIRWIN NATIONAL WILDLIFE,1968,13,1968-11-24,77333,10,0.1066
Kirwin,KIRWIN NATIONAL WILDLIFE,1968,14,1968-12-01,54095,10,0.1066
Kirwin,KIRWIN NATIONAL WILDLIFE,1968,15,1968-12-08,3665,10,0.1066
Kirwin,KIRWIN NATIONAL WILDLIFE,1968,16,1968-12-15,52075,10,0.1066
Kirwin,KIRWIN NATIONAL WILDLIFE,1968,17,1968-12-22,52075,10,0.1066
Kirwin,KIRWIN NATIONAL WILDLIFE,1968,18,1968-12-29,47200,10,0.1066
Kirwin,KIRWIN NATIONAL WILDLIFE,1969,1,1969-09-01,92,10,0.7385
Kirwin,KIRWIN NATIONAL WILDLIFE,1969,2,1969-09-08,40,10,0.7385
Kirwin,KIRWIN NATIONAL WILDLIFE,1969,3,1969-09-15,631,10,0.7385
Kirwin,KIRWIN NATIONAL WILDLIFE,1969,4,1969-09-22,220,10,0.7385
Kirwin,KIRWIN NATIONAL WILDLIFE,1969,5,1969-09-29,158,10,0.7385
Kirwin,KIRWIN NATIONAL WILDLIFE,1969,6,1969-10-06,1794,10,0.7385
Kirwin,KIRWIN NATIONAL WILDLIFE,1969,7,1969-10-13,2152,10,0.7385
Kirwin,KIRWIN NATIONAL WILDLIFE,1969,8,1969-10-20,2980,10,0.7385
Kirwin,KIRWIN NATIONAL WILDLIFE,1969,9,1969-10-27,250,10,0.7385
Kirwin,KIRWIN NATIONAL WILDLIFE,1969,10,1969-11-03,362,10,0.7385
Kirwin,KIRWIN NATIONAL WILDLIFE,1969,11,1969-11-10,56,10,0.7385
Kirwin,KIRWIN NATIONAL WILDLIFE,1969,12,1969-11-17,74,10,0.7385
Kirwin,KIRWIN NATIONAL WILDLIFE,1969,13,1969-11-24,10,10,0.7385
Kirwin,KIRWIN NATIONAL WILDLIFE,1969,14,1969-12-01,232,10,0.7385
Kirwin,KIRWIN NATIONAL WILDLIFE,1969,15,1969-12-08,167,10,0.7385
Kirwin,KIRWIN NATIONAL WILDLIFE,1969,16,1969-12-15,45,10,0.7385
Kirwin,KIRWIN NATIONAL WILDLIFE,1969,17,1969-12-22,45,10,0.7385
Kirwin,KIRWIN NATIONAL WILDLIFE,1970,1,1970-09-01,2383,10,0.0112
Kirwin,KIRWIN NATIONAL WILDLIFE,1970,2,1970-09-08,3272,10,0.0112
Kirwin,KIRWIN NATIONAL WILDLIFE,1970,3,1970-09-15,320,10,0.0112
Kirwin,KIRWIN NATIONAL WILDLIFE,1970,4,1970-09-22,371,10,0.0112
Kirwin,KIRWIN NATIONAL WILDLIFE,1970,5,1970-09-29,470,10,0.0112
Kirwin,KIRWIN NATIONAL WILDLIFE,1970,6,1970-10-06,1334,10,0.0112
Kirwin,KIRWIN NATIONAL WILDLIFE,1970,7,1970-10-13,1367,10,0.0112
Kirwin,KIRWIN NATIONAL WILDLIFE,1970,8,1970-10-20,3495,10,0.0112
Kirwin,KIRWIN NATIONAL WILDLIFE,1970,9,1970-10-27,27434,10,0.0112
Kirwin,KIRWIN NATIONAL WILDLIFE,1970,10,1970-11-03,43349,10,0.0112
Kirwin,KIRWIN NATIONAL WILDLIFE,1970,11,1970-11-10,54080,10,0.0112
Kirwin,KIRWIN NATIONAL WILDLIFE,1970,12,1970-11-17,23660,10,0.0112
Kirwin,KIRWIN NATIONAL WILDLIFE,1970,13,1970-11-24,235690,10,0.0112
Kirwin,KIRWIN NATIONAL WILDLIFE,1970,14,1970-12-01,2754,10,0.0112
Kirwin,KIRWIN NATIONAL WILDLIFE,1970,15,1970-12-08,71314,10,0.0112
Kirwin,KIRWIN NATIONAL WILDLIFE,1970,16,1970-12-15,44812,10,0.0112
Kirwin,KIRWIN NATIONAL WILDLIFE,1970,17,1970-12-22,49380,10,0.0112
Kirwin,KIRWIN NATIONAL WILDLIFE,1970,18,1970-12-29,26202,10,0.0112
Kirwin,KIRWIN,1971,1,1971-09-01,132,10,
Kirwin,KIRWIN,1971,2,1971-09-08,23,10,
Kirwin,KIRWIN,1971,3,1971-09-15,68,10,
Kirwin,KIRWIN,1971,4,1971-09-22,172,10,
Kirwin,KIRWIN,1971,5,1971-09-29,358,10,
Kirwin,KIRWIN,1971,6,1971-10-06,5574,10,
Kirwin,KIRWIN,1971,7,1971-10-13,7920,10,
Kirwin,KIRWIN,1971,8,1971-10-20,13771,10,
Kirwin,KIRWIN,1971,9,1971-10-27,10329,10,
Kirwin,KIRWIN,1971,10,1971-11-03,29376,10,
Kirwin,KIRWIN,1971,11,1971-11-10,2165,10,
Kirwin,KIRWIN,1971,12,1971-11-17,2625,10,
Kirwin,KIRWIN,1971,13,1971-11-24,4050,10,
Kirwin,KIRWIN,1971,14,1971-12-01,4396,10,
Kirwin,KIRWIN,1971,15,1971-12-08,5015,10,
Kirwin,KIRWIN,1971,16,1971-12-15,266,10,
Kirwin,KIRWIN,1971,17,1971-12-22,4802,10,
Kirwin,KIRWIN,1971,18,1971-12-29,5027,10,
Kirwin,KIRWIN,1971,19,1972-01-05,185391,10,
Klamath Basin,Tule Lake Refuge,1953,1,1953-09-01,792722,10,0.0343
Klamath Basin,Tule Lake Refuge,1953,2,1953-09-08,315490,10,0.0343
Klamath Basin,Tule Lake Refuge,1953,3,1953-09-15,49872,10,0.0343
Klamath Basin,Tule Lake Refuge,1953,4,1953-09-22,491222,10,0.0343
Klamath Basin,Tule Lake Refuge,1953,5,1953-09-29,1038410,10,0.0343
Klamath Basin,Tule Lake Refuge,1953,6,1953-10-06,1361060,10,0.0343
Klamath Basin,Tule Lake Refuge,1953,7,1953-10-13,1783010,10,0.0343
Klamath Basin,Tule Lake Refuge,1953,8,1953-10-20,1332000,10,0.0343
Klamath Basin,Tule Lake Refuge,1953,9,1953-10-27,989940,10,0.0343
Klamath Basin,Tule Lake Refuge,1953,10,1953-11-03,239110,10,0.0343
Klamath Basin,Tule Lake Refuge,1953,11,1953-11-10,117820,10,0.0343
Klamath Basin,Tule Lake Refuge,1953,12,1953-11-17,108210,10,0.0343
Klamath Basin,Tule Lake Refuge,1953,13,1953-11-24,93460,10,0.0343
Klamath Basin,Tule Lake Refuge,1953,14,1953-12-01,55780,10,0.0343
Klamath Basin,Tule Lake Refuge,1953,15,1953-12-08,47230,10,0.0343
Klamath Basin,Tule Lake Refuge,1953,16,1953-12-15,41640,10,0.0343
Klamath Basin,Tule Lake Refuge,1953,17,1953-12-22,24990,10,0.0343
Klamath Basin,Sex Ratios of Sick and Dead Botulistic B,1955,1,1955-09-01,1516,7,
Klamath Basin,Sex Ratios of Sick and Dead Botulistic B,1955,2,1955-09-08,942,7,
Klamath Basin,Sex Ratios of Sick and Dead Botulistic B,1955,3,1955-09-15,41,7,
Klamath Basin,Sex Ratios of Sick and Dead Botulistic B,1955,4,1955-09-22,862,7,
Klamath Basin,Sex Ratios of Sick and Dead Botulistic B,1955,5,1955-09-29,3756,7,
Klamath Basin,Sex Ratios of Sick and Dead Botulistic B,1955,6,1955-10-06,874,7,
Klamath Basin,Sex Ratios of Sick and Dead Botulistic B,1955,7,1955-10-13,13219,7,
Klamath Basin,Lover Klamath,1956,1,1956-09-01,568240,10,0.0502
Klamath Basin,Lover Klamath,1956,2,1956-09-08,603780,10,0.0502
Klamath Basin,Lover Klamath,1956,3,1956-09-15,552520,10,0.0502
Klamath Basin,Lover Klamath,1956,4,1956-09-22,457810,10,0.0502
Klamath Basin,Lover Klamath,1956,5,1956-09-29,285900,10,0.0502
Klamath Basin,Lover Klamath,1956,6,1956-10-06,575704,10,0.0502
Klamath Basin,Lover Klamath,1956,7,1956-10-13,642000,10,0.0502
Klamath Basin,Lover Klamath,1956,8,1956-10-20,331100,10,0.0502
Klamath Basin,Lover Klamath,1956,9,1956-10-27,310300,10,0.0502
Klamath Basin,Lover Klamath,1956,10,1956-11-03,335500,10,0.0502
Klamath Basin,Lover Klamath,1956,11,1956-11-10,675100,10,0.0502
Klamath Basin,Lover Klamath,1956,12,1956-11-17,362400,10,0.0502
Klamath Basin,Lover Klamath,1956,13,1956-11-24,520130,10,0.0502
Klamath Basin,Lover Klamath,1956,14,1956-12-01,323470,10,0.0502
Klamath Basin,Lover Klamath,1956,15,1956-12-08,45035,10,0.0502
Klamath Basin,Lover Klamath,1956,16,1956-12-15,33450,10,0.0502
Klamath Basin,Lover Klamath,1956,17,1956-12-22,60036,10,0.0502
Klamath Basin,September December 57 REFUGE,1957,1,1957-09-01,661310,10,0.0219
Klamath Basin,September December 57 REFUGE,1957,2,1957-09-08,648951,10,0.0219
Klamath Basin,September December 57 REFUGE,1957,3,1957-09-15,1207800,10,0.0219
Klamath Basin,September December 57 REFUGE,1957,4,1957-09-22,1528730,10,0.0219
Klamath Basin,September December 57 REFUGE,1957,5,1957-09-29,2023170,10,0.0219
Klamath Basin,September December 57 REFUGE,1957,6,1957-10-06,3701000,10,0.0219
Klamath Basin,September December 57 REFUGE,1957,7,1957-10-13,354100,10,0.0219
Klamath Basin,September December 57 REFUGE,1957,8,1957-10-20,282700,10,0.0219
Klamath Basin,September December 57 REFUGE,1957,9,1957-10-27,242702,10,0.0219
Klamath Basin,September December 57 REFUGE,1957,10,1957-11-03,276202,10,0.0219
Klamath Basin,September December 57 REFUGE,1957,11,1957-11-10,216530,10,0.0219
Klamath Basin,September December 57 REFUGE,1957,12,1957-11-17,157210,10,0.0219
Klamath Basin,September December 57 REFUGE,1957,13,1957-11-24,157600,10,0.0219
Klamath Basin,September December 57 REFUGE,1957,14,1957-12-01,113500,10,0.0219
Klamath Basin,September December 57 REFUGE,1957,15,1957-12-08,106550,10,0.0219
Klamath Basin,September December 57 REFUGE,1957,16,1957-12-15,55450,10,0.0219
Klamath Basin,Tule Lake,1958,1,1958-09-01,51050,10,0.0054
Klamath Basin,Tule Lake,1958,2,1958-09-08,52550,10,0.0054
Klamath Basin,Tule Lake,1958,3,1958-09-15,54550,10,0.0054
Klamath Basin,Tule Lake,1958,4,1958-09-22,116650,10,0.0054
Klamath Basin,Tule Lake,1958,5,1958-09-29,117100,10,0.0054
Klamath Basin,Tule Lake,1958,6,1958-10-06,117600,10,0.0054
Klamath Basin,Tule Lake,1958,7,1958-10-13,136500,10,0.0054
Klamath Basin,Tule Lake,1958,8,1958-10-20,122300,10,0.0054
Klamath Basin,Tule Lake,1958,9,1958-10-27,94000,10,0.0054
Klamath Basin,Tule Lake,1958,10,1958-11-03,96800,10,0.0054
Klamath Basin,Tule Lake,1958,11,1958-11-10,54400,10,0.0054
Klamath Basin,Tule Lake,1958,12,1958-11-17,43400,10,0.0054
Klamath Basin,Tule Lake,1958,13,1958-11-24,124000,10,0.0054
Klamath Basin,Tule Lake,1958,14,1958-12-01,29400,10,0.0054
Klamath Basin,Tule Lake,1958,15,1958-12-08,22200,10,0.0054
Klamath Basin,Tule Lake,1958,16,1958-12-15,25700,10,0.0054
Klamath Basin,Tule Lake,1958,17,1958-12-22,17500,10,0.0054
Klamath Basin,Tule Lake,1959,1,1959-09-01,386620,10,0.0205
Klamath Basin,Tule Lake,1959,2,1959-09-08,530000,10,0.0205
Klamath Basin,Tule Lake,1959,3,1959-09-15,959000,10,0.0205
Klamath Basin,Tule Lake,1959,4,1959-09-22,2001000,10,0.0205
Klamath Basin,Tule Lake,1959,5,1959-09-29,2257200,10,0.0205
Klamath Basin,Tule Lake,1959,6,1959-10-06,2996700,10,0.0205
Klamath Basin,Tule Lake,1959,7,1959-10-13,279100,10,0.0205
Klamath Basin,Tule Lake,1959,8,1959-10-20,248300,10,0.0205
Klamath Basin,Tule Lake,1959,9,1959-10-27,796800,10,0.0205
Klamath Basin,Tule Lake,1959,10,1959-11-03,119000,10,0.0205
Klamath Basin,Tule Lake,1959,11,1959-11-10,28600,10,0.0205
Klamath Basin,Tule Lake,1959,12,1959-11-17,57600,10,0.0205
Klamath Basin,Tule Lake,1959,13,1959-11-24,87500,10,0.0205
Klamath Basin,Tule Lake,1959,14,1959-12-01,26600,10,0.0205
Klamath Basin,Tule Lake,1959,15,1959-12-08,44500,10,0.0205
Klamath Basin,Tule Lake,1959,16,1959-12-15,29100,10,0.0205
Klamath Basin,Tule Lake,1959,17,1959-12-22,17500,10,0.0205
Klamath Basin,Tule Lake,1959,18,1959-12-29,15400,10,0.0205
Klamath Basin,Tule Lake,1960,1,1960-09-01,776500,10,0.0133
Klamath Basin,Tule Lake,1960,2,1960-09-08,94000,10,0.0133
Klamath Basin,Tule Lake,1960,3,1960-09-15,208500,10,0.0133
Klamath Basin,Tule Lake,1960,4,1960-09-22,1440500,10,0.0133
Klamath Basin,Tule Lake,1960,5,1960-09-29,1566000,10,0.0133
Klamath Basin,Tule Lake,1960,6,1960-10-06,1594000,10,0.0133
Klamath Basin,Tule Lake,1960,7,1960-10-13,1681500,10,0.0133
Klamath Basin,Tule Lake,1960,8,1960-10-20,978700,10,0.0133
Klamath Basin,Tule Lake,1960,9,1960-10-27,337000,10,0.0133
Klamath Basin,Tule Lake,1960,10,1960-11-03,99500,10,0.0133
Klamath Basin,Tule Lake,1960,11,1960-11-10,92500,10,0.0133
Klamath Basin,Tule Lake,1960,12,1960-11-17,194450,10,0.0133
Klamath Basin,Tule Lake,1960,13,1960-11-24,13300,10,0.0133
Klamath Basin,Tule Lake,1960,14,1960-12-01,38000,10,0.0133
Klamath Basin,Tule Lake,1960,15,1960-12-08,24000,10,0.0133
Klamath Basin,Tule Lake,1960,16,1960-12-15,10300,10,0.0133
Klamath Basin,Tule Lake,1960,17,1960-12-22,3000,10,0.0133
Klamath Basin,Tale Lake,1961,1,1961-09-01,145850,10,0.0428
Klamath Basin,Tale Lake,1961,2,1961-09-08,406400,10,0.0428
Klamath Basin,Tale Lake,1961,3,1961-09-15,321800,10,0.0428
Klamath Basin,Tale Lake,1961,4,1961-09-22,542000,10,0.0428
Klamath Basin,Tale Lake,1961,5,1961-09-29,227000,10,0.0428
Klamath Basin,Tale Lake,1961,6,1961-10-06,328000,10,0.0428
Klamath Basin,Tale Lake,1961,7,1961-10-13,876100,10,0.0428
Klamath Basin,Tale Lake,1961,8,1961-10-20,929300,10,0.0428
Klamath Basin,Tale Lake,1961,9,1961-10-27,246400,10,0.0428
Klamath Basin,Tale Lake,1961,10,1961-11-03,885150,10,0.0428
Klamath Basin,Tale Lake,1961,11,1961-11-10,159920,10,0.0428
Klamath Basin,Tale Lake,1961,12,1961-11-17,13260,10,0.0428
Klamath Basin,Tale Lake,1961,13,1961-11-24,57280,10,0.0428
Klamath Basin,Tale Lake,1961,14,1961-12-01,21310,10,0.0428
Klamath Basin,Tale Lake,1961,15,1961-12-08,14464,10,0.0428
Klamath Basin,Tale Lake,1961,16,1961-12-15,13120,10,0.0428
Klamath Basin,Tale Lake,1961,17,1961-12-22,4189,10,0.0428
Klamath Basin,TULE LAKE,1962,1,1962-09-01,117060,10,0.0809
Klamath Basin,TULE LAKE,1962,2,1962-09-08,259040,10,0.0809
Klamath Basin,TULE LAKE,1962,3,1962-09-15,359860,10,0.0809
Klamath Basin,TULE LAKE,1962,4,1962-09-22,459450,10,0.0809
Klamath Basin,TULE LAKE,1962,5,1962-09-29,761370,10,0.0809
Klamath Basin,TULE LAKE,1962,6,1962-10-06,526220,10,0.0809
Klamath Basin,TULE LAKE,1962,7,1962-10-13,555590,10,0.0809
Klamath Basin,TULE LAKE,1962,8,1962-10-20,453730,10,0.0809
Klamath Basin,TULE LAKE,1962,9,1962-10-27,579870,10,0.0809
Klamath Basin,TULE LAKE,1962,10,1962-11-03,103930,10,0.0809
Klamath Basin,TULE LAKE,1962,11,1962-11-10,95820,10,0.0809
Klamath Basin,TULE LAKE,1962,12,1962-11-17,125690,10,0.0809
Klamath Basin,TULE LAKE,1962,13,1962-11-24,110850,10,0.0809
Klamath Basin,TULE LAKE,1962,14,1962-12-01,90388,10,0.0809
Klamath Basin,TULE LAKE,1962,15,1962-12-08,93918,10,0.0809
Klamath Basin,TULE LAKE,1962,16,1962-12-15,62270,10,0.0809
Klamath Basin,TULE LAKE,1962,17,1962-12-22,66500,10,0.0809
Klamath Basin,Lover Klamath,1964,1,1964-09-01,100395,10,0.4209
Klamath Basin,Lover Klamath,1964,2,1964-09-08,160707,10,0.4209
Klamath Basin,Lover Klamath,1964,3,1964-09-15,219989,10,0.4209
Klamath Basin,Lover Klamath,1964,4,1964-09-22,351888,10,0.4209
Klamath Basin,Lover Klamath,1964,5,1964-09-29,1032429,10,0.4209
Klamath Basin,Lover Klamath,1964,6,1964-10-06,311650,10,0.4209
Klamath Basin,Lover Klamath,1964,7,1964-10-13,1531320,10,0.4209
Klamath Basin,Lover Klamath,1964,8,1964-10-20,826700,10,0.4209
Klamath Basin,Lover Klamath,1964,9,1964-10-27,409910,10,0.4209
Klamath Basin,Lover Klamath,1964,10,1964-11-03,430088,10,0.4209
Klamath Basin,Lover Klamath,1964,11,1964-11-10,73570,10,0.4209
Klamath Basin,Lover Klamath,1964,12,1964-11-17,69600,10,0.4209
Klamath Basin,Lover Klamath,1964,13,1964-11-24,81356,10,0.4209
Klamath Basin,Lover Klamath,1964,14,1964-12-01,197120,10,0.4209
Klamath Basin,Lover Klamath,1964,15,1964-12-08,224970,10,0.4209
Klamath Basin,Lover Klamath,1964,16,1964-12-15,104880,10,0.4209
Klamath Basin,Lover Klamath,1964,17,1964-12-22,17060,10,0.4209
Klamath Basin,Talo lake,1965,1,1965-09-01,230636,10,
Klamath Basin,Talo lake,1965,2,1965-09-08,234001,10,
Klamath Basin,Talo lake,1965,3,1965-09-15,151060,10,
Klamath Basin,Talo lake,1965,4,1965-09-22,177450,10,
Klamath Basin,Talo lake,1965,5,1965-09-29,191750,10,
Klamath Basin,Talo lake,1965,6,1965-10-06,293206,10,
Klamath Basin,Talo lake,1965,7,1965-10-13,21200,10,
Klamath Basin,Talo lake,1965,8,1965-10-20,31945,10,
Klamath Basin,Talo lake,1965,9,1965-10-27,97828,10,
Klamath Basin,Talo lake,1965,10,1965-11-03,503141,10,
Klamath Basin,Talo lake,1965,11,1965-11-10,92380,10,
Klamath Basin,Talo lake,1965,12,1965-11-17,19000,10,
Klamath Basin,Talo lake,1965,13,1965-11-24,15883,10,
Klamath Basin,Talo lake,1965,14,1965-12-01,123700,10,
Klamath Basin,Talo lake,1965,15,1965-12-08,20990,10,
Klamath Basin,Talo lake,1965,16,1965-12-15,16230,10,
Klamath Basin,Talo lake,1965,17,1965-12-22,33450,10,
Klamath Basin,3-1750 Form NR-1 (Rev. March 1953) WATER,1969,1,1969-09-01,82530,10,0.0
Klamath Basin,3-1750 Form NR-1 (Rev. March 1953) WATER,1969,2,1969-09-08,90030,10,0.0
Klamath Basin,3-1750 Form NR-1 (Rev. March 1953) WATER,1969,3,1969-09-15,126040,10,0.0
Klamath Basin,3-1750 Form NR-1 (Rev. March 1953) WATER,1969,4,1969-09-22,182330,10,0.0
Klamath Basin,3-1750 Form NR-1 (Rev. March 1953) WATER,1969,5,1969-09-29,482100,10,0.0
Klamath Basin,3-1750 Form NR-1 (Rev. March 1953) WATER,1969,6,1969-10-06,804380,10,0.0
Klamath Basin,3-1750 Form NR-1 (Rev. March 1953) WATER,1969,7,1969-10-13,743170,10,0.0
Klamath Basin,3-1750 Form NR-1 (Rev. March 1953) WATER,1969,8,1969-10-20,884850,10,0.0
Klamath Basin,3-1750 Form NR-1 (Rev. March 1953) WATER,1969,9,1969-10-27,747640,10,0.0
Klamath Basin,3-1750 Form NR-1 (Rev. March 1953) WATER,1969,10,1969-11-03,761120,10,0.0
Klamath Basin,3-1750 Form NR-1 (Rev. March 1953) WATER,1969,11,1969-11-10,48650,10,0.0
Klamath Basin,3-1750 Form NR-1 (Rev. March 1953) WATER,1969,12,1969-11-17,90270,10,0.0
Klamath Basin,3-1750 Form NR-1 (Rev. March 1953) WATER,1969,13,1969-11-24,46350,10,0.0
Klamath Basin,3-1750 Form NR-1 (Rev. March 1953) WATER,1969,14,1969-12-01,36150,10,0.0
Klamath Basin,3-1750 Form NR-1 (Rev. March 1953) WATER,1969,15,1969-12-08,47670,10,0.0
Klamath Basin,3-1750 Form NR-1 (Rev. March 1953) WATER,1969,16,1969-12-15,16900,10,0.0
Klamath Basin,3-1750 Form NR-1 (Rev. March 1953) WATER,1969,17,1969-12-22,7300,10,0.0
Klamath Basin,3-1750 Form NR-1 (Rev. March 1953) WATER,1970,1,1970-09-01,89950,10,0.015
Klamath Basin,3-1750 Form NR-1 (Rev. March 1953) WATER,1970,2,1970-09-08,181101,10,0.015
Klamath Basin,3-1750 Form NR-1 (Rev. March 1953) WATER,1970,3,1970-09-15,206220,10,0.015
Klamath Basin,3-1750 Form NR-1 (Rev. March 1953) WATER,1970,4,1970-09-22,240380,10,0.015
Klamath Basin,3-1750 Form NR-1 (Rev. March 1953) WATER,1970,5,1970-09-29,237360,10,0.015
Klamath Basin,3-1750 Form NR-1 (Rev. March 1953) WATER,1970,6,1970-10-06,385200,10,0.015
Klamath Basin,3-1750 Form NR-1 (Rev. March 1953) WATER,1970,7,1970-10-13,1084510,10,0.015
Klamath Basin,3-1750 Form NR-1 (Rev. March 1953) WATER,1970,8,1970-10-20,1045560,10,0.015
Klamath Basin,3-1750 Form NR-1 (Rev. March 1953) WATER,1970,9,1970-10-27,432000,10,0.015
Klamath Basin,3-1750 Form NR-1 (Rev. March 1953) WATER,1970,10,1970-11-03,266800,10,0.015
Klamath Basin,3-1750 Form NR-1 (Rev. March 1953) WATER,1970,11,1970-11-10,69410,10,0.015
Klamath Basin,3-1750 Form NR-1 (Rev. March 1953) WATER,1970,12,1970-11-17,46210,10,0.015
Klamath Basin,3-1750 Form NR-1 (Rev. March 1953) WATER,1970,13,1970-11-24,22580,10,0.015
Klamath Basin,3-1750 Form NR-1 (Rev. March 1953) WATER,1970,14,1970-12-01,20240,10,0.015
Klamath Basin,3-1750 Form NR-1 (Rev. March 1953) WATER,1970,15,1970-12-08,54910,10,0.015
Klamath Basin,3-1750 Form NR-1 (Rev. March 1953) WATER,1970,16,1970-12-15,3070,10,0.015
Klamath Basin,3-1750 Form NR-1 (Rev. March 1953) WATER,1970,17,1970-12-22,12120,10,0.015
Klamath Basin,3-1750 Form NR-1 (Rev. March 1953) WATER,1970,18,1970-12-29,12670,10,0.015
Klamath Basin,3-1750 Form NR-1 (Rev. March 1953) WATER,1971,1,1971-09-01,89021,10,0.0207
Klamath Basin,3-1750 Form NR-1 (Rev. March 1953) WATER,1971,2,1971-09-08,86850,10,0.0207
Klamath Basin,3-1750 Form NR-1 (Rev. March 1953) WATER,1971,3,1971-09-15,93629,10,0.0207
Klamath Basin,3-1750 Form NR-1 (Rev. March 1953) WATER,1971,4,1971-09-22,311180,10,0.0207
Klamath Basin,3-1750 Form NR-1 (Rev. March 1953) WATER,1971,5,1971-09-29,428600,10,0.0207
Klamath Basin,3-1750 Form NR-1 (Rev. March 1953) WATER,1971,6,1971-10-06,348840,10,0.0207
Klamath Basin,3-1750 Form NR-1 (Rev. March 1953) WATER,1971,7,1971-10-13,229220,10,0.0207
Klamath Basin,3-1750 Form NR-1 (Rev. March 1953) WATER,1971,8,1971-10-20,1233770,10,0.0207
Klamath Basin,3-1750 Form NR-1 (Rev. March 1953) WATER,1971,9,1971-10-27,989400,10,0.0207
Klamath Basin,3-1750 Form NR-1 (Rev. March 1953) WATER,1971,10,1971-11-03,691220,10,0.0207
Klamath Basin,3-1750 Form NR-1 (Rev. March 1953) WATER,1971,11,1971-11-10,294750,10,0.0207
Klamath Basin,3-1750 Form NR-1 (Rev. March 1953) WATER,1971,12,1971-11-17,123180,10,0.0207
Klamath Basin,3-1750 Form NR-1 (Rev. March 1953) WATER,1971,13,1971-11-24,80150,10,0.0207
Klamath Basin,3-1750 Form NR-1 (Rev. March 1953) WATER,1971,14,1971-12-01,3110,10,0.0207
Klamath Basin,3-1750 Form NR-1 (Rev. March 1953) WATER,1971,15,1971-12-08,59200,10,0.0207
Klamath Basin,3-1750 Form NR-1 (Rev. March 1953) WATER,1971,16,1971-12-15,16200,10,0.0207
Klamath Basin,3-1750 Form NR-1 (Rev. March 1953) WATER,1971,17,1971-12-22,730,10,0.0207
Lacreek SD,Lacreek National Wildlife Refuge,1942,1,1942-09-01,329,6,
Lacreek SD,Lacreek National Wildlife Refuge,1942,2,1942-09-08,20396,6,
Lacreek SD,Lacreek National Wildlife Refuge,1942,3,1942-09-15,18,6,
Lacreek SD,Lacreek National Wildlife Refuge,1942,4,1942-09-22,62,6,
Lacreek SD,Lacreek National Wildlife Refuge,1942,5,1942-09-29,5190,6,
Lacreek SD,Lacreek National Wildlife Refuge,1942,6,1942-10-06,7335,6,
Lacreek SD,taoreok National Wildlife,1953,1,1953-09-01,9612,8,0.0877
Lacreek SD,taoreok National Wildlife,1953,2,1953-09-08,10812,8,0.0877
Lacreek SD,taoreok National Wildlife,1953,3,1953-09-15,20412,8,0.0877
Lacreek SD,taoreok National Wildlife,1953,4,1953-09-22,21450,8,0.0877
Lacreek SD,taoreok National Wildlife,1953,5,1953-09-29,24950,8,0.0877
Lacreek SD,taoreok National Wildlife,1953,6,1953-10-06,28050,8,0.0877
Lacreek SD,taoreok National Wildlife,1953,7,1953-10-13,35100,8,0.0877
Lacreek SD,taoreok National Wildlife,1953,8,1953-10-20,45200,8,0.0877
Lacreek SD,taoreok National Wildlife,1953,11,1953-11-10,46700,8,0.0877
Lacreek SD,taoreok National Wildlife,1953,12,1953-11-17,62500,8,0.0877
Lacreek SD,taoreok National Wildlife,1953,13,1953-11-24,47000,8,0.0877
Lacreek SD,taoreok National Wildlife,1953,14,1953-12-01,25254,8,0.0877
Lacreek SD,taoreok National Wildlife,1953,15,1953-12-08,25252,8,0.0877
Lacreek SD,taoreok National Wildlife,1953,16,1953-12-15,25155,8,0.0877
Lacreek SD,taoreok National Wildlife,1953,17,1953-12-22,20004,8,0.0877
Lacreek SD,taoreok National Wildlife,1953,18,1953-12-29,15004,8,0.0877
Lacreek SD,LACREEK BALONI TЫR BIST,1954,1,1954-09-01,13470,10,0.0
Lacreek SD,LACREEK BALONI TЫR BIST,1954,2,1954-09-08,18970,10,0.0
Lacreek SD,LACREEK BALONI TЫR BIST,1954,3,1954-09-15,23620,10,0.0
Lacreek SD,LACREEK BALONI TЫR BIST,1954,4,1954-09-22,50620,10,0.0
Lacreek SD,LACREEK BALONI TЫR BIST,1954,5,1954-09-29,63800,10,0.0
Lacreek SD,LACREEK BALONI TЫR BIST,1954,6,1954-10-06,36900,10,0.0
Lacreek SD,LACREEK BALONI TЫR BIST,1954,7,1954-10-13,36900,10,0.0
Lacreek SD,LACREEK BALONI TЫR BIST,1954,8,1954-10-20,33900,10,0.0
Lacreek SD,LACREEK BALONI TЫR BIST,1954,9,1954-10-27,33000,10,0.0
Lacreek SD,LACREEK BALONI TЫR BIST,1954,10,1954-11-03,32900,10,0.0
Lacreek SD,LACREEK BALONI TЫR BIST,1954,11,1954-11-10,6450,10,0.0
Lacreek SD,LACREEK BALONI TЫR BIST,1954,12,1954-11-17,8650,10,0.0
Lacreek SD,LACREEK BALONI TЫR BIST,1954,13,1954-11-24,8900,10,0.0
Lacreek SD,LACREEK BALONI TЫR BIST,1954,14,1954-12-01,507,10,0.0
Lacreek SD,LACREEK BALONI TЫR BIST,1954,15,1954-12-08,226,10,0.0
Lacreek SD,LACREEK BALONI TЫR BIST,1954,16,1954-12-15,207,10,0.0
Lacreek SD,LACREEK BALONI TЫR BIST,1954,17,1954-12-22,207,10,0.0
Lacreek SD,LACREEK NATIONAL WIIDLIFE REFUGE,1955,1,1955-09-01,16200,10,0.0
Lacreek SD,LACREEK NATIONAL WIIDLIFE REFUGE,1955,2,1955-09-08,23500,10,0.0
Lacreek SD,LACREEK NATIONAL WIIDLIFE REFUGE,1955,3,1955-09-15,27000,10,0.0
Lacreek SD,LACREEK NATIONAL WIIDLIFE REFUGE,1955,4,1955-09-22,44000,10,0.0
Lacreek SD,LACREEK NATIONAL WIIDLIFE REFUGE,1955,5,1955-09-29,45500,10,0.0
Lacreek SD,LACREEK NATIONAL WIIDLIFE REFUGE,1955,6,1955-10-06,55100,10,0.0
Lacreek SD,LACREEK NATIONAL WIIDLIFE REFUGE,1955,7,1955-10-13,58200,10,0.0
Lacreek SD,LACREEK NATIONAL WIIDLIFE REFUGE,1955,8,1955-10-20,54500,10,0.0
Lacreek SD,LACREEK NATIONAL WIIDLIFE REFUGE,1955,9,1955-10-27,44100,10,0.0
Lacreek SD,LACREEK NATIONAL WIIDLIFE REFUGE,1955,10,1955-11-03,44000,10,0.0
Lacreek SD,LACREEK NATIONAL WIIDLIFE REFUGE,1955,11,1955-11-10,12500,10,0.0
Lacreek SD,LACREEK NATIONAL WIIDLIFE REFUGE,1955,12,1955-11-17,12500,10,0.0
Lacreek SD,LACREEK NATIONAL WIIDLIFE REFUGE,1955,13,1955-11-24,8500,10,0.0
Lacreek SD,LACREEK NATIONAL WIIDLIFE REFUGE,1955,14,1955-12-01,6000,10,0.0
Lacreek SD,LACREEK NATIONAL WIIDLIFE REFUGE,1955,15,1955-12-08,6000,10,0.0
Lacreek SD,LACREEK NATIONAL WIIDLIFE REFUGE,1955,16,1955-12-15,5150,10,0.0
Lacreek SD,LACREEK NATIONAL WIIDLIFE REFUGE,1955,17,1955-12-22,9100,10,0.0
Lacreek SD,LACREEK NA TIONAL WILDLIFE REFUGE,1956,1,1956-09-01,8050,10,0.0
Lacreek SD,LACREEK NA TIONAL WILDLIFE REFUGE,1956,2,1956-09-08,8050,10,0.0
Lacreek SD,LACREEK NA TIONAL WILDLIFE REFUGE,1956,3,1956-09-15,9050,10,0.0
Lacreek SD,LACREEK NA TIONAL WILDLIFE REFUGE,1956,4,1956-09-22,24950,10,0.0
Lacreek SD,LACREEK NA TIONAL WILDLIFE REFUGE,1956,5,1956-09-29,30500,10,0.0
Lacreek SD,LACREEK NA TIONAL WILDLIFE REFUGE,1956,6,1956-10-06,38800,10,0.0
Lacreek SD,LACREEK NA TIONAL WILDLIFE REFUGE,1956,7,1956-10-13,32600,10,0.0
Lacreek SD,LACREEK NA TIONAL WILDLIFE REFUGE,1956,8,1956-10-20,65100,10,0.0
Lacreek SD,LACREEK NA TIONAL WILDLIFE REFUGE,1956,9,1956-10-27,62500,10,0.0
Lacreek SD,LACREEK NA TIONAL WILDLIFE REFUGE,1956,10,1956-11-03,53500,10,0.0
Lacreek SD,LACREEK NA TIONAL WILDLIFE REFUGE,1956,11,1956-11-10,15810,10,0.0
Lacreek SD,LACREEK NA TIONAL WILDLIFE REFUGE,1956,12,1956-11-17,16060,10,0.0
Lacreek SD,LACREEK NA TIONAL WILDLIFE REFUGE,1956,13,1956-11-24,10850,10,0.0
Lacreek SD,LACREEK NA TIONAL WILDLIFE REFUGE,1956,14,1956-12-01,10550,10,0.0
Lacreek SD,LACREEK NA TIONAL WILDLIFE REFUGE,1956,15,1956-12-08,10350,10,0.0
Lacreek SD,LACREEK NA TIONAL WILDLIFE REFUGE,1956,16,1956-12-15,10150,10,0.0
Lacreek SD,LACREEK NA TIONAL WILDLIFE REFUGE,1956,17,1956-12-22,10150,10,0.0
Lacreek SD,LACREEK NA TIONAL WILDLIFE REFUGE,1956,18,1956-12-29,10100,10,0.0
Lacreek SD,LACREEK NATIONAL WILDLIFE ROWUCE,1958,1,1958-09-01,20160,10,0.0176
Lacreek SD,LACREEK NATIONAL WILDLIFE ROWUCE,1958,2,1958-09-08,18527,10,0.0176
Lacreek SD,LACREEK NATIONAL WILDLIFE ROWUCE,1958,3,1958-09-15,21560,10,0.0176
Lacreek SD,LACREEK NATIONAL WILDLIFE ROWUCE,1958,4,1958-09-22,28950,10,0.0176
Lacreek SD,LACREEK NATIONAL WILDLIFE ROWUCE,1958,5,1958-09-29,33822,10,0.0176
Lacreek SD,LACREEK NATIONAL WILDLIFE ROWUCE,1958,6,1958-10-06,36853,10,0.0176
Lacreek SD,LACREEK NATIONAL WILDLIFE ROWUCE,1958,7,1958-10-13,36863,10,0.0176
Lacreek SD,LACREEK NATIONAL WILDLIFE ROWUCE,1958,8,1958-10-20,44133,10,0.0176
Lacreek SD,LACREEK NATIONAL WILDLIFE ROWUCE,1958,9,1958-10-27,38973,10,0.0176
Lacreek SD,LACREEK NATIONAL WILDLIFE ROWUCE,1958,10,1958-11-03,22940,10,0.0176
Lacreek SD,LACREEK NATIONAL WILDLIFE ROWUCE,1958,11,1958-11-10,25652,10,0.0176
Lacreek SD,LACREEK NATIONAL WILDLIFE ROWUCE,1958,12,1958-11-17,22292,10,0.0176
Lacreek SD,LACREEK NATIONAL WILDLIFE ROWUCE,1958,13,1958-11-24,20210,10,0.0176
Lacreek SD,LACREEK NATIONAL WILDLIFE ROWUCE,1958,14,1958-12-01,25020,10,0.0176
Lacreek SD,LACREEK NATIONAL WILDLIFE ROWUCE,1958,15,1958-12-08,20040,10,0.0176
Lacreek SD,LACREEK NATIONAL WILDLIFE ROWUCE,1958,16,1958-12-15,20050,10,0.0176
Lacreek SD,LACREEK NATIONAL WILDLIFE ROWUCE,1958,17,1958-12-22,20041,10,0.0176
Lacreek SD,LACREEK NATIONAL WILDLIFE ROWUCE,1958,18,1958-12-29,22771,10,0.0176
Lacreek SD,LACPEEK NATIONAL WILDLIFE REFUGE,1959,1,1959-09-01,15580,10,0.0
Lacreek SD,LACPEEK NATIONAL WILDLIFE REFUGE,1959,2,1959-09-08,13622,10,0.0
Lacreek SD,LACPEEK NATIONAL WILDLIFE REFUGE,1959,3,1959-09-15,16622,10,0.0
Lacreek SD,LACPEEK NATIONAL WILDLIFE REFUGE,1959,4,1959-09-22,23240,10,0.0
Lacreek SD,LACPEEK NATIONAL WILDLIFE REFUGE,1959,5,1959-09-29,30985,10,0.0
Lacreek SD,LACPEEK NATIONAL WILDLIFE REFUGE,1959,6,1959-10-06,35174,10,0.0
Lacreek SD,LACPEEK NATIONAL WILDLIFE REFUGE,1959,7,1959-10-13,36440,10,0.0
Lacreek SD,LACPEEK NATIONAL WILDLIFE REFUGE,1959,8,1959-10-20,26393,10,0.0
Lacreek SD,LACPEEK NATIONAL WILDLIFE REFUGE,1959,9,1959-10-27,27313,10,0.0
Lacreek SD,LACPEEK NATIONAL WILDLIFE REFUGE,1959,10,1959-11-03,27190,10,0.0
Lacreek SD,LACPEEK NATIONAL WILDLIFE REFUGE,1959,11,1959-11-10,6031,10,0.0
Lacreek SD,LACPEEK NATIONAL WILDLIFE REFUGE,1959,12,1959-11-17,10054,10,0.0
Lacreek SD,LACPEEK NATIONAL WILDLIFE REFUGE,1959,13,1959-11-24,8054,10,0.0
Lacreek SD,LACPEEK NATIONAL WILDLIFE REFUGE,1959,14,1959-12-01,8050,10,0.0
Lacreek SD,LACPEEK NATIONAL WILDLIFE REFUGE,1959,15,1959-12-08,8053,10,0.0
Lacreek SD,LACPEEK NATIONAL WILDLIFE REFUGE,1959,16,1959-12-15,8053,10,0.0
Lacreek SD,LACPEEK NATIONAL WILDLIFE REFUGE,1959,17,1959-12-22,8050,10,0.0
Lacreek SD,LACPEEK NATIONAL WILDLIFE REFUGE,1959,18,1959-12-29,8050,10,0.0
Lacreek SD,Lacreek National Wildlife Refuge,1960,1,1960-09-01,5850,10,
Lacreek SD,Lacreek National Wildlife Refuge,1960,2,1960-09-08,9150,10,
Lacreek SD,Lacreek National Wildlife Refuge,1960,3,1960-09-15,9120,10,
Lacreek SD,Lacreek National Wildlife Refuge,1960,4,1960-09-22,9720,10,
Lacreek SD,Lacreek National Wildlife Refuge,1960,5,1960-09-29,17040,10,
Lacreek SD,Lacreek National Wildlife Refuge,1960,6,1960-10-06,34300,10,
Lacreek SD,Lacreek National Wildlife Refuge,1960,7,1960-10-13,63036729,10,
Lacreek SD,Lacreek National Wildlife Refuge,1960,8,1960-10-20,53434,10,
Lacreek SD,Lacreek National Wildlife Refuge,1960,9,1960-10-27,59275,10,
Lacreek SD,Lacreek National Wildlife Refuge,1960,10,1960-11-03,13075,10,
Lacreek SD,Lacreek National Wildlife Refuge,1960,11,1960-11-10,20050,10,
Lacreek SD,Lacreek National Wildlife Refuge,1960,12,1960-11-17,20050,10,
Lacreek SD,Lacreek National Wildlife Refuge,1960,13,1960-11-24,20050,10,
Lacreek SD,Lacreek National Wildlife Refuge,1960,14,1960-12-01,1688241,10,
Lacreek SD,Table No. I Waterfowl Peak Numbers and T,1961,1,1961-09-01,24115,6,
Lacreek SD,Table No. I Waterfowl Peak Numbers and T,1961,2,1961-09-08,1024527,6,
Lacreek SD,Table No. I Waterfowl Peak Numbers and T,1961,3,1961-09-15,60479,6,
Lacreek SD,Table No. I Waterfowl Peak Numbers and T,1961,4,1961-09-22,2521901,6,
Lacreek SD,Table No. I Waterfowl Peak Numbers and T,1961,5,1961-09-29,62837,6,
Lacreek SD,Table No. I Waterfowl Peak Numbers and T,1961,6,1961-10-06,781684,6,
Lacreek SD,-LACBEEK,1962,1,1962-09-01,11454,10,0.1424
Lacreek SD,-LACBEEK,1962,2,1962-09-08,18960,10,0.1424
Lacreek SD,-LACBEEK,1962,3,1962-09-15,25970,10,0.1424
Lacreek SD,-LACBEEK,1962,4,1962-09-22,25330,10,0.1424
Lacreek SD,-LACBEEK,1962,5,1962-09-29,19250,10,0.1424
Lacreek SD,-LACBEEK,1962,6,1962-10-06,15330,10,0.1424
Lacreek SD,-LACBEEK,1962,7,1962-10-13,11350,10,0.1424
Lacreek SD,-LACBEEK,1962,8,1962-10-20,21300,10,0.1424
Lacreek SD,-LACBEEK,1962,9,1962-10-27,22950,10,0.1424
Lacreek SD,-LACBEEK,1962,10,1962-11-03,18325,10,0.1424
Lacreek SD,-LACBEEK,1962,11,1962-11-10,17025,10,0.1424
Lacreek SD,-LACBEEK,1962,12,1962-11-17,15700,10,0.1424
Lacreek SD,-LACBEEK,1962,13,1962-11-24,6800,10,0.1424
Lacreek SD,-LACBEEK,1962,14,1962-12-01,9300,10,0.1424
Lacreek SD,-LACBEEK,1962,15,1962-12-08,5165,10,0.1424
Lacreek SD,-LACBEEK,1962,16,1962-12-15,3900,10,0.1424
Lacreek SD,-LACBEEK,1962,17,1962-12-22,3875,10,0.1424
Lacreek SD,-LACBEEK,1962,18,1962-12-29,3600,10,0.1424
Lacreek SD,-LACBEEK,1962,19,1963-01-05,3500,10,0.1424
Lacreek SD,Lacreek,1963,1,1963-09-01,5535,10,0.0017
Lacreek SD,Lacreek,1963,2,1963-09-08,11255,10,0.0017
Lacreek SD,Lacreek,1963,3,1963-09-15,15195,10,0.0017
Lacreek SD,Lacreek,1963,4,1963-09-22,14965,10,0.0017
Lacreek SD,Lacreek,1963,5,1963-09-29,18847,10,0.0017
Lacreek SD,Lacreek,1963,6,1963-10-06,20605,10,0.0017
Lacreek SD,Lacreek,1963,7,1963-10-13,16840,10,0.0017
Lacreek SD,Lacreek,1963,8,1963-10-20,19552,10,0.0017
Lacreek SD,Lacreek,1963,9,1963-10-27,21705,10,0.0017
Lacreek SD,Lacreek,1963,10,1963-11-03,22948,10,0.0017
Lacreek SD,Lacreek,1963,11,1963-11-10,22710,10,0.0017
Lacreek SD,Lacreek,1963,12,1963-11-17,29763,10,0.0017
Lacreek SD,Lacreek,1963,13,1963-11-24,4536,10,0.0017
Lacreek SD,Lacreek,1963,14,1963-12-01,4241,10,0.0017
Lacreek SD,Lacreek,1963,15,1963-12-08,1141,10,0.0017
Lacreek SD,Lacreek,1963,16,1963-12-15,363,10,0.0017
Lacreek SD,Lacreek,1963,17,1963-12-22,781,10,0.0017
Lacreek SD,Lacreek,1963,18,1963-12-29,1241,10,0.0017
Lacreek SD,Lacreek,1967,1,1967-09-01,23525,10,0.4872
Lacreek SD,Lacreek,1967,2,1967-09-08,24602,10,0.4872
Lacreek SD,Lacreek,1967,3,1967-09-15,8325,10,0.4872
Lacreek SD,Lacreek,1967,4,1967-09-22,44770,10,0.4872
Lacreek SD,Lacreek,1967,5,1967-09-29,84790,10,0.4872
Lacreek SD,Lacreek,1967,6,1967-10-06,94450,10,0.4872
Lacreek SD,Lacreek,1967,7,1967-10-13,60038,10,0.4872
Lacreek SD,Lacreek,1967,8,1967-10-20,33190,10,0.4872
Lacreek SD,Lacreek,1967,9,1967-10-27,4214,10,0.4872
Lacreek SD,Lacreek,1967,10,1967-11-03,30176,10,0.4872
Lacreek SD,Lacreek,1967,11,1967-11-10,2545,10,0.4872
Lacreek SD,Lacreek,1967,12,1967-11-17,122,10,0.4872
Lacreek SD,Lacreek,1967,13,1967-11-24,150,10,0.4872
Lacreek SD,Iacreok NIR,1968,1,1968-09-01,22045,10,0.1818
Lacreek SD,Iacreok NIR,1968,2,1968-09-08,13095,10,0.1818
Lacreek SD,Iacreok NIR,1968,3,1968-09-15,29955,10,0.1818
Lacreek SD,Iacreok NIR,1968,4,1968-09-22,29820,10,0.1818
Lacreek SD,Iacreok NIR,1968,5,1968-09-29,34330,10,0.1818
Lacreek SD,Iacreok NIR,1968,6,1968-10-06,69110,10,0.1818
Lacreek SD,Iacreok NIR,1968,7,1968-10-13,30180,10,0.1818
Lacreek SD,Iacreok NIR,1968,8,1968-10-20,22490,10,0.1818
Lacreek SD,Iacreok NIR,1968,9,1968-10-27,13160,10,0.1818
Lacreek SD,Iacreok NIR,1968,10,1968-11-03,16490,10,0.1818
Lacreek SD,Iacreok NIR,1968,11,1968-11-10,9850,10,0.1818
Lacreek SD,Iacreok NIR,1968,12,1968-11-17,2550,10,0.1818
Lacreek SD,Iacreok NIR,1968,13,1968-11-24,2325,10,0.1818
Lacreek SD,Iacreok NIR,1968,14,1968-12-01,3370,10,0.1818
Lacreek SD,Iacreok NIR,1968,15,1968-12-08,3400,10,0.1818
Lacreek SD,Iacreok NIR,1968,16,1968-12-15,770,10,0.1818
Lacreek SD,Iacreok NIR,1968,17,1968-12-22,500,10,0.1818
Lacreek SD,Iacreok NIR,1968,18,1968-12-29,500,10,0.1818
Lacreek SD,Lacreek,1969,1,1969-09-01,18345,10,
Lacreek SD,Lacreek,1969,2,1969-09-08,12380,10,
Lacreek SD,Lacreek,1969,3,1969-09-15,27240,10,
Lacreek SD,Lacreek,1969,4,1969-09-22,16255,10,
Lacreek SD,Lacreek,1969,5,1969-09-29,22715,10,
Lacreek SD,Lacreek,1969,6,1969-10-06,18645,10,
Lacreek SD,Lacreek,1969,7,1969-10-13,20845,10,
Lacreek SD,Lacreek,1969,8,1969-10-20,18875,10,
Lacreek SD,Lacreek,1969,9,1969-10-27,9350,10,
Lacreek SD,Lacreek,1969,10,1969-11-03,9095,10,
Lacreek SD,Lacrock NWR,1970,1,1970-09-01,2415,10,0.8255
Lacreek SD,Lacrock NWR,1970,2,1970-09-08,2695,10,0.8255
Lacreek SD,Lacrock NWR,1970,3,1970-09-15,8855,10,0.8255
Lacreek SD,Lacrock NWR,1970,4,1970-09-22,2387,10,0.8255
Lacreek SD,Lacrock NWR,1970,5,1970-09-29,4107,10,0.8255
Lacreek SD,Lacrock NWR,1970,6,1970-10-06,11211,10,0.8255
Lacreek SD,Lacrock NWR,1970,7,1970-10-13,20605,10,0.8255
Lacreek SD,Lacrock NWR,1970,8,1970-10-20,17808,10,0.8255
Lacreek SD,Lacrock NWR,1970,9,1970-10-27,10835,10,0.8255
Lacreek SD,Lacrock NWR,1970,10,1970-11-03,4895,10,0.8255
Lacreek SD,Lacrock NWR,1970,11,1970-11-10,6815,10,0.8255
Lacreek SD,Lacrock NWR,1970,12,1970-11-17,5286,10,0.8255
Lacreek SD,Lacrock NWR,1970,13,1970-11-24,1969,10,0.8255
Lacreek SD,Lacrock NWR,1970,14,1970-12-01,2319,10,0.8255
Lacreek SD,Lacrock NWR,1970,15,1970-12-08,1852,10,0.8255
Lacreek SD,Lacrock NWR,1970,16,1970-12-15,1204,10,0.8255
Lacreek SD,Lacreek NAR,1971,1,1971-09-01,3486,10,0.0077
Lacreek SD,Lacreek NAR,1971,2,1971-09-08,8716,10,0.0077
Lacreek SD,Lacreek NAR,1971,3,1971-09-15,19829,10,0.0077
Lacreek SD,Lacreek NAR,1971,4,1971-09-22,20185,10,0.0077
Lacreek SD,Lacreek NAR,1971,5,1971-09-29,20204,10,0.0077
Lacreek SD,Lacreek NAR,1971,6,1971-10-06,17510,10,0.0077
Lacreek SD,Lacreek NAR,1971,7,1971-10-13,23856,10,0.0077
Lacreek SD,Lacreek NAR,1971,8,1971-10-20,32100,10,0.0077
Lacreek SD,Lacreek NAR,1971,9,1971-10-27,69522,10,0.0077
Lacreek SD,Lacreek NAR,1971,10,1971-11-03,16667,10,0.0077
Lacreek SD,Lacreek NAR,1971,11,1971-11-10,202,10,0.0077
Lacreek SD,Lacreek NAR,1971,12,1971-11-17,150,10,0.0077
Lacreek SD,Lacreek NAR,1971,13,1971-11-24,127,10,0.0077
Lacreek SD,Lacreek NAR,1971,14,1971-12-01,64,10,0.0077
Lacreek SD,Lacreek NAR,1971,15,1971-12-08,100,10,0.0077
Lacreek SD,Lacreek NAR,1971,16,1971-12-15,80,10,0.0077
Lacreek SD,Lacreek NAR,1971,17,1971-12-22,37,10,0.0077
Laguna Atascosa,Laguna Atarcosa National Wlldil1o Refuge,1953,1,1953-09-01,21245,10,
Laguna Atascosa,Laguna Atarcosa National Wlldil1o Refuge,1953,2,1953-09-08,49245,10,
Laguna Atascosa,Laguna Atarcosa National Wlldil1o Refuge,1953,3,1953-09-15,54565,10,
Laguna Atascosa,Laguna Atarcosa National Wlldil1o Refuge,1953,4,1953-09-22,30471,10,
Laguna Atascosa,Laguna Atarcosa National Wlldil1o Refuge,1953,5,1953-09-29,116446,10,
Laguna Atascosa,Laguna Atarcosa National Wlldil1o Refuge,1953,6,1953-10-06,360059,10,
Laguna Atascosa,Laguna Atarcosa National Wlldil1o Refuge,1953,7,1953-10-13,1434196,10,
Laguna Atascosa,Laguna Atarcosa National Wlldil1o Refuge,1953,8,1953-10-20,42945,10,
Laguna Atascosa,Laguna Atarcosa National Wlldil1o Refuge,1953,9,1953-10-27,63913,10,
Laguna Atascosa,Laguna Atarcosa National Wlldil1o Refuge,1953,10,1953-11-03,1125187,10,
Laguna Atascosa,LALa Ataaooss,1955,1,1955-09-01,12150,10,5.5483
Laguna Atascosa,LALa Ataaooss,1955,2,1955-09-08,860,10,5.5483
Laguna Atascosa,LALa Ataaooss,1955,3,1955-09-15,9020,10,5.5483
Laguna Atascosa,LALa Ataaooss,1955,4,1955-09-22,4141,10,5.5483
Laguna Atascosa,LALa Ataaooss,1955,5,1955-09-29,7434,10,5.5483
Laguna Atascosa,LALa Ataaooss,1955,6,1955-10-06,11266,10,5.5483
Laguna Atascosa,LALa Ataaooss,1955,7,1955-10-13,117144,10,5.5483
Laguna Atascosa,LALa Ataaooss,1955,8,1955-10-20,191253,10,5.5483
Laguna Atascosa,LALa Ataaooss,1955,9,1955-10-27,1238622,10,5.5483
Laguna Atascosa,LALa Ataaooss,1955,10,1955-11-03,672924,10,5.5483
Laguna Atascosa,LALa Ataaooss,1955,11,1955-11-10,104536,10,5.5483
Laguna Atascosa,LALa Ataaooss,1955,12,1955-11-17,115500,10,5.5483
Laguna Atascosa,LALa Ataaooss,1955,13,1955-11-24,8962,10,5.5483
Laguna Atascosa,LALa Ataaooss,1955,14,1955-12-01,70008,10,5.5483
Laguna Atascosa,LALa Ataaooss,1955,15,1955-12-08,92594,10,5.5483
Laguna Atascosa,LALa Ataaooss,1955,16,1955-12-15,571006,10,5.5483
Laguna Atascosa,LALa Ataaooss,1955,17,1955-12-22,573812,10,5.5483
Laguna Atascosa,LALa Ataaooss,1955,18,1955-12-29,40277,10,5.5483
Laguna Atascosa,Lagusa Atasoosa,1956,1,1956-09-01,2000,10,6.0
Laguna Atascosa,Lagusa Atasoosa,1956,2,1956-09-08,35084,10,6.0
Laguna Atascosa,Lagusa Atasoosa,1956,3,1956-09-15,48182,10,6.0
Laguna Atascosa,Lagusa Atasoosa,1956,4,1956-09-22,70189,10,6.0
Laguna Atascosa,Lagusa Atasoosa,1956,5,1956-09-29,176057,10,6.0
Laguna Atascosa,Lagusa Atasoosa,1956,6,1956-10-06,141226,10,6.0
Laguna Atascosa,Lagusa Atasoosa,1956,7,1956-10-13,144256,10,6.0
Laguna Atascosa,Lagusa Atasoosa,1956,8,1956-10-20,235200,10,6.0
Laguna Atascosa,Lagusa Atasoosa,1956,9,1956-10-27,738507,10,6.0
Laguna Atascosa,Lagusa Atasoosa,1956,10,1956-11-03,818600,10,6.0
Laguna Atascosa,Lagusa Atasoosa,1956,11,1956-11-10,1427015,10,6.0
Laguna Atascosa,Lagusa Atasoosa,1956,12,1956-11-17,3180444,10,6.0
Laguna Atascosa,Lagusa Atasoosa,1956,13,1956-11-24,2265760,10,6.0
Laguna Atascosa,Lagusa Atasoosa,1956,14,1956-12-01,2125676,10,6.0
Laguna Atascosa,Lagusa Atasoosa,1956,15,1956-12-08,2095317,10,6.0
Laguna Atascosa,Lagusa Atasoosa,1956,16,1956-12-15,308364,10,6.0
Laguna Atascosa,Lagusa Atasoosa,1956,17,1956-12-22,277956,10,6.0
Laguna Atascosa,Lagusa Atasoosa,1956,18,1956-12-29,1719164,10,6.0
Laguna Atascosa,Laguna Atascosa,1957,1,1957-09-01,3327,10,0.0837
Laguna Atascosa,Laguna Atascosa,1957,2,1957-09-08,4046,10,0.0837
Laguna Atascosa,Laguna Atascosa,1957,3,1957-09-15,5859,10,0.0837
Laguna Atascosa,Laguna Atascosa,1957,4,1957-09-22,7582,10,0.0837
Laguna Atascosa,Laguna Atascosa,1957,5,1957-09-29,9187,10,0.0837
Laguna Atascosa,Laguna Atascosa,1957,6,1957-10-06,6730,10,0.0837
Laguna Atascosa,Laguna Atascosa,1957,7,1957-10-13,70434,10,0.0837
Laguna Atascosa,Laguna Atascosa,1957,8,1957-10-20,90650,10,0.0837
Laguna Atascosa,Laguna Atascosa,1957,9,1957-10-27,251672,10,0.0837
Laguna Atascosa,Laguna Atascosa,1957,10,1957-11-03,131550,10,0.0837
Laguna Atascosa,Laguna Atascosa,1957,11,1957-11-10,158544,10,0.0837
Laguna Atascosa,Laguna Atascosa,1957,12,1957-11-17,57250,10,0.0837
Laguna Atascosa,Laguna Atascosa,1957,13,1957-11-24,51995,10,0.0837
Laguna Atascosa,Laguna Atascosa,1957,14,1957-12-01,9521,10,0.0837
Laguna Atascosa,Laguna Atascosa,1957,15,1957-12-08,12278,10,0.0837
Laguna Atascosa,Laguna Atascosa,1957,16,1957-12-15,37209,10,0.0837
Laguna Atascosa,Laguna Atascosa,1957,17,1957-12-22,44501,10,0.0837
Laguna Atascosa,Laguna Atascosa,1957,18,1957-12-29,53640,10,0.0837
Laguna Atascosa,Laguna Atasoosa,1958,1,1958-09-01,7052,10,0.7413
Laguna Atascosa,Laguna Atasoosa,1958,2,1958-09-08,8764,10,0.7413
Laguna Atascosa,Laguna Atasoosa,1958,3,1958-09-15,21132,10,0.7413
Laguna Atascosa,Laguna Atasoosa,1958,4,1958-09-22,33540,10,0.7413
Laguna Atascosa,Laguna Atasoosa,1958,5,1958-09-29,19082,10,0.7413
Laguna Atascosa,Laguna Atasoosa,1958,6,1958-10-06,10370,10,0.7413
Laguna Atascosa,Laguna Atasoosa,1958,7,1958-10-13,12862,10,0.7413
Laguna Atascosa,Laguna Atasoosa,1958,8,1958-10-20,22045,10,0.7413
Laguna Atascosa,Laguna Atasoosa,1958,9,1958-10-27,23295,10,0.7413
Laguna Atascosa,Laguna Atasoosa,1958,10,1958-11-03,126266,10,0.7413
Laguna Atascosa,Laguna Atasoosa,1958,11,1958-11-10,27652,10,0.7413
Laguna Atascosa,Laguna Atasoosa,1958,12,1958-11-17,30185,10,0.7413
Laguna Atascosa,Laguna Atasoosa,1958,13,1958-11-24,40815,10,0.7413
Laguna Atascosa,Laguna Atasoosa,1958,14,1958-12-01,75665,10,0.7413
Laguna Atascosa,Laguna Atasoosa,1958,15,1958-12-08,50367,10,0.7413
Laguna Atascosa,Laguna Atasoosa,1958,16,1958-12-15,4723,10,0.7413
Laguna Atascosa,Laguna Atasoosa,1958,17,1958-12-22,6354,10,0.7413
Laguna Atascosa,Laguna Atasoosa,1958,18,1958-12-29,48104,10,0.7413
Laguna Atascosa,Lagana Ataasosa,1959,1,1959-09-01,851,10,0.0294
Laguna Atascosa,Lagana Ataasosa,1959,2,1959-09-08,1318,10,0.0294
Laguna Atascosa,Lagana Ataasosa,1959,3,1959-09-15,6292,10,0.0294
Laguna Atascosa,Lagana Ataasosa,1959,4,1959-09-22,4127,10,0.0294
Laguna Atascosa,Lagana Ataasosa,1959,5,1959-09-29,7656,10,0.0294
Laguna Atascosa,Lagana Ataasosa,1959,6,1959-10-06,8561,10,0.0294
Laguna Atascosa,Lagana Ataasosa,1959,7,1959-10-13,42608,10,0.0294
Laguna Atascosa,Lagana Ataasosa,1959,8,1959-10-20,90804,10,0.0294
Laguna Atascosa,Lagana Ataasosa,1959,9,1959-10-27,95981,10,0.0294
Laguna Atascosa,Lagana Ataasosa,1959,10,1959-11-03,77358,10,0.0294
Laguna Atascosa,Lagana Ataasosa,1959,11,1959-11-10,52250,10,0.0294
Laguna Atascosa,Lagana Ataasosa,1959,12,1959-11-17,139539,10,0.0294
Laguna Atascosa,Lagana Ataasosa,1959,13,1959-11-24,125484,10,0.0294
Laguna Atascosa,Lagana Ataasosa,1959,14,1959-12-01,257271,10,0.0294
Laguna Atascosa,Lagana Ataasosa,1959,15,1959-12-08,206654,10,0.0294
Laguna Atascosa,Lagana Ataasosa,1959,16,1959-12-15,29746,10,0.0294
Laguna Atascosa,Lagana Ataasosa,1959,17,1959-12-22,41289,10,0.0294
Laguna Atascosa,Lagana Ataasosa,1959,18,1959-12-29,51258,10,0.0294
Laguna Atascosa,Laguna Atascosa,1960,1,1960-09-01,238,10,0.1818
Laguna Atascosa,Laguna Atascosa,1960,2,1960-09-08,149,10,0.1818
Laguna Atascosa,Laguna Atascosa,1960,3,1960-09-15,4208,10,0.1818
Laguna Atascosa,Laguna Atascosa,1960,4,1960-09-22,39778,10,0.1818
Laguna Atascosa,Laguna Atascosa,1960,5,1960-09-29,28420,10,0.1818
Laguna Atascosa,Laguna Atascosa,1960,6,1960-10-06,7187,10,0.1818
Laguna Atascosa,Laguna Atascosa,1960,7,1960-10-13,20884,10,0.1818
Laguna Atascosa,Laguna Atascosa,1960,8,1960-10-20,35350,10,0.1818
Laguna Atascosa,Laguna Atascosa,1960,9,1960-10-27,26278,10,0.1818
Laguna Atascosa,Laguna Atascosa,1960,10,1960-11-03,75083,10,0.1818
Laguna Atascosa,Laguna Atascosa,1960,11,1960-11-10,104607,10,0.1818
Laguna Atascosa,Laguna Atascosa,1960,12,1960-11-17,68349,10,0.1818
Laguna Atascosa,Laguna Atascosa,1960,13,1960-11-24,197554,10,0.1818
Laguna Atascosa,Laguna Atascosa,1960,14,1960-12-01,368351,10,0.1818
Laguna Atascosa,Laguna Atascosa,1960,15,1960-12-08,333836,10,0.1818
Laguna Atascosa,Laguna Atascosa,1960,16,1960-12-15,61497,10,0.1818
Laguna Atascosa,Laguna Atascosa,1960,17,1960-12-22,18068,10,0.1818
Laguna Atascosa,Laguna Atascosa,1960,18,1960-12-29,180634,10,0.1818
Laguna Atascosa,LaREnA AtRECODs,1962,1,1962-09-01,380,10,0.15
Laguna Atascosa,LaREnA AtRECODs,1962,2,1962-09-08,690,10,0.15
Laguna Atascosa,LaREnA AtRECODs,1962,3,1962-09-15,1170,10,0.15
Laguna Atascosa,LaREnA AtRECODs,1962,4,1962-09-22,1270,10,0.15
Laguna Atascosa,LaREnA AtRECODs,1962,5,1962-09-29,320,10,0.15
Laguna Atascosa,LaREnA AtRECODs,1962,6,1962-10-06,870,10,0.15
Laguna Atascosa,LaREnA AtRECODs,1962,7,1962-10-13,2784,10,0.15
Laguna Atascosa,LaREnA AtRECODs,1962,8,1962-10-20,24490,10,0.15
Laguna Atascosa,LaREnA AtRECODs,1962,9,1962-10-27,24240,10,0.15
Laguna Atascosa,LaREnA AtRECODs,1962,10,1962-11-03,31470,10,0.15
Laguna Atascosa,LaREnA AtRECODs,1962,11,1962-11-10,23820,10,0.15
Laguna Atascosa,LaREnA AtRECODs,1962,12,1962-11-17,19200,10,0.15
Laguna Atascosa,LaREnA AtRECODs,1962,13,1962-11-24,12925,10,0.15
Laguna Atascosa,LaREnA AtRECODs,1962,14,1962-12-01,11682,10,0.15
Laguna Atascosa,LaREnA AtRECODs,1962,15,1962-12-08,16810,10,0.15
Laguna Atascosa,LaREnA AtRECODs,1962,16,1962-12-15,12955,10,0.15
Laguna Atascosa,LaREnA AtRECODs,1962,17,1962-12-22,2640,10,0.15
Laguna Atascosa,LaREnA AtRECODs,1962,18,1962-12-29,695,10,0.15
Laguna Atascosa,Laguna Atascosa,1963,1,1963-09-01,480,10,0.1379
Laguna Atascosa,Laguna Atascosa,1963,2,1963-09-08,439,10,0.1379
Laguna Atascosa,Laguna Atascosa,1963,3,1963-09-15,357,10,0.1379
Laguna Atascosa,Laguna Atascosa,1963,4,1963-09-22,1435,10,0.1379
Laguna Atascosa,Laguna Atascosa,1963,5,1963-09-29,4166,10,0.1379
Laguna Atascosa,Laguna Atascosa,1963,6,1963-10-06,3920,10,0.1379
Laguna Atascosa,Laguna Atascosa,1963,7,1963-10-13,3810,10,0.1379
Laguna Atascosa,Laguna Atascosa,1963,8,1963-10-20,6418,10,0.1379
Laguna Atascosa,Laguna Atascosa,1963,9,1963-10-27,11470,10,0.1379
Laguna Atascosa,Laguna Atascosa,1963,10,1963-11-03,138735,10,0.1379
Laguna Atascosa,Laguna Atascosa,1963,11,1963-11-10,300905,10,0.1379
Laguna Atascosa,Laguna Atascosa,1963,12,1963-11-17,39545,10,0.1379
Laguna Atascosa,Laguna Atascosa,1963,13,1963-11-24,138765,10,0.1379
Laguna Atascosa,Laguna Atascosa,1963,14,1963-12-01,146415,10,0.1379
Laguna Atascosa,Laguna Atascosa,1963,15,1963-12-08,86505,10,0.1379
Laguna Atascosa,Laguna Atascosa,1963,16,1963-12-15,82643,10,0.1379
Laguna Atascosa,Laguna Atascosa,1963,17,1963-12-22,60530,10,0.1379
Laguna Atascosa,Laguna Atascosa,1963,18,1963-12-29,117593,10,0.1379
Laguna Atascosa,Laguna Ataacosa Refuge,1964,2,1964-09-08,6269,10,0.0228
Laguna Atascosa,Laguna Ataacosa Refuge,1964,3,1964-09-15,15382,10,0.0228
Laguna Atascosa,Laguna Ataacosa Refuge,1964,4,1964-09-22,35814,10,0.0228
Laguna Atascosa,Laguna Ataacosa Refuge,1964,5,1964-09-29,2850,10,0.0228
Laguna Atascosa,Laguna Ataacosa Refuge,1964,6,1964-10-06,44825,10,0.0228
Laguna Atascosa,Laguna Ataacosa Refuge,1964,7,1964-10-13,63470,10,0.0228
Laguna Atascosa,Laguna Ataacosa Refuge,1964,8,1964-10-20,16267,10,0.0228
Laguna Atascosa,Laguna Ataacosa Refuge,1964,9,1964-10-27,104592,10,0.0228
Laguna Atascosa,Laguna Ataacosa Refuge,1964,10,1964-11-03,192847,10,0.0228
Laguna Atascosa,Laguna Ataacosa Refuge,1964,11,1964-11-10,188061,10,0.0228
Laguna Atascosa,Laguna Ataacosa Refuge,1964,12,1964-11-17,186025,10,0.0228
Laguna Atascosa,Laguna Ataacosa Refuge,1964,13,1964-11-24,253795,10,0.0228
Laguna Atascosa,Laguna Ataacosa Refuge,1964,14,1964-12-01,130414,10,0.0228
Laguna Atascosa,Laguna Ataacosa Refuge,1964,15,1964-12-08,290650,10,0.0228
Laguna Atascosa,Laguna Ataacosa Refuge,1964,16,1964-12-15,115357,10,0.0228
Laguna Atascosa,Laguna Ataacosa Refuge,1964,17,1964-12-22,97547,10,0.0228
Laguna Atascosa,Laguna Ataacosa Refuge,1964,18,1964-12-29,109672,10,0.0228
Laguna Atascosa,Taguna Atascosa,1965,1,1965-09-01,92,10,0.1264
Laguna Atascosa,Taguna Atascosa,1965,2,1965-09-08,242,10,0.1264
Laguna Atascosa,Taguna Atascosa,1965,3,1965-09-15,5399,10,0.1264
Laguna Atascosa,Taguna Atascosa,1965,5,1965-09-29,32,10,0.1264
Laguna Atascosa,Taguna Atascosa,1965,6,1965-10-06,21592,10,0.1264
Laguna Atascosa,Taguna Atascosa,1965,7,1965-10-13,13213,10,0.1264
Laguna Atascosa,Taguna Atascosa,1965,8,1965-10-20,2936,10,0.1264
Laguna Atascosa,Taguna Atascosa,1965,9,1965-10-27,4281,10,0.1264
Laguna Atascosa,Taguna Atascosa,1965,10,1965-11-03,38885,10,0.1264
Laguna Atascosa,Taguna Atascosa,1965,11,1965-11-10,225752,10,0.1264
Laguna Atascosa,Taguna Atascosa,1965,12,1965-11-17,296040,10,0.1264
Laguna Atascosa,Taguna Atascosa,1965,13,1965-11-24,30446,10,0.1264
Laguna Atascosa,Taguna Atascosa,1965,14,1965-12-01,23804,10,0.1264
Laguna Atascosa,Taguna Atascosa,1965,15,1965-12-08,11290,10,0.1264
Laguna Atascosa,Taguna Atascosa,1965,16,1965-12-15,7572,10,0.1264
Laguna Atascosa,Taguna Atascosa,1965,17,1965-12-22,4055,10,0.1264
Laguna Atascosa,Taguna Atascosa,1965,18,1965-12-29,14301,10,0.1264
Laguna Atascosa,Laguna Atascosa NWR,1966,1,1966-09-01,4140,9,
Laguna Atascosa,Laguna Atascosa NWR,1966,2,1966-09-08,2215,9,
Laguna Atascosa,Laguna Atascosa NWR,1966,3,1966-09-15,12487,9,
Laguna Atascosa,Laguna Atascosa NWR,1966,4,1966-09-22,16205,9,
Laguna Atascosa,Laguna Atascosa NWR,1966,5,1966-09-29,54020,9,
Laguna Atascosa,Laguna Atascosa NWR,1966,6,1966-10-06,197320,9,
Laguna Atascosa,Laguna Atascosa NWR,1966,7,1966-10-13,184546,9,
Laguna Atascosa,Laguna Atascosa NWR,1966,8,1966-10-20,280680,9,
Laguna Atascosa,Laguna Atascosa NWR,1966,9,1966-10-27,279620,9,
Laguna Atascosa,Laguna Atascosa NWR,1966,11,1966-11-10,453477,9,
Laguna Atascosa,Laguna Atascosa NWR,1966,12,1966-11-17,176425,9,
Laguna Atascosa,Laguna Atascosa NWR,1966,13,1966-11-24,300480,9,
Laguna Atascosa,Laguna Atascosa NWR,1966,14,1966-12-01,295860,9,
Laguna Atascosa,Laguna Atascosa NWR,1966,15,1966-12-08,271755,9,
Laguna Atascosa,Laguna Atascosa NWR,1966,16,1966-12-15,238220,9,
Laguna Atascosa,Laguna Atascosa NWR,1966,17,1966-12-22,173270,9,
Laguna Atascosa,Laguna Atascosa NWR,1966,18,1966-12-29,30056810,9,
Laguna Atascosa,Laguna Atascosa NWR,1966,19,1967-01-05,365,9,
Laguna Atascosa,Laguna Atascosa NWR,1967,1,1967-09-01,4720,10,0.0064
Laguna Atascosa,Laguna Atascosa NWR,1967,2,1967-09-08,4871,10,0.0064
Laguna Atascosa,Laguna Atascosa NWR,1967,3,1967-09-15,6310,10,0.0064
Laguna Atascosa,Laguna Atascosa NWR,1967,4,1967-09-22,1820,10,0.0064
Laguna Atascosa,Laguna Atascosa NWR,1967,5,1967-09-29,2335,10,0.0064
Laguna Atascosa,Laguna Atascosa NWR,1967,6,1967-10-06,3205,10,0.0064
Laguna Atascosa,Laguna Atascosa NWR,1967,7,1967-10-13,24820,10,0.0064
Laguna Atascosa,Laguna Atascosa NWR,1967,8,1967-10-20,39200,10,0.0064
Laguna Atascosa,Laguna Atascosa NWR,1967,9,1967-10-27,30935,10,0.0064
Laguna Atascosa,Laguna Atascosa NWR,1967,10,1967-11-03,107665,10,0.0064
Laguna Atascosa,Laguna Atascosa NWR,1967,11,1967-11-10,110315,10,0.0064
Laguna Atascosa,Laguna Atascosa NWR,1967,12,1967-11-17,128835,10,0.0064
Laguna Atascosa,Laguna Atascosa NWR,1967,13,1967-11-24,118355,10,0.0064
Laguna Atascosa,Laguna Atascosa NWR,1967,14,1967-12-01,148380,10,0.0064
Laguna Atascosa,Laguna Atascosa NWR,1967,15,1967-12-08,184305,10,0.0064
Laguna Atascosa,Laguna Atascosa NWR,1967,16,1967-12-15,119495,10,0.0064
Laguna Atascosa,Laguna Atascosa NWR,1967,17,1967-12-22,144370,10,0.0064
Laguna Atascosa,Lacuna Atascosa NR,1968,1,1968-09-01,12505,10,
Laguna Atascosa,Lacuna Atascosa NR,1968,2,1968-09-08,54118,10,
Laguna Atascosa,Lacuna Atascosa NR,1968,3,1968-09-15,54023,10,
Laguna Atascosa,Lacuna Atascosa NR,1968,4,1968-09-22,53890,10,
Laguna Atascosa,Lacuna Atascosa NR,1968,5,1968-09-29,70498,10,
Laguna Atascosa,Lacuna Atascosa NR,1968,6,1968-10-06,97060,10,
Laguna Atascosa,Lacuna Atascosa NR,1968,7,1968-10-13,72650,10,
Laguna Atascosa,Lacuna Atascosa NR,1968,8,1968-10-20,64545,10,
Laguna Atascosa,Lacuna Atascosa NR,1968,9,1968-10-27,34045,10,
Laguna Atascosa,Lacuna Atascosa NR,1968,10,1968-11-03,73280,10,
Laguna Atascosa,Lacuna Atascosa NR,1968,11,1968-11-10,75870,10,
Laguna Atascosa,Lacuna Atascosa NR,1968,12,1968-11-17,2265,10,
Laguna Atascosa,Lacuna Atascosa NR,1968,13,1968-11-24,3500,10,
Laguna Atascosa,Lacuna Atascosa NR,1968,14,1968-12-01,20560,10,
Laguna Atascosa,Lacuna Atascosa NR,1968,15,1968-12-08,124100,10,
Laguna Atascosa,Lacuna Atascosa NR,1968,16,1968-12-15,47670,10,
Laguna Atascosa,Lacuna Atascosa NR,1968,17,1968-12-22,35055,10,
Laguna Atascosa,Lacuna Atascosa NR,1968,18,1968-12-29,44655,10,
Laguna Atascosa,Lacuna Atascosa NR,1968,19,1969-01-05,5678450,10,
Laguna Atascosa,Lacuna Atascosa NR,1968,20,1969-01-12,135,10,
Laguna Atascosa,Laguna Ataacosa,1969,1,1969-09-01,14620,9,0.2641
Laguna Atascosa,Laguna Ataacosa,1969,2,1969-09-08,5923566850,9,0.2641
Laguna Atascosa,Laguna Ataacosa,1969,3,1969-09-15,76345,9,0.2641
Laguna Atascosa,Laguna Ataacosa,1969,4,1969-09-22,44195,9,0.2641
Laguna Atascosa,Laguna Ataacosa,1969,5,1969-09-29,988,9,0.2641
Laguna Atascosa,Laguna Ataacosa,1969,6,1969-10-06,36505,9,0.2641
Laguna Atascosa,Laguna Ataacosa,1969,7,1969-10-13,82905,9,0.2641
Laguna Atascosa,Laguna Ataacosa,1969,8,1969-10-20,197280,9,0.2641
Laguna Atascosa,Laguna Ataacosa,1969,9,1969-10-27,119911,9,0.2641
Laguna Atascosa,Laguna Ataacosa,1969,11,1969-11-10,34720,9,0.2641
Laguna Atascosa,Laguna Ataacosa,1969,12,1969-11-17,8165,9,0.2641
Laguna Atascosa,Laguna Ataacosa,1969,13,1969-11-24,41900,9,0.2641
Laguna Atascosa,Laguna Ataacosa,1969,14,1969-12-01,78775,9,0.2641
Laguna Atascosa,Laguna Ataacosa,1969,15,1969-12-08,121775,9,0.2641
Laguna Atascosa,Laguna Ataacosa,1969,16,1969-12-15,107855,9,0.2641
Laguna Atascosa,Laguna Ataacosa,1969,17,1969-12-22,136255,9,0.2641
Laguna Atascosa,Laguna Ataacosa,1969,18,1969-12-29,136255,9,0.2641
Laguna Atascosa,Laguna AtaeCoRe 2I68,1970,1,1970-09-01,32280,10,
Laguna Atascosa,Laguna AtaeCoRe 2I68,1970,2,1970-09-08,21490,10,
Laguna Atascosa,Laguna AtaeCoRe 2I68,1970,3,1970-09-15,22140,10,
Laguna Atascosa,Laguna AtaeCoRe 2I68,1970,4,1970-09-22,20135,10,
Laguna Atascosa,Laguna AtaeCoRe 2I68,1970,5,1970-09-29,20390,10,
Laguna Atascosa,Laguna AtaeCoRe 2I68,1970,6,1970-10-06,38455,10,
Laguna Atascosa,Laguna AtaeCoRe 2I68,1970,7,1970-10-13,96300,10,
Laguna Atascosa,Laguna AtaeCoRe 2I68,1970,8,1970-10-20,122890,10,
Laguna Atascosa,Laguna AtaeCoRe 2I68,1970,9,1970-10-27,144078,10,
Laguna Atascosa,Laguna AtaeCoRe 2I68,1970,10,1970-11-03,164435,10,
Laguna Atascosa,3-1750 Form -1 (Rev. «arch 1953) WATEREO,1971,1,1971-09-01,117,10,0.0898
Laguna Atascosa,3-1750 Form -1 (Rev. «arch 1953) WATEREO,1971,2,1971-09-08,5107,10,0.0898
Laguna Atascosa,3-1750 Form -1 (Rev. «arch 1953) WATEREO,1971,3,1971-09-15,7693,10,0.0898
Laguna Atascosa,3-1750 Form -1 (Rev. «arch 1953) WATEREO,1971,4,1971-09-22,139,10,0.0898
Laguna Atascosa,3-1750 Form -1 (Rev. «arch 1953) WATEREO,1971,5,1971-09-29,327,10,0.0898
Laguna Atascosa,3-1750 Form -1 (Rev. «arch 1953) WATEREO,1971,6,1971-10-06,2778,10,0.0898
Laguna Atascosa,3-1750 Form -1 (Rev. «arch 1953) WATEREO,1971,7,1971-10-13,3033,10,0.0898
Laguna Atascosa,3-1750 Form -1 (Rev. «arch 1953) WATEREO,1971,8,1971-10-20,8707,10,0.0898
Laguna Atascosa,3-1750 Form -1 (Rev. «arch 1953) WATEREO,1971,9,1971-10-27,11117,10,0.0898
Laguna Atascosa,3-1750 Form -1 (Rev. «arch 1953) WATEREO,1971,10,1971-11-03,22390,10,0.0898
Laguna Atascosa,3-1750 Form -1 (Rev. «arch 1953) WATEREO,1971,11,1971-11-10,41842,10,0.0898
Laguna Atascosa,3-1750 Form -1 (Rev. «arch 1953) WATEREO,1971,12,1971-11-17,29312,10,0.0898
Laguna Atascosa,3-1750 Form -1 (Rev. «arch 1953) WATEREO,1971,13,1971-11-24,49228,10,0.0898
Laguna Atascosa,3-1750 Form -1 (Rev. «arch 1953) WATEREO,1971,14,1971-12-01,35836,10,0.0898
Laguna Atascosa,3-1750 Form -1 (Rev. «arch 1953) WATEREO,1971,15,1971-12-08,34320,10,0.0898
Laguna Atascosa,3-1750 Form -1 (Rev. «arch 1953) WATEREO,1971,16,1971-12-15,38186,10,0.0898
Laguna Atascosa,3-1750 Form -1 (Rev. «arch 1953) WATEREO,1971,17,1971-12-22,22001,10,0.0898
Laguna Atascosa,3-1750 Form -1 (Rev. «arch 1953) WATEREO,1971,18,1971-12-29,37062,10,0.0898
Lake Champlain VT,WATERFOWL REFUGE MONTHS OF sept embor to deoember -: 19 (1) ,1949,1,1949-09-01,345,6,
Lake Champlain VT,WATERFOWL REFUGE MONTHS OF sept embor to deoember -: 19 (1) ,1949,2,1949-09-08,2290,6,
Lake Champlain VT,WATERFOWL REFUGE MONTHS OF sept embor to deoember -: 19 (1) ,1949,3,1949-09-15,64,6,
Lake Champlain VT,WATERFOWL REFUGE MONTHS OF sept embor to deoember -: 19 (1) ,1949,4,1949-09-22,290,6,
Lake Champlain VT,WATERFOWL REFUGE MONTHS OF sept embor to deoember -: 19 (1) ,1949,5,1949-09-29,71,6,
Lake Champlain VT,WATERFOWL REFUGE MONTHS OF sept embor to deoember -: 19 (1) ,1949,6,1949-10-06,6900,6,
Lake Champlain VT,*tasiaquoi,1952,1,1952-09-01,285,8,
Lake Champlain VT,*tasiaquoi,1952,2,1952-09-08,320,8,
Lake Champlain VT,*tasiaquoi,1952,3,1952-09-15,470,8,
Lake Champlain VT,*tasiaquoi,1952,4,1952-09-22,536,8,
Lake Champlain VT,*tasiaquoi,1952,5,1952-09-29,210,8,
Lake Champlain VT,*tasiaquoi,1952,6,1952-10-06,418,8,
Lake Champlain VT,*tasiaquoi,1952,7,1952-10-13,420,8,
Lake Champlain VT,*tasiaquoi,1952,8,1952-10-20,228,8,
Lake Champlain VT,Miasisquol,1954,1,1954-09-01,215,9,0.3422
Lake Champlain VT,Miasisquol,1954,2,1954-09-08,390,9,0.3422
Lake Champlain VT,Miasisquol,1954,3,1954-09-15,1080,9,0.3422
Lake Champlain VT,Miasisquol,1954,4,1954-09-22,1530,9,0.3422
Lake Champlain VT,Miasisquol,1954,5,1954-09-29,1080,9,0.3422
Lake Champlain VT,Miasisquol,1954,6,1954-10-06,1030,9,0.3422
Lake Champlain VT,Miasisquol,1954,7,1954-10-13,1440,9,0.3422
Lake Champlain VT,Miasisquol,1954,8,1954-10-20,440,9,0.3422
Lake Champlain VT,Miasisquol,1954,9,1954-10-27,790,9,0.3422
Lake Champlain VT,Miasisquol,1954,11,1954-11-10,574,9,0.3422
Lake Champlain VT,Miasisquol,1954,12,1954-11-17,980,9,0.3422
Lake Champlain VT,Miasisquol,1954,13,1954-11-24,980,9,0.3422
Lake Champlain VT,Miasisquol,1954,14,1954-12-01,148,9,0.3422
Lake Champlain VT,M1sslaquo1,1955,1,1955-09-01,858,10,0.0618
Lake Champlain VT,M1sslaquo1,1955,2,1955-09-08,906,10,0.0618
Lake Champlain VT,M1sslaquo1,1955,3,1955-09-15,950,10,0.0618
Lake Champlain VT,M1sslaquo1,1955,4,1955-09-22,1258,10,0.0618
Lake Champlain VT,M1sslaquo1,1955,5,1955-09-29,1272,10,0.0618
Lake Champlain VT,M1sslaquo1,1955,6,1955-10-06,1268,10,0.0618
Lake Champlain VT,M1sslaquo1,1955,7,1955-10-13,1256,10,0.0618
Lake Champlain VT,M1sslaquo1,1955,8,1955-10-20,1376,10,0.0618
Lake Champlain VT,M1sslaquo1,1955,9,1955-10-27,2210,10,0.0618
Lake Champlain VT,M1sslaquo1,1955,10,1955-11-03,2530,10,0.0618
Lake Champlain VT,M1sslaquo1,1955,11,1955-11-10,920,10,0.0618
Lake Champlain VT,M1sslaquo1,1955,12,1955-11-17,86,10,0.0618
Lake Champlain VT,3-1750 Form NR-1 (Rev. March 1953) WATERFOWL Migiaul Sept• D,1956,1,1956-09-01,720,10,0.2372
Lake Champlain VT,3-1750 Form NR-1 (Rev. March 1953) WATERFOWL Migiaul Sept• D,1956,2,1956-09-08,900,10,0.2372
Lake Champlain VT,3-1750 Form NR-1 (Rev. March 1953) WATERFOWL Migiaul Sept• D,1956,3,1956-09-15,1560,10,0.2372
Lake Champlain VT,3-1750 Form NR-1 (Rev. March 1953) WATERFOWL Migiaul Sept• D,1956,4,1956-09-22,1580,10,0.2372
Lake Champlain VT,3-1750 Form NR-1 (Rev. March 1953) WATERFOWL Migiaul Sept• D,1956,5,1956-09-29,1500,10,0.2372
Lake Champlain VT,3-1750 Form NR-1 (Rev. March 1953) WATERFOWL Migiaul Sept• D,1956,6,1956-10-06,2560,10,0.2372
Lake Champlain VT,3-1750 Form NR-1 (Rev. March 1953) WATERFOWL Migiaul Sept• D,1956,7,1956-10-13,2070,10,0.2372
Lake Champlain VT,3-1750 Form NR-1 (Rev. March 1953) WATERFOWL Migiaul Sept• D,1956,8,1956-10-20,1900,10,0.2372
Lake Champlain VT,3-1750 Form NR-1 (Rev. March 1953) WATERFOWL Migiaul Sept• D,1956,9,1956-10-27,1850,10,0.2372
Lake Champlain VT,3-1750 Form NR-1 (Rev. March 1953) WATERFOWL Migiaul Sept• D,1956,10,1956-11-03,100,10,0.2372
Lake Champlain VT,3-1750 Form NR-1 (Rev. March 1953) WATERFOWL Migiaul Sept• D,1956,11,1956-11-10,3020,10,0.2372
Lake Champlain VT,3-1750 Form NR-1 (Rev. March 1953) WATERFOWL Migiaul Sept• D,1956,12,1956-11-17,70,10,0.2372
Lake Champlain VT,#18SL8QUOI,1958,1,1958-09-01,1760,9,0.75
Lake Champlain VT,#18SL8QUOI,1958,2,1958-09-08,1480,9,0.75
Lake Champlain VT,#18SL8QUOI,1958,3,1958-09-15,1660,9,0.75
Lake Champlain VT,#18SL8QUOI,1958,4,1958-09-22,1180,9,0.75
Lake Champlain VT,#18SL8QUOI,1958,5,1958-09-29,9180,9,0.75
Lake Champlain VT,#18SL8QUOI,1958,6,1958-10-06,1360,9,0.75
Lake Champlain VT,#18SL8QUOI,1958,7,1958-10-13,2750,9,0.75
Lake Champlain VT,#18SL8QUOI,1958,8,1958-10-20,2800,9,0.75
Lake Champlain VT,#18SL8QUOI,1958,9,1958-10-27,380,9,0.75
Lake Champlain VT,#18SL8QUOI,1958,11,1958-11-10,2186,9,0.75
Lake Champlain VT,#18SL8QUOI,1958,12,1958-11-17,2900,9,0.75
Lake Champlain VT,C0 3-1750 Fora NR-1 (Rev. March 1953) WATERFOWL PEFUGE arla_,1960,1,1960-09-01,425,9,0.4584
Lake Champlain VT,C0 3-1750 Fora NR-1 (Rev. March 1953) WATERFOWL PEFUGE arla_,1960,2,1960-09-08,425,9,0.4584
Lake Champlain VT,C0 3-1750 Fora NR-1 (Rev. March 1953) WATERFOWL PEFUGE arla_,1960,3,1960-09-15,625,9,0.4584
Lake Champlain VT,C0 3-1750 Fora NR-1 (Rev. March 1953) WATERFOWL PEFUGE arla_,1960,4,1960-09-22,625,9,0.4584
Lake Champlain VT,C0 3-1750 Fora NR-1 (Rev. March 1953) WATERFOWL PEFUGE arla_,1960,5,1960-09-29,450,9,0.4584
Lake Champlain VT,C0 3-1750 Fora NR-1 (Rev. March 1953) WATERFOWL PEFUGE arla_,1960,6,1960-10-06,450,9,0.4584
Lake Champlain VT,C0 3-1750 Fora NR-1 (Rev. March 1953) WATERFOWL PEFUGE arla_,1960,7,1960-10-13,350,9,0.4584
Lake Champlain VT,C0 3-1750 Fora NR-1 (Rev. March 1953) WATERFOWL PEFUGE arla_,1960,8,1960-10-20,350,9,0.4584
Lake Champlain VT,C0 3-1750 Fora NR-1 (Rev. March 1953) WATERFOWL PEFUGE arla_,1960,9,1960-10-27,150,9,0.4584
Lake Champlain VT,C0 3-1750 Fora NR-1 (Rev. March 1953) WATERFOWL PEFUGE arla_,1960,11,1960-11-10,135,9,0.4584
Lake Champlain VT,C0 3-1750 Fora NR-1 (Rev. March 1953) WATERFOWL PEFUGE arla_,1960,12,1960-11-17,310,9,0.4584
Lake Champlain VT,C0 3-1750 Fora NR-1 (Rev. March 1953) WATERFOWL PEFUGE arla_,1960,13,1960-11-24,310,9,0.4584
Lake Champlain VT,3-1750 Fora NR-1 (Rev. March 1953) WATERFOWI PEFUGE MISSISQU,1961,1,1961-09-01,425,10,0.0
Lake Champlain VT,3-1750 Fora NR-1 (Rev. March 1953) WATERFOWI PEFUGE MISSISQU,1961,2,1961-09-08,425,10,0.0
Lake Champlain VT,3-1750 Fora NR-1 (Rev. March 1953) WATERFOWI PEFUGE MISSISQU,1961,3,1961-09-15,725,10,0.0
Lake Champlain VT,3-1750 Fora NR-1 (Rev. March 1953) WATERFOWI PEFUGE MISSISQU,1961,4,1961-09-22,2500,10,0.0
Lake Champlain VT,3-1750 Fora NR-1 (Rev. March 1953) WATERFOWI PEFUGE MISSISQU,1961,5,1961-09-29,9000,10,0.0
Lake Champlain VT,3-1750 Fora NR-1 (Rev. March 1953) WATERFOWI PEFUGE MISSISQU,1961,6,1961-10-06,10050,10,0.0
Lake Champlain VT,3-1750 Fora NR-1 (Rev. March 1953) WATERFOWI PEFUGE MISSISQU,1961,7,1961-10-13,10050,10,0.0
Lake Champlain VT,3-1750 Fora NR-1 (Rev. March 1953) WATERFOWI PEFUGE MISSISQU,1961,8,1961-10-20,9675,10,0.0
Lake Champlain VT,3-1750 Fora NR-1 (Rev. March 1953) WATERFOWI PEFUGE MISSISQU,1961,9,1961-10-27,1210,10,0.0
Lake Champlain VT,3-1750 Fora NR-1 (Rev. March 1953) WATERFOWI PEFUGE MISSISQU,1961,10,1961-11-03,1300,10,0.0
Lake Champlain VT,3-1750 Fora NR-1 (Rev. March 1953) WATERFOWI PEFUGE MISSISQU,1961,11,1961-11-10,976,10,0.0
Lake Champlain VT,3-1750 Fora NR-1 (Rev. March 1953) WATERFOWI PEFUGE MISSISQU,1961,12,1961-11-17,435,10,0.0
Lake Champlain VT,3-1750 Fora NR-1 (Rev. March 1953) WATERFOWI PEFUGE MISSISQU,1961,13,1961-11-24,106,10,0.0
Lake Champlain VT,MISSISQUOI,1962,1,1962-09-01,450,10,0.0
Lake Champlain VT,MISSISQUOI,1962,2,1962-09-08,770,10,0.0
Lake Champlain VT,MISSISQUOI,1962,3,1962-09-15,3500,10,0.0
Lake Champlain VT,MISSISQUOI,1962,4,1962-09-22,3455,10,0.0
Lake Champlain VT,MISSISQUOI,1962,5,1962-09-29,1505,10,0.0
Lake Champlain VT,MISSISQUOI,1962,6,1962-10-06,1900,10,0.0
Lake Champlain VT,MISSISQUOI,1962,7,1962-10-13,6851,10,0.0
Lake Champlain VT,MISSISQUOI,1962,8,1962-10-20,6250,10,0.0
Lake Champlain VT,MISSISQUOI,1962,9,1962-10-27,2179,10,0.0
Lake Champlain VT,MISSISQUOI,1962,10,1962-11-03,3850,10,0.0
Lake Champlain VT,MISSISQUOI,1962,11,1962-11-10,5326,10,0.0
Lake Champlain VT,MISSISQUOI,1963,1,1963-09-01,795,10,0.1685
Lake Champlain VT,MISSISQUOI,1963,2,1963-09-08,805,10,0.1685
Lake Champlain VT,MISSISQUOI,1963,3,1963-09-15,790,10,0.1685
Lake Champlain VT,MISSISQUOI,1963,4,1963-09-22,815,10,0.1685
Lake Champlain VT,MISSISQUOI,1963,5,1963-09-29,3650,10,0.1685
Lake Champlain VT,MISSISQUOI,1963,6,1963-10-06,3800,10,0.1685
Lake Champlain VT,MISSISQUOI,1963,7,1963-10-13,4920,10,0.1685
Lake Champlain VT,MISSISQUOI,1963,8,1963-10-20,4400,10,0.1685
Lake Champlain VT,MISSISQUOI,1963,9,1963-10-27,3435,10,0.1685
Lake Champlain VT,MISSISQUOI,1963,10,1963-11-03,1423,10,0.1685
Lake Champlain VT,MISSISQUOI,1963,11,1963-11-10,2177,10,0.1685
Lake Champlain VT,MISSISQUOI,1963,12,1963-11-17,1792,10,0.1685
Lake Champlain VT,VISSISQUOI,1964,1,1964-09-01,950,10,0.3634
Lake Champlain VT,VISSISQUOI,1964,2,1964-09-08,450,10,0.3634
Lake Champlain VT,VISSISQUOI,1964,3,1964-09-15,950,10,0.3634
Lake Champlain VT,VISSISQUOI,1964,4,1964-09-22,970,10,0.3634
Lake Champlain VT,VISSISQUOI,1964,5,1964-09-29,1145,10,0.3634
Lake Champlain VT,VISSISQUOI,1964,6,1964-10-06,1835,10,0.3634
Lake Champlain VT,VISSISQUOI,1964,7,1964-10-13,8509,10,0.3634
Lake Champlain VT,VISSISQUOI,1964,8,1964-10-20,8556,10,0.3634
Lake Champlain VT,VISSISQUOI,1964,9,1964-10-27,9271,10,0.3634
Lake Champlain VT,VISSISQUOI,1964,10,1964-11-03,6015,10,0.3634
Lake Champlain VT,VISSISQUOI,1964,11,1964-11-10,3936,10,0.3634
Lake Champlain VT,VISSISQUOI,1964,12,1964-11-17,500,10,0.3634
Lake Champlain VT,KISSISQDOI,1965,1,1965-09-01,320,10,
Lake Champlain VT,KISSISQDOI,1965,2,1965-09-08,430,10,
Lake Champlain VT,KISSISQDOI,1965,3,1965-09-15,630,10,
Lake Champlain VT,KISSISQDOI,1965,4,1965-09-22,320,10,
Lake Champlain VT,KISSISQDOI,1965,5,1965-09-29,1140,10,
Lake Champlain VT,KISSISQDOI,1965,6,1965-10-06,610,10,
Lake Champlain VT,KISSISQDOI,1965,7,1965-10-13,2320,10,
Lake Champlain VT,KISSISQDOI,1965,8,1965-10-20,1670,10,
Lake Champlain VT,KISSISQDOI,1965,9,1965-10-27,1608,10,
Lake Champlain VT,KISSISQDOI,1965,10,1965-11-03,225,10,
Lake Champlain VT,KISSISQDOI,1965,11,1965-11-10,890,10,
Lake Champlain VT,XISSISQUOI,1966,1,1966-09-01,600,10,1.698
Lake Champlain VT,XISSISQUOI,1966,2,1966-09-08,450,10,1.698
Lake Champlain VT,XISSISQUOI,1966,3,1966-09-15,2000,10,1.698
Lake Champlain VT,XISSISQUOI,1966,4,1966-09-22,2975,10,1.698
Lake Champlain VT,XISSISQUOI,1966,5,1966-09-29,10150,10,1.698
Lake Champlain VT,XISSISQUOI,1966,6,1966-10-06,4175,10,1.698
Lake Champlain VT,XISSISQUOI,1966,7,1966-10-13,3250,10,1.698
Lake Champlain VT,XISSISQUOI,1966,8,1966-10-20,1760,10,1.698
Lake Champlain VT,XISSISQUOI,1966,9,1966-10-27,4950,10,1.698
Lake Champlain VT,XISSISQUOI,1966,10,1966-11-03,2310,10,1.698
Lake Champlain VT,XISSISQUOI,1966,11,1966-11-10,775,10,1.698
Lake Champlain VT,XISSISQUOI,1966,12,1966-11-17,300,10,1.698
Lake Champlain VT,XISSISQUOI,1966,13,1966-11-24,180,10,1.698
Lake Champlain VT,XISSISQUOI,1966,14,1966-12-01,120,10,1.698
Lake Champlain VT,Wa iaquol,1967,1,1967-09-01,2430,9,0.0
Lake Champlain VT,Wa iaquol,1967,2,1967-09-08,2590,9,0.0
Lake Champlain VT,Wa iaquol,1967,3,1967-09-15,2330,9,0.0
Lake Champlain VT,Wa iaquol,1967,4,1967-09-22,2330,9,0.0
Lake Champlain VT,Wa iaquol,1967,5,1967-09-29,3828,9,0.0
Lake Champlain VT,Wa iaquol,1967,6,1967-10-06,2080,9,0.0
Lake Champlain VT,Wa iaquol,1967,7,1967-10-13,1080,9,0.0
Lake Champlain VT,Wa iaquol,1967,8,1967-10-20,1270,9,0.0
Lake Champlain VT,Wa iaquol,1967,9,1967-10-27,180,9,0.0
Lake Champlain VT,Wa iaquol,1967,11,1967-11-10,42,9,0.0
Lake Champlain VT,Missisau01,1968,1,1968-09-01,960,10,0.0
Lake Champlain VT,Missisau01,1968,2,1968-09-08,125,10,0.0
Lake Champlain VT,Missisau01,1968,3,1968-09-15,700,10,0.0
Lake Champlain VT,Missisau01,1968,4,1968-09-22,925,10,0.0
Lake Champlain VT,Missisau01,1968,5,1968-09-29,2620,10,0.0
Lake Champlain VT,Missisau01,1968,6,1968-10-06,9850,10,0.0
Lake Champlain VT,Missisau01,1968,7,1968-10-13,785,10,0.0
Lake Champlain VT,Missisau01,1968,8,1968-10-20,785,10,0.0
Lake Champlain VT,Missisau01,1968,9,1968-10-27,975,10,0.0
Lake Champlain VT,Missisau01,1968,10,1968-11-03,1045,10,0.0
Lake Champlain VT,Missisau01,1968,11,1968-11-10,570,10,0.0
Lake Champlain VT,M188180U01,1969,1,1969-09-01,590,10,0.0
Lake Champlain VT,M188180U01,1969,2,1969-09-08,1190,10,0.0
Lake Champlain VT,M188180U01,1969,3,1969-09-15,545,10,0.0
Lake Champlain VT,M188180U01,1969,4,1969-09-22,1890,10,0.0
Lake Champlain VT,M188180U01,1969,5,1969-09-29,2190,10,0.0
Lake Champlain VT,M188180U01,1969,6,1969-10-06,9140,10,0.0
Lake Champlain VT,M188180U01,1969,7,1969-10-13,9248,10,0.0
Lake Champlain VT,M188180U01,1969,8,1969-10-20,1532,10,0.0
Lake Champlain VT,M188180U01,1969,9,1969-10-27,390,10,0.0
Lake Champlain VT,M188180U01,1969,10,1969-11-03,10261,10,0.0
Lake Champlain VT,M188180U01,1969,11,1969-11-10,1380,10,0.0
Lake Champlain VT,M188180U01,1969,12,1969-11-17,2502,10,0.0
Lake Champlain VT,Misaigqat,1970,1,1970-09-01,735,10,0.4732
Lake Champlain VT,Misaigqat,1970,2,1970-09-08,595,10,0.4732
Lake Champlain VT,Misaigqat,1970,3,1970-09-15,965,10,0.4732
Lake Champlain VT,Misaigqat,1970,4,1970-09-22,1480,10,0.4732
Lake Champlain VT,Misaigqat,1970,5,1970-09-29,2110,10,0.4732
Lake Champlain VT,Misaigqat,1970,6,1970-10-06,3620,10,0.4732
Lake Champlain VT,Misaigqat,1970,7,1970-10-13,4670,10,0.4732
Lake Champlain VT,Misaigqat,1970,8,1970-10-20,6930,10,0.4732
Lake Champlain VT,Misaigqat,1970,9,1970-10-27,8140,10,0.4732
Lake Champlain VT,Misaigqat,1970,10,1970-11-03,3670,10,0.4732
Lake Champlain VT,Misaigqat,1970,11,1970-11-10,210,10,0.4732
Lake Champlain VT,Misaigqat,1970,12,1970-11-17,95,10,0.4732
Lake Champlain VT,Mosiaquos,1971,1,1971-09-01,340,10,
Lake Champlain VT,Mosiaquos,1971,2,1971-09-08,930,10,
Lake Champlain VT,Mosiaquos,1971,3,1971-09-15,880,10,
Lake Champlain VT,Mosiaquos,1971,4,1971-09-22,960,10,
Lake Champlain VT,Mosiaquos,1971,5,1971-09-29,1150,10,
Lake Champlain VT,Mosiaquos,1971,6,1971-10-06,1709,10,
Lake Champlain VT,Mosiaquos,1971,7,1971-10-13,7745,10,
Lake Champlain VT,Mosiaquos,1971,8,1971-10-20,3500,10,
Lake Champlain VT,Mosiaquos,1971,9,1971-10-27,6700,10,
Lake Champlain VT,Mosiaquos,1971,10,1971-11-03,7200,10,
Lake Champlain VT,Mosiaquos,1971,11,1971-11-10,311120,10,
Lower Columbia OR,REFUGE Ridgofiold MONTHS OF Soptember TO December - 1966 | W,1966,11,1966-11-10,62696,,
Lower Columbia OR,REFUGE Ridgofiold MONTHS OF Soptember TO December - 1966 | W,1966,12,1966-11-17,26650,,
Lower Columbia OR,REFUGE Ridgofiold MONTHS OF Soptember TO December - 1966 | W,1966,13,1966-11-24,20394,,
Lower Columbia OR,REFUGE Ridgofiold MONTHS OF Soptember TO December - 1966 | W,1966,14,1966-12-01,23440,,
Lower Columbia OR,REFUGE Ridgofiold MONTHS OF Soptember TO December - 1966 | W,1966,15,1966-12-08,20392,,
Lower Columbia OR,REFUGE Ridgofiold MONTHS OF Soptember TO December - 1966 | W,1966,16,1966-12-15,22970,,
Lower Columbia OR,REFUGE Ridgofiold MONTHS OF Soptember TO December - 1966 | W,1966,17,1966-12-22,24420,,
Malheur OR,Melheur National VLld11fe,1954,1,1954-09-01,255000,7,
Malheur OR,Melheur National VLld11fe,1954,2,1954-09-08,239000,7,
Malheur OR,Melheur National VLld11fe,1954,3,1954-09-15,212000,7,
Malheur OR,Melheur National VLld11fe,1954,4,1954-09-22,197000,7,
Malheur OR,Melheur National VLld11fe,1954,5,1954-09-29,189000,7,
Malheur OR,Melheur National VLld11fe,1954,6,1954-10-06,194000,7,
Malheur OR,Melheur National VLld11fe,1954,7,1954-10-13,172000,7,
Malheur OR,Melheur National VLld11fe,1954,11,1954-11-10,27600,7,
Malheur OR,Melheur National VLld11fe,1954,12,1954-11-17,19120,7,
Malheur OR,Melheur National VLld11fe,1954,13,1954-11-24,3800,7,
Malheur OR,Melheur National VLld11fe,1954,14,1954-12-01,2350,7,
Malheur OR,Melheur National VLld11fe,1954,15,1954-12-08,1250,7,
Malheur OR,Melheur National VLld11fe,1954,16,1954-12-15,6050,7,
Malheur OR,Melheur National VLld11fe,1954,17,1954-12-22,1470,7,
Malheur OR,Malheur National Wildlife,1955,1,1955-09-01,78130,10,0.0
Malheur OR,Malheur National Wildlife,1955,2,1955-09-08,78430,10,0.0
Malheur OR,Malheur National Wildlife,1955,3,1955-09-15,95550,10,0.0
Malheur OR,Malheur National Wildlife,1955,4,1955-09-22,44550,10,0.0
Malheur OR,Malheur National Wildlife,1955,5,1955-09-29,45300,10,0.0
Malheur OR,Malheur National Wildlife,1955,6,1955-10-06,50810,10,0.0
Malheur OR,Malheur National Wildlife,1955,7,1955-10-13,30662,10,0.0
Malheur OR,Malheur National Wildlife,1955,8,1955-10-20,30301,10,0.0
Malheur OR,Malheur National Wildlife,1955,9,1955-10-27,41455,10,0.0
Malheur OR,Malheur National Wildlife,1955,10,1955-11-03,37360,10,0.0
Malheur OR,Malheur National Wildlife,1955,11,1955-11-10,14900,10,0.0
Malheur OR,Malheur National Wildlife,1955,12,1955-11-17,6910,10,0.0
Malheur OR,Malheur National Wildlife,1955,13,1955-11-24,9920,10,0.0
Malheur OR,Malheur National Wildlife,1955,14,1955-12-01,10185,10,0.0
Malheur OR,Malheur National Wildlife,1955,15,1955-12-08,11360,10,0.0
Malheur OR,Malheur National Wildlife,1955,16,1955-12-15,12730,10,0.0
Malheur OR,Malheur National Wildlife,1955,17,1955-12-22,10605,10,0.0
Malheur OR,Iwala - Batobtown thit,1958,1,1958-09-01,3450,10,0.069
Malheur OR,Iwala - Batobtown thit,1958,2,1958-09-08,3450,10,0.069
Malheur OR,Iwala - Batobtown thit,1958,3,1958-09-15,3300,10,0.069
Malheur OR,Iwala - Batobtown thit,1958,4,1958-09-22,5000,10,0.069
Malheur OR,Iwala - Batobtown thit,1958,5,1958-09-29,8200,10,0.069
Malheur OR,Iwala - Batobtown thit,1958,6,1958-10-06,9700,10,0.069
Malheur OR,Iwala - Batobtown thit,1958,7,1958-10-13,7500,10,0.069
Malheur OR,Iwala - Batobtown thit,1958,8,1958-10-20,1520,10,0.069
Malheur OR,Iwala - Batobtown thit,1958,9,1958-10-27,5200,10,0.069
Malheur OR,Iwala - Batobtown thit,1958,10,1958-11-03,16000,10,0.069
Malheur OR,Iwala - Batobtown thit,1958,11,1958-11-10,1000,10,0.069
Malheur OR,Iwala - Batobtown thit,1958,12,1958-11-17,1000,10,0.069
Malheur OR,Iwala - Batobtown thit,1958,13,1958-11-24,1500,10,0.069
Malheur OR,Iwala - Batobtown thit,1958,14,1958-12-01,1550,10,0.069
Malheur OR,Iwala - Batobtown thit,1958,15,1958-12-08,900,10,0.069
Malheur OR,Iwala - Batobtown thit,1958,16,1958-12-15,2300,10,0.069
Malheur OR,Iwala - Batobtown thit,1958,17,1958-12-22,4800,10,0.069
Malheur OR,Iwala - Batobtown thit,1958,18,1958-12-29,3700,10,0.069
Malheur OR,Mark Twain - Gardnez Unit,1959,1,1959-09-01,56,10,0.0206
Malheur OR,Mark Twain - Gardnez Unit,1959,2,1959-09-08,101,10,0.0206
Malheur OR,Mark Twain - Gardnez Unit,1959,3,1959-09-15,134,10,0.0206
Malheur OR,Mark Twain - Gardnez Unit,1959,4,1959-09-22,138,10,0.0206
Malheur OR,Mark Twain - Gardnez Unit,1959,5,1959-09-29,123,10,0.0206
Malheur OR,Mark Twain - Gardnez Unit,1959,6,1959-10-06,220,10,0.0206
Malheur OR,Mark Twain - Gardnez Unit,1959,7,1959-10-13,345,10,0.0206
Malheur OR,Mark Twain - Gardnez Unit,1959,8,1959-10-20,2407,10,0.0206
Malheur OR,Mark Twain - Gardnez Unit,1959,9,1959-10-27,2322,10,0.0206
Malheur OR,Mark Twain - Gardnez Unit,1959,10,1959-11-03,9267,10,0.0206
Malheur OR,Mark Twain - Gardnez Unit,1959,11,1959-11-10,10465,10,0.0206
Malheur OR,Mark Twain - Gardnez Unit,1959,12,1959-11-17,35100,10,0.0206
Malheur OR,Mark Twain - Gardnez Unit,1959,13,1959-11-24,20075,10,0.0206
Malheur OR,Mark Twain - Gardnez Unit,1959,14,1959-12-01,8223,10,0.0206
Malheur OR,Mark Twain - Gardnez Unit,1959,15,1959-12-08,8280,10,0.0206
Malheur OR,Mark Twain - Gardnez Unit,1959,16,1959-12-15,6255,10,0.0206
Malheur OR,Mark Twain - Gardnez Unit,1959,17,1959-12-22,5140,10,0.0206
Malheur OR,Mark Twain - Gardnez Unit,1959,18,1959-12-29,4575,10,0.0206
Malheur OR,Malheur National Wildlife,1960,1,1960-09-01,56210,7,
Malheur OR,Malheur National Wildlife,1960,2,1960-09-08,157955,7,
Malheur OR,Malheur National Wildlife,1960,3,1960-09-15,130047,7,
Malheur OR,Malheur National Wildlife,1960,4,1960-09-22,88590,7,
Malheur OR,Malheur National Wildlife,1960,5,1960-09-29,64790,7,
Malheur OR,Malheur National Wildlife,1960,6,1960-10-06,22755,7,
Malheur OR,Malheur National Wildlife,1960,7,1960-10-13,23175,7,
Malheur OR,"Table 2, Peak Populations, September - D",1961,1,1961-09-01,60500,7,
Malheur OR,"Table 2, Peak Populations, September - D",1961,2,1961-09-08,650,7,
Malheur OR,"Table 2, Peak Populations, September - D",1961,3,1961-09-15,487540,7,
Malheur OR,"Table 2, Peak Populations, September - D",1961,4,1961-09-22,619900,7,
Malheur OR,"Table 2, Peak Populations, September - D",1961,5,1961-09-29,875,7,
Malheur OR,"Table 2, Peak Populations, September - D",1961,6,1961-10-06,250125,7,
Malheur OR,"Table 2, Peak Populations, September - D",1961,7,1961-10-13,164833,7,
Malheur OR,Malheur Nationsl WildLife Relure,1962,1,1962-09-01,14550,10,0.9383
Malheur OR,Malheur Nationsl WildLife Relure,1962,2,1962-09-08,16850,10,0.9383
Malheur OR,Malheur Nationsl WildLife Relure,1962,3,1962-09-15,22600,10,0.9383
Malheur OR,Malheur Nationsl WildLife Relure,1962,4,1962-09-22,14335,10,0.9383
Malheur OR,Malheur Nationsl WildLife Relure,1962,5,1962-09-29,12820,10,0.9383
Malheur OR,Malheur Nationsl WildLife Relure,1962,6,1962-10-06,10750,10,0.9383
Malheur OR,Malheur Nationsl WildLife Relure,1962,7,1962-10-13,40900,10,0.9383
Malheur OR,Malheur Nationsl WildLife Relure,1962,8,1962-10-20,16050,10,0.9383
Malheur OR,Malheur Nationsl WildLife Relure,1962,9,1962-10-27,62605,10,0.9383
Malheur OR,Malheur Nationsl WildLife Relure,1962,10,1962-11-03,11980,10,0.9383
Malheur OR,Malheur Nationsl WildLife Relure,1962,11,1962-11-10,5500,10,0.9383
Malheur OR,Malheur Nationsl WildLife Relure,1962,12,1962-11-17,600,10,0.9383
Malheur OR,"Table 2. Peak Populations, September • D",1963,1,1963-09-01,270,6,
Malheur OR,"Table 2. Peak Populations, September • D",1963,2,1963-09-08,800,6,
Malheur OR,"Table 2. Peak Populations, September • D",1963,3,1963-09-15,450,6,
Malheur OR,"Table 2. Peak Populations, September • D",1963,4,1963-09-22,937,6,
Malheur OR,"Table 2. Peak Populations, September • D",1963,5,1963-09-29,58119,6,
Malheur OR,"Table 2. Peak Populations, September • D",1963,6,1963-10-06,203330,6,
Malheur OR,Table 5. Waterfowl found dead and observ,1964,1,1964-09-01,22,12,
Malheur OR,Table 5. Waterfowl found dead and observ,1964,2,1964-09-08,46,12,
Malheur OR,Table 5. Waterfowl found dead and observ,1964,3,1964-09-15,84,12,
Malheur OR,Table 5. Waterfowl found dead and observ,1964,4,1964-09-22,19,12,
Malheur OR,Table 5. Waterfowl found dead and observ,1964,5,1964-09-29,27,12,
Malheur OR,Table 5. Waterfowl found dead and observ,1964,6,1964-10-06,15,12,
Malheur OR,Table 5. Waterfowl found dead and observ,1964,7,1964-10-13,13,12,
Malheur OR,Table 5. Waterfowl found dead and observ,1964,8,1964-10-20,39,12,
Malheur OR,Table 5. Waterfowl found dead and observ,1964,9,1964-10-27,105,12,
Malheur OR,Table 5. Waterfowl found dead and observ,1964,10,1964-11-03,135,12,
Malheur OR,Table 5. Waterfowl found dead and observ,1964,11,1964-11-10,119,12,
Malheur OR,Table 5. Waterfowl found dead and observ,1964,12,1964-11-17,7,12,
Malheur OR,Malheur,1968,1,1968-09-01,20602,7,
Malheur OR,Malheur,1968,2,1968-09-08,18850,7,
Malheur OR,Malheur,1968,3,1968-09-15,25000,7,
Malheur OR,Malheur,1968,4,1968-09-22,24300,7,
Malheur OR,Malheur,1968,5,1968-09-29,27620,7,
Malheur OR,Malheur,1968,6,1968-10-06,23200,7,
Malheur OR,Malheur,1968,7,1968-10-13,20000,7,
Mattamuskeet NC,isttonistisste,1953,1,1953-09-01,550,10,0.229
Mattamuskeet NC,isttonistisste,1953,2,1953-09-08,650,10,0.229
Mattamuskeet NC,isttonistisste,1953,3,1953-09-15,2200,10,0.229
Mattamuskeet NC,isttonistisste,1953,4,1953-09-22,6940,10,0.229
Mattamuskeet NC,isttonistisste,1953,5,1953-09-29,17600,10,0.229
Mattamuskeet NC,isttonistisste,1953,6,1953-10-06,47950,10,0.229
Mattamuskeet NC,isttonistisste,1953,7,1953-10-13,53980,10,0.229
Mattamuskeet NC,isttonistisste,1953,8,1953-10-20,87505,10,0.229
Mattamuskeet NC,isttonistisste,1953,9,1953-10-27,96650,10,0.229
Mattamuskeet NC,isttonistisste,1953,10,1953-11-03,101059,10,0.229
Mattamuskeet NC,isttonistisste,1953,11,1953-11-10,82800,10,0.229
Mattamuskeet NC,isttonistisste,1953,12,1953-11-17,5300,10,0.229
Mattamuskeet NC,isttonistisste,1953,13,1953-11-24,94150,10,0.229
Mattamuskeet NC,isttonistisste,1953,14,1953-12-01,94150,10,0.229
Mattamuskeet NC,isttonistisste,1953,15,1953-12-08,93650,10,0.229
Mattamuskeet NC,isttonistisste,1953,16,1953-12-15,90650,10,0.229
Mattamuskeet NC,isttonistisste,1953,17,1953-12-22,15300,10,0.229
Mattamuskeet NC,watternecoot,1955,1,1955-09-01,750,9,0.0661
Mattamuskeet NC,watternecoot,1955,2,1955-09-08,750,9,0.0661
Mattamuskeet NC,watternecoot,1955,3,1955-09-15,1050,9,0.0661
Mattamuskeet NC,watternecoot,1955,4,1955-09-22,6250,9,0.0661
Mattamuskeet NC,watternecoot,1955,5,1955-09-29,7725,9,0.0661
Mattamuskeet NC,watternecoot,1955,6,1955-10-06,9200,9,0.0661
Mattamuskeet NC,watternecoot,1955,7,1955-10-13,13800,9,0.0661
Mattamuskeet NC,watternecoot,1955,8,1955-10-20,40550,9,0.0661
Mattamuskeet NC,watternecoot,1955,9,1955-10-27,29550,9,0.0661
Mattamuskeet NC,watternecoot,1955,11,1955-11-10,88200,9,0.0661
Mattamuskeet NC,watternecoot,1955,12,1955-11-17,82100,9,0.0661
Mattamuskeet NC,watternecoot,1955,13,1955-11-24,103600,9,0.0661
Mattamuskeet NC,watternecoot,1955,14,1955-12-01,97225,9,0.0661
Mattamuskeet NC,watternecoot,1955,15,1955-12-08,99225,9,0.0661
Mattamuskeet NC,watternecoot,1955,16,1955-12-15,112750,9,0.0661
Mattamuskeet NC,watternecoot,1955,17,1955-12-22,100550,9,0.0661
Mattamuskeet NC,watternecoot,1955,18,1955-12-29,100650,9,0.0661
Mattamuskeet NC,3-1750 Form NR-1 (Rev. March 1953) WATER,1956,1,1956-09-01,50,10,0.15
Mattamuskeet NC,3-1750 Form NR-1 (Rev. March 1953) WATER,1956,2,1956-09-08,150,10,0.15
Mattamuskeet NC,3-1750 Form NR-1 (Rev. March 1953) WATER,1956,3,1956-09-15,150,10,0.15
Mattamuskeet NC,3-1750 Form NR-1 (Rev. March 1953) WATER,1956,4,1956-09-22,350,10,0.15
Mattamuskeet NC,3-1750 Form NR-1 (Rev. March 1953) WATER,1956,5,1956-09-29,600,10,0.15
Mattamuskeet NC,3-1750 Form NR-1 (Rev. March 1953) WATER,1956,6,1956-10-06,4300,10,0.15
Mattamuskeet NC,3-1750 Form NR-1 (Rev. March 1953) WATER,1956,7,1956-10-13,10400,10,0.15
Mattamuskeet NC,3-1750 Form NR-1 (Rev. March 1953) WATER,1956,8,1956-10-20,13300,10,0.15
Mattamuskeet NC,3-1750 Form NR-1 (Rev. March 1953) WATER,1956,9,1956-10-27,20550,10,0.15
Mattamuskeet NC,3-1750 Form NR-1 (Rev. March 1953) WATER,1956,10,1956-11-03,20900,10,0.15
Mattamuskeet NC,3-1750 Form NR-1 (Rev. March 1953) WATER,1956,11,1956-11-10,27238,10,0.15
Mattamuskeet NC,3-1750 Form NR-1 (Rev. March 1953) WATER,1956,12,1956-11-17,35258,10,0.15
Mattamuskeet NC,3-1750 Form NR-1 (Rev. March 1953) WATER,1956,13,1956-11-24,30380,10,0.15
Mattamuskeet NC,3-1750 Form NR-1 (Rev. March 1953) WATER,1956,14,1956-12-01,41450,10,0.15
Mattamuskeet NC,3-1750 Form NR-1 (Rev. March 1953) WATER,1956,15,1956-12-08,30950,10,0.15
Mattamuskeet NC,3-1750 Form NR-1 (Rev. March 1953) WATER,1956,16,1956-12-15,33450,10,0.15
Mattamuskeet NC,3-1750 Form NR-1 (Rev. March 1953) WATER,1956,17,1956-12-22,36450,10,0.15
Mattamuskeet NC,3-1750 Form NR-1 (Rev. March 1953) WATER,1956,18,1956-12-29,43950,10,0.15
Mattamuskeet NC,Mattamiskeet,1959,1,1959-09-01,3500,10,
Mattamuskeet NC,Mattamiskeet,1959,2,1959-09-08,4900,10,
Mattamuskeet NC,Mattamiskeet,1959,3,1959-09-15,13800,10,
Mattamuskeet NC,Mattamiskeet,1959,4,1959-09-22,18601,10,
Mattamuskeet NC,Mattamiskeet,1959,5,1959-09-29,38100,10,
Mattamuskeet NC,Mattamiskeet,1959,6,1959-10-06,106300,10,
Mattamuskeet NC,Mattamiskeet,1959,7,1959-10-13,213300,10,
Mattamuskeet NC,Mattamiskeet,1959,8,1959-10-20,218400,10,
Mattamuskeet NC,Mattamiskeet,1959,9,1959-10-27,222300,10,
Mattamuskeet NC,Mattamiskeet,1959,10,1959-11-03,15230,10,
Mattamuskeet NC,Mattemuskeet,1961,1,1961-09-01,75,10,0.1876
Mattamuskeet NC,Mattemuskeet,1961,2,1961-09-08,1225,10,0.1876
Mattamuskeet NC,Mattemuskeet,1961,3,1961-09-15,20400,10,0.1876
Mattamuskeet NC,Mattemuskeet,1961,4,1961-09-22,26000,10,0.1876
Mattamuskeet NC,Mattemuskeet,1961,5,1961-09-29,26400,10,0.1876
Mattamuskeet NC,Mattemuskeet,1961,6,1961-10-06,33100,10,0.1876
Mattamuskeet NC,Mattemuskeet,1961,7,1961-10-13,69100,10,0.1876
Mattamuskeet NC,Mattemuskeet,1961,8,1961-10-20,69100,10,0.1876
Mattamuskeet NC,Mattemuskeet,1961,9,1961-10-27,64200,10,0.1876
Mattamuskeet NC,Mattemuskeet,1961,10,1961-11-03,14414,10,0.1876
Mattamuskeet NC,Mattemuskeet,1961,11,1961-11-10,59200,10,0.1876
Mattamuskeet NC,Mattemuskeet,1961,12,1961-11-17,60202,10,0.1876
Mattamuskeet NC,Mattemuskeet,1961,13,1961-11-24,60200,10,0.1876
Mattamuskeet NC,Mattemuskeet,1961,14,1961-12-01,60200,10,0.1876
Mattamuskeet NC,Mattemuskeet,1961,15,1961-12-08,54200,10,0.1876
Mattamuskeet NC,Mattemisseet,1962,1,1962-09-01,3200,10,0.1034
Mattamuskeet NC,Mattemisseet,1962,2,1962-09-08,6000,10,0.1034
Mattamuskeet NC,Mattemisseet,1962,3,1962-09-15,25400,10,0.1034
Mattamuskeet NC,Mattemisseet,1962,4,1962-09-22,21200,10,0.1034
Mattamuskeet NC,Mattemisseet,1962,5,1962-09-29,49200,10,0.1034
Mattamuskeet NC,Mattemisseet,1962,6,1962-10-06,47400,10,0.1034
Mattamuskeet NC,Mattemisseet,1962,7,1962-10-13,46200,10,0.1034
Mattamuskeet NC,Mattemisseet,1962,8,1962-10-20,34500,10,0.1034
Mattamuskeet NC,Mattemisseet,1962,9,1962-10-27,46200,10,0.1034
Mattamuskeet NC,Mattemisseet,1962,10,1962-11-03,35201,10,0.1034
Mattamuskeet NC,Mattemisseet,1962,11,1962-11-10,21600,10,0.1034
Mattamuskeet NC,Mattemisseet,1962,12,1962-11-17,26650,10,0.1034
Mattamuskeet NC,Mattemisseet,1962,13,1962-11-24,29650,10,0.1034
Mattamuskeet NC,Mattemisseet,1962,14,1962-12-01,29650,10,0.1034
Mattamuskeet NC,Hattesuskeet,1963,1,1963-09-01,800,7,0.104
Mattamuskeet NC,Hattesuskeet,1963,2,1963-09-08,7000,7,0.104
Mattamuskeet NC,Hattesuskeet,1963,3,1963-09-15,31200,7,0.104
Mattamuskeet NC,Hattesuskeet,1963,4,1963-09-22,29200,7,0.104
Mattamuskeet NC,Hattesuskeet,1963,5,1963-09-29,33200,7,0.104
Mattamuskeet NC,Hattesuskeet,1963,6,1963-10-06,31800,7,0.104
Mattamuskeet NC,Hattesuskeet,1963,7,1963-10-13,34000,7,0.104
Mattamuskeet NC,Hattesuskeet,1963,11,1963-11-10,37200,7,0.104
Mattamuskeet NC,Hattesuskeet,1963,12,1963-11-17,33600,7,0.104
Mattamuskeet NC,Hattesuskeet,1963,13,1963-11-24,30100,7,0.104
Mattamuskeet NC,Hattesuskeet,1963,14,1963-12-01,55600,7,0.104
Mattamuskeet NC,Hattesuskeet,1963,15,1963-12-08,36100,7,0.104
Mattamuskeet NC,Hattesuskeet,1963,16,1963-12-15,25600,7,0.104
Mattamuskeet NC,Hattesuskeet,1963,17,1963-12-22,31500,7,0.104
Mattamuskeet NC,Hattesuskeet,1963,18,1963-12-29,31700,7,0.104
Mattamuskeet NC,Mattemaiszeet,1965,1,1965-09-01,950,6,0.767
Mattamuskeet NC,Mattemaiszeet,1965,2,1965-09-08,2200,6,0.767
Mattamuskeet NC,Mattemaiszeet,1965,3,1965-09-15,18200,6,0.767
Mattamuskeet NC,Mattemaiszeet,1965,4,1965-09-22,26400,6,0.767
Mattamuskeet NC,Mattemaiszeet,1965,5,1965-09-29,23200,6,0.767
Mattamuskeet NC,Mattemaiszeet,1965,6,1965-10-06,5208,6,0.767
Mattamuskeet NC,Mattemaiszeet,1965,11,1965-11-10,17200,6,0.767
Mattamuskeet NC,Mattemaiszeet,1965,12,1965-11-17,27200,6,0.767
Mattamuskeet NC,Mattemaiszeet,1965,13,1965-11-24,25200,6,0.767
Mattamuskeet NC,Mattemaiszeet,1965,14,1965-12-01,7200,6,0.767
Mattamuskeet NC,Mattemaiszeet,1965,15,1965-12-08,26200,6,0.767
Mattamuskeet NC,Mattemaiszeet,1965,16,1965-12-15,40201,6,0.767
Mattamuskeet NC,Mattemaiszeet,1965,17,1965-12-22,69501,6,0.767
Mattamuskeet NC,Mattemaiszeet,1965,18,1965-12-29,28200,6,0.767
Mattamuskeet NC,3-1750 FOrTa NR-1 (Rov. March 1953) WATE,1966,1,1966-09-01,1200,10,0.8571
Mattamuskeet NC,3-1750 FOrTa NR-1 (Rov. March 1953) WATE,1966,2,1966-09-08,2900,10,0.8571
Mattamuskeet NC,3-1750 FOrTa NR-1 (Rov. March 1953) WATE,1966,3,1966-09-15,57000,10,0.8571
Mattamuskeet NC,3-1750 FOrTa NR-1 (Rov. March 1953) WATE,1966,4,1966-09-22,6200,10,0.8571
Mattamuskeet NC,3-1750 FOrTa NR-1 (Rov. March 1953) WATE,1966,5,1966-09-29,20200,10,0.8571
Mattamuskeet NC,3-1750 FOrTa NR-1 (Rov. March 1953) WATE,1966,6,1966-10-06,25200,10,0.8571
Mattamuskeet NC,3-1750 FOrTa NR-1 (Rov. March 1953) WATE,1966,7,1966-10-13,24000,10,0.8571
Mattamuskeet NC,3-1750 FOrTa NR-1 (Rov. March 1953) WATE,1966,8,1966-10-20,25000,10,0.8571
Mattamuskeet NC,3-1750 FOrTa NR-1 (Rov. March 1953) WATE,1966,9,1966-10-27,25200,10,0.8571
Mattamuskeet NC,3-1750 FOrTa NR-1 (Rov. March 1953) WATE,1966,10,1966-11-03,18000,10,0.8571
Mattamuskeet NC,3-1750 FOrTa NR-1 (Rov. March 1953) WATE,1966,11,1966-11-10,10200,10,0.8571
Mattamuskeet NC,3-1750 FOrTa NR-1 (Rov. March 1953) WATE,1966,12,1966-11-17,15200,10,0.8571
Mattamuskeet NC,3-1750 FOrTa NR-1 (Rov. March 1953) WATE,1966,13,1966-11-24,22188,10,0.8571
Mattamuskeet NC,Mattamuskeet NW Refuge,1968,1,1968-09-01,450,9,11.8041
Mattamuskeet NC,Mattamuskeet NW Refuge,1968,2,1968-09-08,675,9,11.8041
Mattamuskeet NC,Mattamuskeet NW Refuge,1968,3,1968-09-15,1400,9,11.8041
Mattamuskeet NC,Mattamuskeet NW Refuge,1968,4,1968-09-22,1700,9,11.8041
Mattamuskeet NC,Mattamuskeet NW Refuge,1968,5,1968-09-29,2125,9,11.8041
Mattamuskeet NC,Mattamuskeet NW Refuge,1968,6,1968-10-06,10700,9,11.8041
Mattamuskeet NC,Mattamuskeet NW Refuge,1968,7,1968-10-13,12025,9,11.8041
Mattamuskeet NC,Mattamuskeet NW Refuge,1968,8,1968-10-20,4075,9,11.8041
Mattamuskeet NC,Mattamuskeet NW Refuge,1968,9,1968-10-27,3125,9,11.8041
Mattamuskeet NC,Mattamuskeet NW Refuge,1968,11,1968-11-10,6400,9,11.8041
Mattamuskeet NC,Mattamuskeet NW Refuge,1968,12,1968-11-17,11700,9,11.8041
Mattamuskeet NC,Mattamuskeet NW Refuge,1968,13,1968-11-24,6890,9,11.8041
Mattamuskeet NC,Mattamuskeet NW Refuge,1968,14,1968-12-01,14610,9,11.8041
Mattamuskeet NC,Mattamuskeet NW Refuge,1968,15,1968-12-08,2500,9,11.8041
Mattamuskeet NC,Mattamuskeet NW Refuge,1968,16,1968-12-15,500,9,11.8041
Mattamuskeet NC,Mattamuskeet NW Refuge,1968,17,1968-12-22,17310,9,11.8041
Mattamuskeet NC,Mattamuskeet NW Refuge,1968,18,1968-12-29,16020,9,11.8041
Pahranagat NV,REFUGE PAHRANAGAT NATIONAL WILDLIFE REFUGE MONTHS OF Jenuery,1971,12,1971-11-17,740,,
Pahranagat NV,REFUGE PAHRANAGAT NATIONAL WILDLIFE REFUGE MONTHS OF Jenuery,1971,13,1971-11-24,720,,
Pahranagat NV,REFUGE PAHRANAGAT NATIONAL WILDLIFE REFUGE MONTHS OF Jenuery,1971,14,1971-12-01,545,,
Pahranagat NV,REFUGE PAHRANAGAT NATIONAL WILDLIFE REFUGE MONTHS OF Jenuery,1971,15,1971-12-08,485,,
Pahranagat NV,REFUGE PAHRANAGAT NATIONAL WILDLIFE REFUGE MONTHS OF Jenuery,1971,16,1971-12-15,550,,
Quivira,Quiyira JHR. CLg.,1957,1,1957-09-01,62,10,0.0
Quivira,Quiyira JHR. CLg.,1957,2,1957-09-08,90,10,0.0
Quivira,Quiyira JHR. CLg.,1957,3,1957-09-15,60,10,0.0
Quivira,Quiyira JHR. CLg.,1957,4,1957-09-22,370,10,0.0
Quivira,Quiyira JHR. CLg.,1957,5,1957-09-29,370,10,0.0
Quivira,Quiyira JHR. CLg.,1957,6,1957-10-06,470,10,0.0
Quivira,Quiyira JHR. CLg.,1957,7,1957-10-13,615,10,0.0
Quivira,Quiyira JHR. CLg.,1957,8,1957-10-20,805,10,0.0
Quivira,Quiyira JHR. CLg.,1957,9,1957-10-27,1600,10,0.0
Quivira,Quiyira JHR. CLg.,1957,10,1957-11-03,1300,10,0.0
Quivira,Quiyira JHR. CLg.,1957,11,1957-11-10,1150,10,0.0
Quivira,Quiyira JHR. CLg.,1957,12,1957-11-17,1150,10,0.0
Quivira,Quiyira JHR. CLg.,1957,13,1957-11-24,1300,10,0.0
Quivira,Quiyira JHR. CLg.,1957,14,1957-12-01,1200,10,0.0
Quivira,Quiyira JHR. CLg.,1957,15,1957-12-08,750,10,0.0
Quivira,Quiyira JHR. CLg.,1957,16,1957-12-15,2400,10,0.0
Quivira,Quiyira JHR. CLg.,1957,17,1957-12-22,1850,10,0.0
Quivira,3-1750 Form NR-1 (Rev. March 1953) WATER,1958,1,1958-09-01,650,10,0.0
Quivira,3-1750 Form NR-1 (Rev. March 1953) WATER,1958,2,1958-09-08,1200,10,0.0
Quivira,3-1750 Form NR-1 (Rev. March 1953) WATER,1958,3,1958-09-15,7074,10,0.0
Quivira,3-1750 Form NR-1 (Rev. March 1953) WATER,1958,4,1958-09-22,6821,10,0.0
Quivira,3-1750 Form NR-1 (Rev. March 1953) WATER,1958,5,1958-09-29,46275,10,0.0
Quivira,3-1750 Form NR-1 (Rev. March 1953) WATER,1958,6,1958-10-06,46275,10,0.0
Quivira,3-1750 Form NR-1 (Rev. March 1953) WATER,1958,7,1958-10-13,70525,10,0.0
Quivira,3-1750 Form NR-1 (Rev. March 1953) WATER,1958,8,1958-10-20,28505,10,0.0
Quivira,3-1750 Form NR-1 (Rev. March 1953) WATER,1958,9,1958-10-27,4650,10,0.0
Quivira,3-1750 Form NR-1 (Rev. March 1953) WATER,1958,10,1958-11-03,15500,10,0.0
Quivira,3-1750 Form NR-1 (Rev. March 1953) WATER,1958,11,1958-11-10,13750,10,0.0
Quivira,3-1750 Form NR-1 (Rev. March 1953) WATER,1958,12,1958-11-17,17950,10,0.0
Quivira,3-1750 Form NR-1 (Rev. March 1953) WATER,1958,13,1958-11-24,17950,10,0.0
Quivira,3-1750 Form NR-1 (Rev. March 1953) WATER,1958,14,1958-12-01,38175,10,0.0
Quivira,3-1750 Form NR-1 (Rev. March 1953) WATER,1958,15,1958-12-08,15000,10,0.0
Quivira,3-1750 Form NR-1 (Rev. March 1953) WATER,1958,16,1958-12-15,2500,10,0.0
Quivira,3-1750 Form NR-1 (Rev. March 1953) WATER,1958,17,1958-12-22,2500,10,0.0
Quivira,", Stafford, Kansas",1959,1,1959-09-01,570,10,0.0008
Quivira,", Stafford, Kansas",1959,2,1959-09-08,795,10,0.0008
Quivira,", Stafford, Kansas",1959,3,1959-09-15,1400,10,0.0008
Quivira,", Stafford, Kansas",1959,4,1959-09-22,2525,10,0.0008
Quivira,", Stafford, Kansas",1959,5,1959-09-29,1900,10,0.0008
Quivira,", Stafford, Kansas",1959,6,1959-10-06,1050,10,0.0008
Quivira,", Stafford, Kansas",1959,7,1959-10-13,5006,10,0.0008
Quivira,", Stafford, Kansas",1959,8,1959-10-20,6850,10,0.0008
Quivira,", Stafford, Kansas",1959,9,1959-10-27,1475,10,0.0008
Quivira,", Stafford, Kansas",1959,10,1959-11-03,1510,10,0.0008
Quivira,", Stafford, Kansas",1959,11,1959-11-10,565,10,0.0008
Quivira,", Stafford, Kansas",1959,12,1959-11-17,3150,10,0.0008
Quivira,", Stafford, Kansas",1959,13,1959-11-24,3000,10,0.0008
Quivira,3-1750 Form NR-1 (Rev. March 1953) WATER,1960,1,1960-09-01,200,10,0.6522
Quivira,3-1750 Form NR-1 (Rev. March 1953) WATER,1960,2,1960-09-08,200,10,0.6522
Quivira,3-1750 Form NR-1 (Rev. March 1953) WATER,1960,3,1960-09-15,200,10,0.6522
Quivira,3-1750 Form NR-1 (Rev. March 1953) WATER,1960,4,1960-09-22,200,10,0.6522
Quivira,3-1750 Form NR-1 (Rev. March 1953) WATER,1960,5,1960-09-29,225,10,0.6522
Quivira,3-1750 Form NR-1 (Rev. March 1953) WATER,1960,6,1960-10-06,600,10,0.6522
Quivira,3-1750 Form NR-1 (Rev. March 1953) WATER,1960,7,1960-10-13,1050,10,0.6522
Quivira,3-1750 Form NR-1 (Rev. March 1953) WATER,1960,8,1960-10-20,2810,10,0.6522
Quivira,3-1750 Form NR-1 (Rev. March 1953) WATER,1960,9,1960-10-27,2275,10,0.6522
Quivira,3-1750 Form NR-1 (Rev. March 1953) WATER,1960,10,1960-11-03,2350,10,0.6522
Quivira,3-1750 Form NR-1 (Rev. March 1953) WATER,1960,11,1960-11-10,5650,10,0.6522
Quivira,3-1750 Form NR-1 (Rev. March 1953) WATER,1960,12,1960-11-17,3400,10,0.6522
Quivira,3-1750 Form NR-1 (Rev. March 1953) WATER,1960,13,1960-11-24,1100,10,0.6522
Quivira,3-1750 Form NR-1 (Rev. March 1953) WATER,1960,14,1960-12-01,4095,10,0.6522
Quivira,3-1750 Form NR-1 (Rev. March 1953) WATER,1960,15,1960-12-08,2530,10,0.6522
Quivira,3-1750 Form NR-1 (Rev. March 1953) WATER,1960,16,1960-12-15,550,10,0.6522
Quivira,3-1750 Form NR-1 (Rev. March 1953) WATER,1960,17,1960-12-22,2050,10,0.6522
Quivira,3-1750 Form NR-1 (Rev. March 1953) WATER,1960,18,1960-12-29,3575,10,0.6522
Quivira,3-1750 Forn NR-1 (Rev. March 1953) WATER,1961,1,1961-09-01,1050,10,0.0333
Quivira,3-1750 Forn NR-1 (Rev. March 1953) WATER,1961,2,1961-09-08,5450,10,0.0333
Quivira,3-1750 Forn NR-1 (Rev. March 1953) WATER,1961,3,1961-09-15,5150,10,0.0333
Quivira,3-1750 Forn NR-1 (Rev. March 1953) WATER,1961,4,1961-09-22,6885,10,0.0333
Quivira,3-1750 Forn NR-1 (Rev. March 1953) WATER,1961,5,1961-09-29,5530,10,0.0333
Quivira,3-1750 Forn NR-1 (Rev. March 1953) WATER,1961,6,1961-10-06,5520,10,0.0333
Quivira,3-1750 Forn NR-1 (Rev. March 1953) WATER,1961,7,1961-10-13,1955,10,0.0333
Quivira,3-1750 Forn NR-1 (Rev. March 1953) WATER,1961,8,1961-10-20,2570,10,0.0333
Quivira,3-1750 Forn NR-1 (Rev. March 1953) WATER,1961,9,1961-10-27,2930,10,0.0333
Quivira,3-1750 Forn NR-1 (Rev. March 1953) WATER,1961,10,1961-11-03,2988,10,0.0333
Quivira,3-1750 Forn NR-1 (Rev. March 1953) WATER,1961,11,1961-11-10,3460,10,0.0333
Quivira,3-1750 Forn NR-1 (Rev. March 1953) WATER,1961,12,1961-11-17,448,10,0.0333
Quivira,3-1750 Forn NR-1 (Rev. March 1953) WATER,1961,13,1961-11-24,3592,10,0.0333
Quivira,3-1750 Forn NR-1 (Rev. March 1953) WATER,1961,14,1961-12-01,1230,10,0.0333
Quivira,3-1750 Forn NR-1 (Rev. March 1953) WATER,1961,15,1961-12-08,2145,10,0.0333
Quivira,3-1750 Forn NR-1 (Rev. March 1953) WATER,1961,16,1961-12-15,20001,10,0.0333
Quivira,3-1750 Forn NR-1 (Rev. March 1953) WATER,1962,1,1962-09-01,3105,10,0.0603
Quivira,3-1750 Forn NR-1 (Rev. March 1953) WATER,1962,2,1962-09-08,1510,10,0.0603
Quivira,3-1750 Forn NR-1 (Rev. March 1953) WATER,1962,3,1962-09-15,5685,10,0.0603
Quivira,3-1750 Forn NR-1 (Rev. March 1953) WATER,1962,4,1962-09-22,1820,10,0.0603
Quivira,3-1750 Forn NR-1 (Rev. March 1953) WATER,1962,5,1962-09-29,1100,10,0.0603
Quivira,3-1750 Forn NR-1 (Rev. March 1953) WATER,1962,6,1962-10-06,4355,10,0.0603
Quivira,3-1750 Forn NR-1 (Rev. March 1953) WATER,1962,7,1962-10-13,4485,10,0.0603
Quivira,3-1750 Forn NR-1 (Rev. March 1953) WATER,1962,8,1962-10-20,29265,10,0.0603
Quivira,3-1750 Forn NR-1 (Rev. March 1953) WATER,1962,9,1962-10-27,2743,10,0.0603
Quivira,3-1750 Forn NR-1 (Rev. March 1953) WATER,1962,10,1962-11-03,3156,10,0.0603
Quivira,3-1750 Forn NR-1 (Rev. March 1953) WATER,1962,11,1962-11-10,3465,10,0.0603
Quivira,3-1750 Forn NR-1 (Rev. March 1953) WATER,1962,12,1962-11-17,5666,10,0.0603
Quivira,3-1750 Forn NR-1 (Rev. March 1953) WATER,1962,13,1962-11-24,6239,10,0.0603
Quivira,3-1750 Forn NR-1 (Rev. March 1953) WATER,1962,14,1962-12-01,18405,10,0.0603
Quivira,3-1750 Forn NR-1 (Rev. March 1953) WATER,1962,15,1962-12-08,25250,10,0.0603
Quivira,3-1750 Forn NR-1 (Rev. March 1953) WATER,1962,16,1962-12-15,21675,10,0.0603
Quivira,", Staffcrd, Lanaaa",1963,1,1963-09-01,1003,10,0.3457
Quivira,", Staffcrd, Lanaaa",1963,2,1963-09-08,978,10,0.3457
Quivira,", Staffcrd, Lanaaa",1963,3,1963-09-15,86,10,0.3457
Quivira,", Staffcrd, Lanaaa",1963,4,1963-09-22,685,10,0.3457
Quivira,", Staffcrd, Lanaaa",1963,5,1963-09-29,2755,10,0.3457
Quivira,", Staffcrd, Lanaaa",1963,6,1963-10-06,1607,10,0.3457
Quivira,", Staffcrd, Lanaaa",1963,7,1963-10-13,587,10,0.3457
Quivira,", Staffcrd, Lanaaa",1963,8,1963-10-20,969,10,0.3457
Quivira,", Staffcrd, Lanaaa",1963,9,1963-10-27,2353,10,0.3457
Quivira,", Staffcrd, Lanaaa",1963,10,1963-11-03,1046,10,0.3457
Quivira,", Staffcrd, Lanaaa",1963,11,1963-11-10,2868,10,0.3457
Quivira,", Staffcrd, Lanaaa",1963,12,1963-11-17,3303,10,0.3457
Quivira,", Staffcrd, Lanaaa",1963,13,1963-11-24,7408,10,0.3457
Quivira,", Staffcrd, Lanaaa",1963,14,1963-12-01,5773,10,0.3457
Quivira,", Staffcrd, Lanaaa",1963,15,1963-12-08,12268,10,0.3457
Quivira,", Staffcrd, Lanaaa",1963,16,1963-12-15,35056,10,0.3457
Quivira,", Staffcrd, Lanaaa",1963,17,1963-12-22,35350,10,0.3457
Quivira,"guivira Natll. W Befage, uffard, Tanese",1964,1,1964-09-01,15,7,
Quivira,"guivira Natll. W Befage, uffard, Tanese",1964,2,1964-09-08,30,7,
Quivira,"guivira Natll. W Befage, uffard, Tanese",1964,3,1964-09-15,620,7,
Quivira,"guivira Natll. W Befage, uffard, Tanese",1964,4,1964-09-22,714,7,
Quivira,"guivira Natll. W Befage, uffard, Tanese",1964,5,1964-09-29,2975,7,
Quivira,"guivira Natll. W Befage, uffard, Tanese",1964,6,1964-10-06,3685,7,
Quivira,"guivira Natll. W Befage, uffard, Tanese",1964,7,1964-10-13,22353,7,
Quivira,", Stafford, Kansas",1965,1,1965-09-01,3665,10,0.1141
Quivira,", Stafford, Kansas",1965,2,1965-09-08,2673,10,0.1141
Quivira,", Stafford, Kansas",1965,3,1965-09-15,1122,10,0.1141
Quivira,", Stafford, Kansas",1965,4,1965-09-22,1911,10,0.1141
Quivira,", Stafford, Kansas",1965,5,1965-09-29,1089,10,0.1141
Quivira,", Stafford, Kansas",1965,6,1965-10-06,3770,10,0.1141
Quivira,", Stafford, Kansas",1965,7,1965-10-13,3371,10,0.1141
Quivira,", Stafford, Kansas",1965,8,1965-10-20,6820,10,0.1141
Quivira,", Stafford, Kansas",1965,9,1965-10-27,5612,10,0.1141
Quivira,", Stafford, Kansas",1965,10,1965-11-03,6882,10,0.1141
Quivira,", Stafford, Kansas",1965,11,1965-11-10,15562,10,0.1141
Quivira,", Stafford, Kansas",1965,12,1965-11-17,27770,10,0.1141
Quivira,", Stafford, Kansas",1965,13,1965-11-24,40060,10,0.1141
Quivira,", Stafford, Kansas",1965,14,1965-12-01,3068,10,0.1141
Quivira,", Stafford, Kansas",1965,15,1965-12-08,14672,10,0.1141
Quivira,", Stafford, Kansas",1965,16,1965-12-15,21448,10,0.1141
Quivira,", Stafford, Kansas",1965,17,1965-12-22,566096,10,0.1141
Quivira,", Stafford, Kansas",1965,18,1965-12-29,61716,10,0.1141
Quivira,3-1750 Form NR-1 (Rev. March 1953) WATER,1966,1,1966-09-01,235,9,0.0303
Quivira,3-1750 Form NR-1 (Rev. March 1953) WATER,1966,2,1966-09-08,975,9,0.0303
Quivira,3-1750 Form NR-1 (Rev. March 1953) WATER,1966,3,1966-09-15,850,9,0.0303
Quivira,3-1750 Form NR-1 (Rev. March 1953) WATER,1966,4,1966-09-22,1891,9,0.0303
Quivira,3-1750 Form NR-1 (Rev. March 1953) WATER,1966,5,1966-09-29,9138,9,0.0303
Quivira,3-1750 Form NR-1 (Rev. March 1953) WATER,1966,6,1966-10-06,5015,9,0.0303
Quivira,3-1750 Form NR-1 (Rev. March 1953) WATER,1966,7,1966-10-13,233,9,0.0303
Quivira,3-1750 Form NR-1 (Rev. March 1953) WATER,1966,8,1966-10-20,4289,9,0.0303
Quivira,3-1750 Form NR-1 (Rev. March 1953) WATER,1966,9,1966-10-27,13199,9,0.0303
Quivira,3-1750 Form NR-1 (Rev. March 1953) WATER,1966,11,1966-11-10,14665,9,0.0303
Quivira,3-1750 Form NR-1 (Rev. March 1953) WATER,1966,12,1966-11-17,31209,9,0.0303
Quivira,3-1750 Form NR-1 (Rev. March 1953) WATER,1966,13,1966-11-24,3010,9,0.0303
Quivira,3-1750 Form NR-1 (Rev. March 1953) WATER,1966,14,1966-12-01,52270,9,0.0303
Quivira,3-1750 Form NR-1 (Rev. March 1953) WATER,1966,15,1966-12-08,1010,9,0.0303
Quivira,3-1750 Form NR-1 (Rev. March 1953) WATER,1966,16,1966-12-15,84180,9,0.0303
Quivira,3-1750 Form NR-1 (Rev. March 1953) WATER,1966,17,1966-12-22,74223,9,0.0303
Quivira,3-1750 Form NR-1 (Rev. March 1953) WATER,1966,18,1966-12-29,12200,9,0.0303
Quivira,Quivira National Wildlife Refuge,1967,1,1967-09-01,340,10,0.0182
Quivira,Quivira National Wildlife Refuge,1967,2,1967-09-08,2470,10,0.0182
Quivira,Quivira National Wildlife Refuge,1967,3,1967-09-15,3878,10,0.0182
Quivira,Quivira National Wildlife Refuge,1967,4,1967-09-22,9720,10,0.0182
Quivira,Quivira National Wildlife Refuge,1967,5,1967-09-29,4952,10,0.0182
Quivira,Quivira National Wildlife Refuge,1967,6,1967-10-06,3748,10,0.0182
Quivira,Quivira National Wildlife Refuge,1967,7,1967-10-13,10250,10,0.0182
Quivira,Quivira National Wildlife Refuge,1967,8,1967-10-20,10975,10,0.0182
Quivira,Quivira National Wildlife Refuge,1967,9,1967-10-27,11950,10,0.0182
Quivira,Quivira National Wildlife Refuge,1967,10,1967-11-03,20901,10,0.0182
Quivira,Quivira National Wildlife Refuge,1967,11,1967-11-10,25997,10,0.0182
Quivira,Quivira National Wildlife Refuge,1967,12,1967-11-17,43608,10,0.0182
Quivira,Quivira National Wildlife Refuge,1967,13,1967-11-24,53674,10,0.0182
Quivira,Quivira National Wildlife Refuge,1967,14,1967-12-01,47519,10,0.0182
Quivira,Quivira National Wildlife Refuge,1967,15,1967-12-08,51813,10,0.0182
Quivira,Quivira National Wildlife Refuge,1967,16,1967-12-15,51039,10,0.0182
Quivira,Quivira National Wildlife Refuge,1967,17,1967-12-22,100,10,0.0182
Quivira,3-1750 Form NR-1 (Rev. March 1953) WATER,1968,1,1968-09-01,502,9,
Quivira,3-1750 Form NR-1 (Rev. March 1953) WATER,1968,2,1968-09-08,677,9,
Quivira,3-1750 Form NR-1 (Rev. March 1953) WATER,1968,3,1968-09-15,730,9,
Quivira,3-1750 Form NR-1 (Rev. March 1953) WATER,1968,4,1968-09-22,560,9,
Quivira,3-1750 Form NR-1 (Rev. March 1953) WATER,1968,5,1968-09-29,2910,9,
Quivira,3-1750 Form NR-1 (Rev. March 1953) WATER,1968,6,1968-10-06,1190,9,
Quivira,3-1750 Form NR-1 (Rev. March 1953) WATER,1968,7,1968-10-13,990,9,
Quivira,3-1750 Form NR-1 (Rev. March 1953) WATER,1968,8,1968-10-20,6480,9,
Quivira,3-1750 Form NR-1 (Rev. March 1953) WATER,1968,9,1968-10-27,11258,9,
Quivira,3-1750 Form NR-1 (Rev. March 1953) WATER,1968,11,1968-11-10,356,9,
Quivira,3-1750 Form NR-1 (Rev. March 1953) WATER,1968,12,1968-11-17,290,9,
Quivira,3-1750 Form NR-1 (Rev. March 1953) WATER,1968,13,1968-11-24,380,9,
Quivira,3-1750 Form NR-1 (Rev. March 1953) WATER,1968,14,1968-12-01,32911,9,
Quivira,3-1750 Form NR-1 (Rev. March 1953) WATER,1968,15,1968-12-08,34155,9,
Quivira,3-1750 Form NR-1 (Rev. March 1953) WATER,1968,16,1968-12-15,31355,9,
Quivira,3-1750 Form NR-1 (Rev. March 1953) WATER,1968,17,1968-12-22,30086,9,
Quivira,3-1750 Form NR-1 (Rev. March 1953) WATER,1968,18,1968-12-29,8100,9,
Quivira,3-1750 Form NR-1 (Rev. March 1953) WATER,1968,19,1969-01-05,1486933,9,
Quivira,"Quivira Natil. W/T, Refuge",1969,1,1969-09-01,845,10,0.3915
Quivira,"Quivira Natil. W/T, Refuge",1969,2,1969-09-08,2776,10,0.3915
Quivira,"Quivira Natil. W/T, Refuge",1969,3,1969-09-15,3545,10,0.3915
Quivira,"Quivira Natil. W/T, Refuge",1969,4,1969-09-22,1490,10,0.3915
Quivira,"Quivira Natil. W/T, Refuge",1969,5,1969-09-29,5605,10,0.3915
Quivira,"Quivira Natil. W/T, Refuge",1969,6,1969-10-06,18543,10,0.3915
Quivira,"Quivira Natil. W/T, Refuge",1969,7,1969-10-13,6246,10,0.3915
Quivira,"Quivira Natil. W/T, Refuge",1969,8,1969-10-20,8557,10,0.3915
Quivira,"Quivira Natil. W/T, Refuge",1969,9,1969-10-27,4831,10,0.3915
Quivira,"Quivira Natil. W/T, Refuge",1969,10,1969-11-03,14395,10,0.3915
Quivira,"Quivira Natil. W/T, Refuge",1969,11,1969-11-10,26540,10,0.3915
Quivira,"Quivira Natil. W/T, Refuge",1969,12,1969-11-17,53250,10,0.3915
Quivira,"Quivira Natil. W/T, Refuge",1969,13,1969-11-24,38405,10,0.3915
Quivira,"Quivira Natil. W/T, Refuge",1969,14,1969-12-01,47160,10,0.3915
Quivira,"Quivira Natil. W/T, Refuge",1969,15,1969-12-08,1417,10,0.3915
Quivira,"Quivira Natil. W/T, Refuge",1969,16,1969-12-15,33380,10,0.3915
Quivira,"Quivira Natil. W/T, Refuge",1969,17,1969-12-22,23085,10,0.3915
Quivira,"Quivira Natil. W/T, Refuge",1969,18,1969-12-29,32850,10,0.3915
Quivira,"Quivira NWR, Stafford, Kansas",1970,1,1970-09-01,1886,10,0.1287
Quivira,"Quivira NWR, Stafford, Kansas",1970,2,1970-09-08,6168,10,0.1287
Quivira,"Quivira NWR, Stafford, Kansas",1970,3,1970-09-15,7293,10,0.1287
Quivira,"Quivira NWR, Stafford, Kansas",1970,4,1970-09-22,8449,10,0.1287
Quivira,"Quivira NWR, Stafford, Kansas",1970,5,1970-09-29,924,10,0.1287
Quivira,"Quivira NWR, Stafford, Kansas",1970,6,1970-10-06,1488,10,0.1287
Quivira,"Quivira NWR, Stafford, Kansas",1970,7,1970-10-13,2123,10,0.1287
Quivira,"Quivira NWR, Stafford, Kansas",1970,8,1970-10-20,7067,10,0.1287
Quivira,"Quivira NWR, Stafford, Kansas",1970,9,1970-10-27,8540,10,0.1287
Quivira,"Quivira NWR, Stafford, Kansas",1970,10,1970-11-03,5427,10,0.1287
Quivira,"Quivira NWR, Stafford, Kansas",1970,11,1970-11-10,37551,10,0.1287
Quivira,"Quivira NWR, Stafford, Kansas",1970,12,1970-11-17,21825,10,0.1287
Quivira,"Quivira NWR, Stafford, Kansas",1970,13,1970-11-24,32696,10,0.1287
Quivira,"Quivira NWR, Stafford, Kansas",1970,14,1970-12-01,28465,10,0.1287
Quivira,"Quivira NWR, Stafford, Kansas",1970,15,1970-12-08,28530,10,0.1287
Quivira,"Quivira NWR, Stafford, Kansas",1970,16,1970-12-15,211475,10,0.1287
Quivira,"Quivira NWR, Stafford, Kansas",1970,17,1970-12-22,36099,10,0.1287
Quivira,"Quivira NWR, Stafford, Kansas",1970,18,1970-12-29,15350,10,0.1287
Quivira,3-1750 Form NR-1 (Rev. March 1953) WATER,1971,1,1971-09-01,127,10,0.5272
Quivira,3-1750 Form NR-1 (Rev. March 1953) WATER,1971,2,1971-09-08,661,10,0.5272
Quivira,3-1750 Form NR-1 (Rev. March 1953) WATER,1971,3,1971-09-15,3065,10,0.5272
Quivira,3-1750 Form NR-1 (Rev. March 1953) WATER,1971,4,1971-09-22,3705,10,0.5272
Quivira,3-1750 Form NR-1 (Rev. March 1953) WATER,1971,5,1971-09-29,6490,10,0.5272
Quivira,3-1750 Form NR-1 (Rev. March 1953) WATER,1971,6,1971-10-06,1860,10,0.5272
Quivira,3-1750 Form NR-1 (Rev. March 1953) WATER,1971,7,1971-10-13,19136,10,0.5272
Quivira,3-1750 Form NR-1 (Rev. March 1953) WATER,1971,8,1971-10-20,15325,10,0.5272
Quivira,3-1750 Form NR-1 (Rev. March 1953) WATER,1971,9,1971-10-27,4825,10,0.5272
Quivira,3-1750 Form NR-1 (Rev. March 1953) WATER,1971,10,1971-11-03,40995,10,0.5272
Quivira,3-1750 Form NR-1 (Rev. March 1953) WATER,1971,11,1971-11-10,6120,10,0.5272
Quivira,3-1750 Form NR-1 (Rev. March 1953) WATER,1971,12,1971-11-17,51360,10,0.5272
Quivira,3-1750 Form NR-1 (Rev. March 1953) WATER,1971,13,1971-11-24,2055,10,0.5272
Quivira,3-1750 Form NR-1 (Rev. March 1953) WATER,1971,14,1971-12-01,127860,10,0.5272
Quivira,3-1750 Form NR-1 (Rev. March 1953) WATER,1971,15,1971-12-08,121180,10,0.5272
Quivira,3-1750 Form NR-1 (Rev. March 1953) WATER,1971,16,1971-12-15,124138,10,0.5272
Quivira,3-1750 Form NR-1 (Rev. March 1953) WATER,1971,17,1971-12-22,124810,10,0.5272
Ruby Lake NV,Ruby Lake National Wildlife,1954,1,1954-09-01,14025,10,0.0198
Ruby Lake NV,Ruby Lake National Wildlife,1954,2,1954-09-08,14025,10,0.0198
Ruby Lake NV,Ruby Lake National Wildlife,1954,3,1954-09-15,15400,10,0.0198
Ruby Lake NV,Ruby Lake National Wildlife,1954,4,1954-09-22,21400,10,0.0198
Ruby Lake NV,Ruby Lake National Wildlife,1954,5,1954-09-29,26400,10,0.0198
Ruby Lake NV,Ruby Lake National Wildlife,1954,6,1954-10-06,29900,10,0.0198
Ruby Lake NV,Ruby Lake National Wildlife,1954,7,1954-10-13,27900,10,0.0198
Ruby Lake NV,Ruby Lake National Wildlife,1954,8,1954-10-20,27900,10,0.0198
Ruby Lake NV,Ruby Lake National Wildlife,1954,9,1954-10-27,28900,10,0.0198
Ruby Lake NV,Ruby Lake National Wildlife,1954,10,1954-11-03,23400,10,0.0198
Ruby Lake NV,Ruby Lake National Wildlife,1954,11,1954-11-10,23400,10,0.0198
Ruby Lake NV,Ruby Lake National Wildlife,1954,12,1954-11-17,20950,10,0.0198
Ruby Lake NV,Ruby Lake National Wildlife,1954,13,1954-11-24,20800,10,0.0198
Ruby Lake NV,Ruby Lake National Wildlife,1954,14,1954-12-01,20050,10,0.0198
Ruby Lake NV,Ruby Lake National Wildlife,1954,15,1954-12-08,9010,10,0.0198
Ruby Lake NV,Ruby Lake National Wildlife,1954,16,1954-12-15,3260,10,0.0198
Ruby Lake NV,Ruby Lake National Wildlife,1954,17,1954-12-22,1735,10,0.0198
Ruby Lake NV,Ruby Lake National Wildlife,1954,18,1954-12-29,875,10,0.0198
Ruby Lake NV,Ruby Lake,1955,1,1955-09-01,13500,10,0.0093
Ruby Lake NV,Ruby Lake,1955,2,1955-09-08,13500,10,0.0093
Ruby Lake NV,Ruby Lake,1955,3,1955-09-15,14502,10,0.0093
Ruby Lake NV,Ruby Lake,1955,4,1955-09-22,15000,10,0.0093
Ruby Lake NV,Ruby Lake,1955,5,1955-09-29,14800,10,0.0093
Ruby Lake NV,Ruby Lake,1955,6,1955-10-06,19800,10,0.0093
Ruby Lake NV,Ruby Lake,1955,7,1955-10-13,12650,10,0.0093
Ruby Lake NV,Ruby Lake,1955,8,1955-10-20,9285,10,0.0093
Ruby Lake NV,Ruby Lake,1955,9,1955-10-27,6450,10,0.0093
Ruby Lake NV,Ruby Lake,1955,10,1955-11-03,5800,10,0.0093
Ruby Lake NV,Ruby Lake,1955,11,1955-11-10,4750,10,0.0093
Ruby Lake NV,Ruby Lake,1955,12,1955-11-17,3010,10,0.0093
Ruby Lake NV,Ruby Lake,1955,13,1955-11-24,1350,10,0.0093
Ruby Lake NV,Ruby Lake,1955,14,1955-12-01,480,10,0.0093
Ruby Lake NV,Ruby Lake,1955,15,1955-12-08,415,10,0.0093
Ruby Lake NV,Ruby Lake,1955,16,1955-12-15,300,10,0.0093
Ruby Lake NV,Ruby Lake,1955,17,1955-12-22,213,10,0.0093
Ruby Lake NV,Ruby Lake,1955,18,1955-12-29,110,10,0.0093
Ruby Lake NV,RubyLake,1956,1,1956-09-01,12350,10,0.05
Ruby Lake NV,RubyLake,1956,2,1956-09-08,15800,10,0.05
Ruby Lake NV,RubyLake,1956,3,1956-09-15,15800,10,0.05
Ruby Lake NV,RubyLake,1956,4,1956-09-22,15800,10,0.05
Ruby Lake NV,RubyLake,1956,5,1956-09-29,22500,10,0.05
Ruby Lake NV,RubyLake,1956,6,1956-10-06,25900,10,0.05
Ruby Lake NV,RubyLake,1956,7,1956-10-13,29000,10,0.05
Ruby Lake NV,RubyLake,1956,8,1956-10-20,22000,10,0.05
Ruby Lake NV,RubyLake,1956,9,1956-10-27,22000,10,0.05
Ruby Lake NV,RubyLake,1956,10,1956-11-03,22000,10,0.05
Ruby Lake NV,RubyLake,1956,11,1956-11-10,20500,10,0.05
Ruby Lake NV,RubyLake,1956,12,1956-11-17,10150,10,0.05
Ruby Lake NV,RubyLake,1956,13,1956-11-24,5650,10,0.05
Ruby Lake NV,RubyLake,1956,14,1956-12-01,5700,10,0.05
Ruby Lake NV,RubyLake,1956,15,1956-12-08,5800,10,0.05
Ruby Lake NV,RubyLake,1956,16,1956-12-15,2200,10,0.05
Ruby Lake NV,RubyLake,1956,17,1956-12-22,2200,10,0.05
Ruby Lake NV,RubyLake,1956,18,1956-12-29,2200,10,0.05
Ruby Lake NV,RUBT LALL,1958,1,1958-09-01,23688,10,0.0506
Ruby Lake NV,RUBT LALL,1958,2,1958-09-08,20600,10,0.0506
Ruby Lake NV,RUBT LALL,1958,3,1958-09-15,20900,10,0.0506
Ruby Lake NV,RUBT LALL,1958,4,1958-09-22,20410,10,0.0506
Ruby Lake NV,RUBT LALL,1958,5,1958-09-29,31550,10,0.0506
Ruby Lake NV,RUBT LALL,1958,6,1958-10-06,27363,10,0.0506
Ruby Lake NV,RUBT LALL,1958,7,1958-10-13,30018,10,0.0506
Ruby Lake NV,RUBT LALL,1958,8,1958-10-20,32510,10,0.0506
Ruby Lake NV,RUBT LALL,1958,9,1958-10-27,34550,10,0.0506
Ruby Lake NV,RUBT LALL,1958,10,1958-11-03,34560,10,0.0506
Ruby Lake NV,RUBT LALL,1958,11,1958-11-10,14100,10,0.0506
Ruby Lake NV,RUBT LALL,1958,12,1958-11-17,15310,10,0.0506
Ruby Lake NV,RUBT LALL,1958,13,1958-11-24,16000,10,0.0506
Ruby Lake NV,RUBT LALL,1958,14,1958-12-01,6710,10,0.0506
Ruby Lake NV,RUBT LALL,1958,15,1958-12-08,15670,10,0.0506
Ruby Lake NV,RUBT LALL,1958,16,1958-12-15,14930,10,0.0506
Ruby Lake NV,RUBT LALL,1958,17,1958-12-22,12050,10,0.0506
Ruby Lake NV,RUBT LALL,1958,18,1958-12-29,3778,10,0.0506
Ruby Lake NV,RUBY LAK.,1960,1,1960-09-01,4200,10,0.0529
Ruby Lake NV,RUBY LAK.,1960,2,1960-09-08,4150,10,0.0529
Ruby Lake NV,RUBY LAK.,1960,3,1960-09-15,4150,10,0.0529
Ruby Lake NV,RUBY LAK.,1960,4,1960-09-22,4150,10,0.0529
Ruby Lake NV,RUBY LAK.,1960,5,1960-09-29,4150,10,0.0529
Ruby Lake NV,RUBY LAK.,1960,6,1960-10-06,5900,10,0.0529
Ruby Lake NV,RUBY LAK.,1960,7,1960-10-13,6050,10,0.0529
Ruby Lake NV,RUBY LAK.,1960,8,1960-10-20,6050,10,0.0529
Ruby Lake NV,RUBY LAK.,1960,9,1960-10-27,6400,10,0.0529
Ruby Lake NV,RUBY LAK.,1960,10,1960-11-03,8150,10,0.0529
Ruby Lake NV,RUBY LAK.,1960,11,1960-11-10,25150,10,0.0529
Ruby Lake NV,RUBY LAK.,1960,12,1960-11-17,17450,10,0.0529
Ruby Lake NV,RUBY LAK.,1960,13,1960-11-24,5250,10,0.0529
Ruby Lake NV,RUBY LAK.,1960,14,1960-12-01,5250,10,0.0529
Ruby Lake NV,RUBY LAK.,1960,15,1960-12-08,5300,10,0.0529
Ruby Lake NV,RUBY LAK.,1960,16,1960-12-15,4325,10,0.0529
Ruby Lake NV,RUBY LAK.,1960,17,1960-12-22,4225,10,0.0529
Ruby Lake NV,RUBY LAK.,1960,18,1960-12-29,3575,10,0.0529
Ruby Lake NV,Buby Lake,1961,1,1961-09-01,15600,10,0.009
Ruby Lake NV,Buby Lake,1961,2,1961-09-08,20100,10,0.009
Ruby Lake NV,Buby Lake,1961,3,1961-09-15,21300,10,0.009
Ruby Lake NV,Buby Lake,1961,4,1961-09-22,21300,10,0.009
Ruby Lake NV,Buby Lake,1961,5,1961-09-29,20550,10,0.009
Ruby Lake NV,Buby Lake,1961,6,1961-10-06,20550,10,0.009
Ruby Lake NV,Buby Lake,1961,7,1961-10-13,5900,10,0.009
Ruby Lake NV,Buby Lake,1961,8,1961-10-20,5900,10,0.009
Ruby Lake NV,Buby Lake,1961,9,1961-10-27,4650,10,0.009
Ruby Lake NV,Buby Lake,1961,10,1961-11-03,4650,10,0.009
Ruby Lake NV,Buby Lake,1961,11,1961-11-10,1625,10,0.009
Ruby Lake NV,Buby Lake,1961,12,1961-11-17,1475,10,0.009
Ruby Lake NV,Buby Lake,1961,13,1961-11-24,1475,10,0.009
Ruby Lake NV,Buby Lake,1961,14,1961-12-01,100,10,0.009
Ruby Lake NV,Buby Lake,1961,15,1961-12-08,335,10,0.009
Ruby Lake NV,Buby Lake,1961,16,1961-12-15,595,10,0.009
Ruby Lake NV,Buby Lake,1961,17,1961-12-22,595,10,0.009
Ruby Lake NV,RUBY LAKE,1962,1,1962-09-01,8505,10,0.0
Ruby Lake NV,RUBY LAKE,1962,2,1962-09-08,10635,10,0.0
Ruby Lake NV,RUBY LAKE,1962,3,1962-09-15,13150,10,0.0
Ruby Lake NV,RUBY LAKE,1962,4,1962-09-22,10745,10,0.0
Ruby Lake NV,RUBY LAKE,1962,5,1962-09-29,12090,10,0.0
Ruby Lake NV,RUBY LAKE,1962,6,1962-10-06,15550,10,0.0
Ruby Lake NV,RUBY LAKE,1962,7,1962-10-13,15200,10,0.0
Ruby Lake NV,RUBY LAKE,1962,8,1962-10-20,8250,10,0.0
Ruby Lake NV,RUBY LAKE,1962,9,1962-10-27,8990,10,0.0
Ruby Lake NV,RUBY LAKE,1962,10,1962-11-03,12400,10,0.0
Ruby Lake NV,RUBY LAKE,1962,11,1962-11-10,7750,10,0.0
Ruby Lake NV,RUBY LAKE,1962,12,1962-11-17,9050,10,0.0
Ruby Lake NV,RUBY LAKE,1962,13,1962-11-24,45800,10,0.0
Ruby Lake NV,RUBY LAKE,1962,14,1962-12-01,4350,10,0.0
Ruby Lake NV,RUBY LAKE,1962,15,1962-12-08,5500,10,0.0
Ruby Lake NV,RUBY LAKE,1962,16,1962-12-15,7180,10,0.0
Ruby Lake NV,RUBY LAKE,1962,17,1962-12-22,2920,10,0.0
Ruby Lake NV,Ruby Lake,1963,1,1963-09-01,4385,10,0.0133
Ruby Lake NV,Ruby Lake,1963,2,1963-09-08,14450,10,0.0133
Ruby Lake NV,Ruby Lake,1963,3,1963-09-15,14900,10,0.0133
Ruby Lake NV,Ruby Lake,1963,4,1963-09-22,15300,10,0.0133
Ruby Lake NV,Ruby Lake,1963,5,1963-09-29,15870,10,0.0133
Ruby Lake NV,Ruby Lake,1963,6,1963-10-06,16400,10,0.0133
Ruby Lake NV,Ruby Lake,1963,7,1963-10-13,25320,10,0.0133
Ruby Lake NV,Ruby Lake,1963,8,1963-10-20,25400,10,0.0133
Ruby Lake NV,Ruby Lake,1963,9,1963-10-27,25550,10,0.0133
Ruby Lake NV,Ruby Lake,1963,10,1963-11-03,24300,10,0.0133
Ruby Lake NV,Ruby Lake,1963,11,1963-11-10,6600,10,0.0133
Ruby Lake NV,Ruby Lake,1963,12,1963-11-17,4250,10,0.0133
Ruby Lake NV,Ruby Lake,1963,13,1963-11-24,1350,10,0.0133
Ruby Lake NV,Ruby Lake,1963,14,1963-12-01,1450,10,0.0133
Ruby Lake NV,Ruby Lake,1963,15,1963-12-08,250,10,0.0133
Ruby Lake NV,Ruby Lake,1963,16,1963-12-15,205,10,0.0133
Ruby Lake NV,Ruby Lako,1964,1,1964-09-01,6275,10,0.5545
Ruby Lake NV,Ruby Lako,1964,2,1964-09-08,6350,10,0.5545
Ruby Lake NV,Ruby Lako,1964,3,1964-09-15,7050,10,0.5545
Ruby Lake NV,Ruby Lako,1964,4,1964-09-22,7300,10,0.5545
Ruby Lake NV,Ruby Lako,1964,5,1964-09-29,7350,10,0.5545
Ruby Lake NV,Ruby Lako,1964,6,1964-10-06,7625,10,0.5545
Ruby Lake NV,Ruby Lako,1964,7,1964-10-13,7975,10,0.5545
Ruby Lake NV,Ruby Lako,1964,8,1964-10-20,11650,10,0.5545
Ruby Lake NV,Ruby Lako,1964,9,1964-10-27,10490,10,0.5545
Ruby Lake NV,Ruby Lako,1964,10,1964-11-03,9310,10,0.5545
Ruby Lake NV,Ruby Lako,1964,11,1964-11-10,1500,10,0.5545
Ruby Lake NV,Ruby Lako,1964,12,1964-11-17,1325,10,0.5545
Ruby Lake NV,Ruby Lako,1964,13,1964-11-24,1525,10,0.5545
Ruby Lake NV,Ruby Lako,1964,14,1964-12-01,1300,10,0.5545
Ruby Lake NV,Ruby Lako,1964,15,1964-12-08,750,10,0.5545
Ruby Lake NV,Ruby Lako,1964,16,1964-12-15,600,10,0.5545
Ruby Lake NV,Ruby Lako,1964,17,1964-12-22,495,10,0.5545
Ruby Lake NV,Ruby Lake,1965,1,1965-09-01,8400,10,0.0005
Ruby Lake NV,Ruby Lake,1965,2,1965-09-08,8900,10,0.0005
Ruby Lake NV,Ruby Lake,1965,3,1965-09-15,10275,10,0.0005
Ruby Lake NV,Ruby Lake,1965,4,1965-09-22,10475,10,0.0005
Ruby Lake NV,Ruby Lake,1965,5,1965-09-29,10500,10,0.0005
Ruby Lake NV,Ruby Lake,1965,6,1965-10-06,13700,10,0.0005
Ruby Lake NV,Ruby Lake,1965,7,1965-10-13,18200,10,0.0005
Ruby Lake NV,Ruby Lake,1965,8,1965-10-20,18700,10,0.0005
Ruby Lake NV,Ruby Lake,1965,9,1965-10-27,19200,10,0.0005
Ruby Lake NV,Ruby Lake,1965,10,1965-11-03,19300,10,0.0005
Ruby Lake NV,Ruby Lake,1965,11,1965-11-10,9145,10,0.0005
Ruby Lake NV,Ruby Lake,1965,12,1965-11-17,5685,10,0.0005
Ruby Lake NV,Ruby Lake,1965,13,1965-11-24,4410,10,0.0005
Ruby Lake NV,Ruby Lake,1965,14,1965-12-01,5110,10,0.0005
Ruby Lake NV,Ruby Lake,1965,15,1965-12-08,3535,10,0.0005
Ruby Lake NV,Ruby Lake,1965,16,1965-12-15,1460,10,0.0005
Ruby Lake NV,Ruby Lake,1965,17,1965-12-22,950,10,0.0005
Ruby Lake NV,Ruby Lako,1966,1,1966-09-01,10500,10,0.1301
Ruby Lake NV,Ruby Lako,1966,2,1966-09-08,2050,10,0.1301
Ruby Lake NV,Ruby Lako,1966,3,1966-09-15,11775,10,0.1301
Ruby Lake NV,Ruby Lako,1966,4,1966-09-22,12275,10,0.1301
Ruby Lake NV,Ruby Lako,1966,5,1966-09-29,12525,10,0.1301
Ruby Lake NV,Ruby Lako,1966,6,1966-10-06,12775,10,0.1301
Ruby Lake NV,Ruby Lako,1966,7,1966-10-13,14425,10,0.1301
Ruby Lake NV,Ruby Lako,1966,8,1966-10-20,14175,10,0.1301
Ruby Lake NV,Ruby Lako,1966,9,1966-10-27,12751,10,0.1301
Ruby Lake NV,Ruby Lako,1966,10,1966-11-03,9825,10,0.1301
Ruby Lake NV,Ruby Lako,1966,11,1966-11-10,8875,10,0.1301
Ruby Lake NV,Ruby Lako,1966,12,1966-11-17,3050,10,0.1301
Ruby Lake NV,Ruby Lako,1966,13,1966-11-24,5780,10,0.1301
Ruby Lake NV,Ruby Lako,1966,14,1966-12-01,2585,10,0.1301
Ruby Lake NV,Ruby Lako,1966,15,1966-12-08,1550,10,0.1301
Ruby Lake NV,Ruby Lako,1966,16,1966-12-15,1750,10,0.1301
Ruby Lake NV,Ruby Lako,1966,17,1966-12-22,1325,10,0.1301
Ruby Lake NV,Ruby c,1967,1,1967-09-01,8510,10,0.0942
Ruby Lake NV,Ruby c,1967,2,1967-09-08,8610,10,0.0942
Ruby Lake NV,Ruby c,1967,3,1967-09-15,8610,10,0.0942
Ruby Lake NV,Ruby c,1967,4,1967-09-22,8810,10,0.0942
Ruby Lake NV,Ruby c,1967,5,1967-09-29,7960,10,0.0942
Ruby Lake NV,Ruby c,1967,6,1967-10-06,8785,10,0.0942
Ruby Lake NV,Ruby c,1967,7,1967-10-13,9135,10,0.0942
Ruby Lake NV,Ruby c,1967,8,1967-10-20,9410,10,0.0942
Ruby Lake NV,Ruby c,1967,9,1967-10-27,11110,10,0.0942
Ruby Lake NV,Ruby c,1967,10,1967-11-03,11810,10,0.0942
Ruby Lake NV,Ruby c,1967,11,1967-11-10,11150,10,0.0942
Ruby Lake NV,Ruby c,1967,12,1967-11-17,9900,10,0.0942
Ruby Lake NV,Ruby c,1967,13,1967-11-24,1530,10,0.0942
Ruby Lake NV,Ruby c,1967,14,1967-12-01,1485,10,0.0942
Ruby Lake NV,Ruby c,1967,15,1967-12-08,240,10,0.0942
Ruby Lake NV,Ruby c,1967,16,1967-12-15,491,10,0.0942
Ruby Lake NV,Ruby c,1967,17,1967-12-22,360,10,0.0942
Ruby Lake NV,Ruby Lake,1968,1,1968-09-01,5010,10,
Ruby Lake NV,Ruby Lake,1968,2,1968-09-08,6810,10,
Ruby Lake NV,Ruby Lake,1968,3,1968-09-15,9000,10,
Ruby Lake NV,Ruby Lake,1968,4,1968-09-22,9940,10,
Ruby Lake NV,Ruby Lake,1968,5,1968-09-29,10010,10,
Ruby Lake NV,Ruby Lake,1968,6,1968-10-06,5750,10,
Ruby Lake NV,Ruby Lake,1968,7,1968-10-13,6600,10,
Ruby Lake NV,Ruby Lake,1968,8,1968-10-20,4050,10,
Ruby Lake NV,Ruby Lake,1968,9,1968-10-27,3350,10,
Ruby Lake NV,Ruby Lake,1968,10,1968-11-03,3450,10,
Ruby Lake NV,Ruby Lake,1968,11,1968-11-10,1050,10,
Ruby Lake NV,Ruby Lake,1968,12,1968-11-17,1000,10,
Ruby Lake NV,Ruby Lake,1968,13,1968-11-24,950,10,
Ruby Lake NV,Ruby Lake,1969,1,1969-09-01,8850,10,0.0
Ruby Lake NV,Ruby Lake,1969,2,1969-09-08,8850,10,0.0
Ruby Lake NV,Ruby Lake,1969,3,1969-09-15,8425,10,0.0
Ruby Lake NV,Ruby Lake,1969,4,1969-09-22,7975,10,0.0
Ruby Lake NV,Ruby Lake,1969,5,1969-09-29,10675,10,0.0
Ruby Lake NV,Ruby Lake,1969,6,1969-10-06,12575,10,0.0
Ruby Lake NV,Ruby Lake,1969,7,1969-10-13,16200,10,0.0
Ruby Lake NV,Ruby Lake,1969,8,1969-10-20,10500,10,0.0
Ruby Lake NV,Ruby Lake,1969,9,1969-10-27,9750,10,0.0
Ruby Lake NV,Ruby Lake,1969,10,1969-11-03,7050,10,0.0
Ruby Lake NV,Ruby Lake,1969,11,1969-11-10,4520,10,0.0
Ruby Lake NV,Ruby Lake,1969,12,1969-11-17,2360,10,0.0
Ruby Lake NV,Ruby Lake,1969,13,1969-11-24,2360,10,0.0
Ruby Lake NV,Ruby Lake,1969,14,1969-12-01,2330,10,0.0
Ruby Lake NV,Ruby Lake,1969,15,1969-12-08,2030,10,0.0
Ruby Lake NV,Ruby Lake,1969,16,1969-12-15,640,10,0.0
Ruby Lake NV,Ruby Lake,1969,17,1969-12-22,605,10,0.0
Ruby Lake NV,Ruby Lake,1969,18,1969-12-29,685,10,0.0
Ruby Lake NV,Ruby Lake,1970,1,1970-09-01,8890,10,0.0744
Ruby Lake NV,Ruby Lake,1970,2,1970-09-08,7560,10,0.0744
Ruby Lake NV,Ruby Lake,1970,3,1970-09-15,6510,10,0.0744
Ruby Lake NV,Ruby Lake,1970,4,1970-09-22,5490,10,0.0744
Ruby Lake NV,Ruby Lake,1970,5,1970-09-29,3764,10,0.0744
Ruby Lake NV,Ruby Lake,1970,6,1970-10-06,4578,10,0.0744
Ruby Lake NV,Ruby Lake,1970,7,1970-10-13,4353,10,0.0744
Ruby Lake NV,Ruby Lake,1970,8,1970-10-20,4473,10,0.0744
Ruby Lake NV,Ruby Lake,1970,9,1970-10-27,4248,10,0.0744
Ruby Lake NV,Ruby Lake,1970,10,1970-11-03,4363,10,0.0744
Ruby Lake NV,Ruby Lake,1970,11,1970-11-10,3895,10,0.0744
Ruby Lake NV,Ruby Lake,1970,12,1970-11-17,2010,10,0.0744
Ruby Lake NV,Ruby Lake,1970,13,1970-11-24,890,10,0.0744
Ruby Lake NV,Ruby Lake,1970,14,1970-12-01,685,10,0.0744
Ruby Lake NV,Ruby Lake,1970,15,1970-12-08,480,10,0.0744
Ruby Lake NV,Ruby Lake,1970,16,1970-12-15,425,10,0.0744
Ruby Lake NV,Ruby Lake,1971,1,1971-09-01,13100,10,0.0592
Ruby Lake NV,Ruby Lake,1971,2,1971-09-08,4180,10,0.0592
Ruby Lake NV,Ruby Lake,1971,3,1971-09-15,12910,10,0.0592
Ruby Lake NV,Ruby Lake,1971,4,1971-09-22,14500,10,0.0592
Ruby Lake NV,Ruby Lake,1971,5,1971-09-29,14240,10,0.0592
Ruby Lake NV,Ruby Lake,1971,6,1971-10-06,11050,10,0.0592
Ruby Lake NV,Ruby Lake,1971,7,1971-10-13,9985,10,0.0592
Ruby Lake NV,Ruby Lake,1971,8,1971-10-20,5855,10,0.0592
Ruby Lake NV,Ruby Lake,1971,9,1971-10-27,4120,10,0.0592
Ruby Lake NV,Ruby Lake,1971,10,1971-11-03,3130,10,0.0592
Ruby Lake NV,Ruby Lake,1971,11,1971-11-10,810,10,0.0592
Ruby Lake NV,Ruby Lake,1971,12,1971-11-17,760,10,0.0592
Ruby Lake NV,Ruby Lake,1971,13,1971-11-24,800,10,0.0592
Ruby Lake NV,Ruby Lake,1971,14,1971-12-01,820,10,0.0592
Ruby Lake NV,Ruby Lake,1971,15,1971-12-08,780,10,0.0592
Ruby Lake NV,Ruby Lake,1971,16,1971-12-15,780,10,0.0592
Ruby Lake NV,Ruby Lake,1971,17,1971-12-22,790,10,0.0592
Ruby Lake NV,28 Duck populations began increasing in ,1994,1,1994-09-01,5500,7,
Ruby Lake NV,28 Duck populations began increasing in ,1994,2,1994-09-08,2714,7,
Ruby Lake NV,28 Duck populations began increasing in ,1994,3,1994-09-15,3897,7,
Ruby Lake NV,28 Duck populations began increasing in ,1994,4,1994-09-22,2703,7,
Ruby Lake NV,28 Duck populations began increasing in ,1994,5,1994-09-29,3949,7,
Ruby Lake NV,28 Duck populations began increasing in ,1994,6,1994-10-06,3154,7,
Ruby Lake NV,28 Duck populations began increasing in ,1994,7,1994-10-13,4643,7,
Sacramento Valley,2-A SACRAMENTO MIGKAMONY WATERFOWL REFUG,1940,1,1940-09-01,216,8,
Sacramento Valley,2-A SACRAMENTO MIGKAMONY WATERFOWL REFUG,1940,2,1940-09-08,774,8,
Sacramento Valley,2-A SACRAMENTO MIGKAMONY WATERFOWL REFUG,1940,3,1940-09-15,598,8,
Sacramento Valley,2-A SACRAMENTO MIGKAMONY WATERFOWL REFUG,1940,4,1940-09-22,2917,8,
Sacramento Valley,2-A SACRAMENTO MIGKAMONY WATERFOWL REFUG,1940,5,1940-09-29,5463,8,
Sacramento Valley,2-A SACRAMENTO MIGKAMONY WATERFOWL REFUG,1940,6,1940-10-06,3535,8,
Sacramento Valley,2-A SACRAMENTO MIGKAMONY WATERFOWL REFUG,1940,7,1940-10-13,58039,8,
Sacramento Valley,2-A SACRAMENTO MIGKAMONY WATERFOWL REFUG,1940,8,1940-10-20,4988,8,
Sacramento Valley,ABUNDANCE CHART Aug-September-October 19,1941,1,1941-09-01,5154,6,
Sacramento Valley,ABUNDANCE CHART Aug-September-October 19,1941,2,1941-09-08,54,6,
Sacramento Valley,ABUNDANCE CHART Aug-September-October 19,1941,3,1941-09-15,13028,6,
Sacramento Valley,ABUNDANCE CHART Aug-September-October 19,1941,4,1941-09-22,20645,6,
Sacramento Valley,ABUNDANCE CHART Aug-September-October 19,1941,5,1941-09-29,57453,6,
Sacramento Valley,ABUNDANCE CHART Aug-September-October 19,1941,6,1941-10-06,2939965,6,
Sacramento Valley,Saeramento,1953,1,1953-09-01,65970,10,
Sacramento Valley,Saeramento,1953,2,1953-09-08,73190,10,
Sacramento Valley,Saeramento,1953,3,1953-09-15,80320,10,
Sacramento Valley,Saeramento,1953,4,1953-09-22,129400,10,
Sacramento Valley,Saeramento,1953,5,1953-09-29,162011,10,
Sacramento Valley,Saeramento,1953,6,1953-10-06,177322,10,
Sacramento Valley,Saeramento,1953,7,1953-10-13,110910,10,
Sacramento Valley,Saeramento,1953,8,1953-10-20,163186,10,
Sacramento Valley,Saeramento,1953,9,1953-10-27,312277,10,
Sacramento Valley,Saeramento,1953,10,1953-11-03,312080,10,
Sacramento Valley,Saeramento,1953,11,1953-11-10,369305,10,
Sacramento Valley,Saeramento,1953,12,1953-11-17,390100,10,
Sacramento Valley,Saeramento,1953,13,1953-11-24,164585,10,
Sacramento Valley,Saeramento,1953,14,1953-12-01,225129,10,
Sacramento Valley,Saeramento,1953,15,1953-12-08,315125,10,
Sacramento Valley,Saeramento,1953,16,1953-12-15,393720,10,
Sacramento Valley,Saeramento,1953,17,1953-12-22,438620,10,
Sacramento Valley,Saeramento,1953,18,1953-12-29,3199118,10,
Sacramento Valley,Coluea,1954,1,1954-09-01,22980,10,0.2144
Sacramento Valley,Coluea,1954,2,1954-09-08,39300,10,0.2144
Sacramento Valley,Coluea,1954,3,1954-09-15,56800,10,0.2144
Sacramento Valley,Coluea,1954,4,1954-09-22,29800,10,0.2144
Sacramento Valley,Coluea,1954,5,1954-09-29,19420,10,0.2144
Sacramento Valley,Coluea,1954,6,1954-10-06,8900,10,0.2144
Sacramento Valley,Coluea,1954,7,1954-10-13,23700,10,0.2144
Sacramento Valley,Coluea,1954,8,1954-10-20,245300,10,0.2144
Sacramento Valley,Coluea,1954,9,1954-10-27,90500,10,0.2144
Sacramento Valley,Coluea,1954,10,1954-11-03,203500,10,0.2144
Sacramento Valley,Coluea,1954,11,1954-11-10,205300,10,0.2144
Sacramento Valley,Coluea,1954,12,1954-11-17,98800,10,0.2144
Sacramento Valley,Coluea,1954,13,1954-11-24,33960,10,0.2144
Sacramento Valley,Coluea,1954,14,1954-12-01,92120,10,0.2144
Sacramento Valley,Coluea,1954,15,1954-12-08,194908,10,0.2144
Sacramento Valley,Seoramento,1955,1,1955-09-01,114252,10,0.0056
Sacramento Valley,Seoramento,1955,2,1955-09-08,116900,10,0.0056
Sacramento Valley,Seoramento,1955,3,1955-09-15,130540,10,0.0056
Sacramento Valley,Seoramento,1955,4,1955-09-22,144085,10,0.0056
Sacramento Valley,Seoramento,1955,5,1955-09-29,91420,10,0.0056
Sacramento Valley,Seoramento,1955,6,1955-10-06,88425,10,0.0056
Sacramento Valley,Seoramento,1955,7,1955-10-13,133240,10,0.0056
Sacramento Valley,Seoramento,1955,8,1955-10-20,270276,10,0.0056
Sacramento Valley,Seoramento,1955,9,1955-10-27,249365,10,0.0056
Sacramento Valley,Seoramento,1955,10,1955-11-03,322071,10,0.0056
Sacramento Valley,Seoramento,1955,11,1955-11-10,866385,10,0.0056
Sacramento Valley,Seoramento,1955,12,1955-11-17,416270,10,0.0056
Sacramento Valley,Seoramento,1955,13,1955-11-24,382300,10,0.0056
Sacramento Valley,Seoramento,1955,14,1955-12-01,2200001266342,10,0.0056
Sacramento Valley,Seoramento,1955,15,1955-12-08,226745,10,0.0056
Sacramento Valley,Seoramento,1955,16,1955-12-15,812725,10,0.0056
Sacramento Valley,Seoramento,1955,17,1955-12-22,780565,10,0.0056
Sacramento Valley,Seoramento,1955,18,1955-12-29,164530,10,0.0056
Sacramento Valley,Sacramento,1956,1,1956-09-01,108090,9,0.2011
Sacramento Valley,Sacramento,1956,2,1956-09-08,234560,9,0.2011
Sacramento Valley,Sacramento,1956,3,1956-09-15,214919,9,0.2011
Sacramento Valley,Sacramento,1956,4,1956-09-22,287235,9,0.2011
Sacramento Valley,Sacramento,1956,5,1956-09-29,313130,9,0.2011
Sacramento Valley,Sacramento,1956,6,1956-10-06,268922,9,0.2011
Sacramento Valley,Sacramento,1956,7,1956-10-13,140045,9,0.2011
Sacramento Valley,Sacramento,1956,8,1956-10-20,142462,9,0.2011
Sacramento Valley,Sacramento,1956,9,1956-10-27,179020,9,0.2011
Sacramento Valley,Sacramento,1956,11,1956-11-10,328125,9,0.2011
Sacramento Valley,Sacramento,1956,12,1956-11-17,1004829,9,0.2011
Sacramento Valley,Sacramento,1956,13,1956-11-24,745450,9,0.2011
Sacramento Valley,Sacramento,1956,14,1956-12-01,1245554,9,0.2011
Sacramento Valley,Sacramento,1956,15,1956-12-08,152292,9,0.2011
Sacramento Valley,Sacramento,1956,16,1956-12-15,101405,9,0.2011
Sacramento Valley,Saeramento,1957,1,1957-09-01,116721,10,0.2789
Sacramento Valley,Saeramento,1957,2,1957-09-08,238774,10,0.2789
Sacramento Valley,Saeramento,1957,3,1957-09-15,63216,10,0.2789
Sacramento Valley,Saeramento,1957,4,1957-09-22,687016,10,0.2789
Sacramento Valley,Saeramento,1957,5,1957-09-29,470368,10,0.2789
Sacramento Valley,Saeramento,1957,6,1957-10-06,421557,10,0.2789
Sacramento Valley,Saeramento,1957,7,1957-10-13,494316,10,0.2789
Sacramento Valley,Saeramento,1957,8,1957-10-20,521300,10,0.2789
Sacramento Valley,Saeramento,1957,9,1957-10-27,395750,10,0.2789
Sacramento Valley,Saeramento,1957,10,1957-11-03,623976,10,0.2789
Sacramento Valley,Saeramento,1957,11,1957-11-10,856805,10,0.2789
Sacramento Valley,Saeramento,1957,12,1957-11-17,434975,10,0.2789
Sacramento Valley,Saeramento,1957,13,1957-11-24,476565,10,0.2789
Sacramento Valley,Saeramento,1957,14,1957-12-01,1576170,10,0.2789
Sacramento Valley,Saeramento,1957,15,1957-12-08,770532,10,0.2789
Sacramento Valley,Saeramento,1957,16,1957-12-15,1906666,10,0.2789
Sacramento Valley,Sacramento Refuge,1958,1,1958-09-01,276798,9,0.281
Sacramento Valley,Sacramento Refuge,1958,2,1958-09-08,405440,9,0.281
Sacramento Valley,Sacramento Refuge,1958,3,1958-09-15,343215,9,0.281
Sacramento Valley,Sacramento Refuge,1958,4,1958-09-22,386560,9,0.281
Sacramento Valley,Sacramento Refuge,1958,5,1958-09-29,482602,9,0.281
Sacramento Valley,Sacramento Refuge,1958,6,1958-10-06,280095,9,0.281
Sacramento Valley,Sacramento Refuge,1958,7,1958-10-13,566855,9,0.281
Sacramento Valley,Sacramento Refuge,1958,8,1958-10-20,650665,9,0.281
Sacramento Valley,Sacramento Refuge,1958,9,1958-10-27,775176,9,0.281
Sacramento Valley,Sacramento Refuge,1958,11,1958-11-10,1321010,9,0.281
Sacramento Valley,Sacramento Refuge,1958,12,1958-11-17,1293335,9,0.281
Sacramento Valley,Sacramento Refuge,1958,13,1958-11-24,1041750,9,0.281
Sacramento Valley,Sacramento Refuge,1958,14,1958-12-01,615975,9,0.281
Sacramento Valley,Sacramento Refuge,1958,15,1958-12-08,811885,9,0.281
Sacramento Valley,Saoramento Refuge,1959,1,1959-09-01,3645,10,0.3125
Sacramento Valley,Saoramento Refuge,1959,2,1959-09-08,3635,10,0.3125
Sacramento Valley,Saoramento Refuge,1959,3,1959-09-15,16340,10,0.3125
Sacramento Valley,Saoramento Refuge,1959,4,1959-09-22,23155,10,0.3125
Sacramento Valley,Saoramento Refuge,1959,5,1959-09-29,15660,10,0.3125
Sacramento Valley,Saoramento Refuge,1959,6,1959-10-06,32095,10,0.3125
Sacramento Valley,Saoramento Refuge,1959,7,1959-10-13,77770,10,0.3125
Sacramento Valley,Saoramento Refuge,1959,8,1959-10-20,174010,10,0.3125
Sacramento Valley,Saoramento Refuge,1959,9,1959-10-27,96375,10,0.3125
Sacramento Valley,Saoramento Refuge,1959,10,1959-11-03,220185,10,0.3125
Sacramento Valley,Saoramento Refuge,1959,11,1959-11-10,441285,10,0.3125
Sacramento Valley,Saoramento Refuge,1959,12,1959-11-17,640575,10,0.3125
Sacramento Valley,Saoramento Refuge,1959,13,1959-11-24,617060,10,0.3125
Sacramento Valley,Saoramento Refuge,1959,14,1959-12-01,705102,10,0.3125
Sacramento Valley,Saoramento Refuge,1959,15,1959-12-08,796175,10,0.3125
Sacramento Valley,Coluse,1960,1,1960-09-01,15060,10,
Sacramento Valley,Coluse,1960,2,1960-09-08,30120,10,
Sacramento Valley,Coluse,1960,3,1960-09-15,703930,10,
Sacramento Valley,Coluse,1960,4,1960-09-22,353800,10,
Sacramento Valley,Coluse,1960,5,1960-09-29,282290,10,
Sacramento Valley,Coluse,1960,6,1960-10-06,43350,10,
Sacramento Valley,Coluse,1960,7,1960-10-13,24018,10,
Sacramento Valley,Coluse,1960,8,1960-10-20,41171,10,
Sacramento Valley,Coluse,1960,9,1960-10-27,42210,10,
Sacramento Valley,Coluse,1960,10,1960-11-03,63450,10,
Sacramento Valley,Coluse,1960,11,1960-11-10,84570,10,
Sacramento Valley,Coluse,1960,12,1960-11-17,24016,10,
Sacramento Valley,Coluse,1960,13,1960-11-24,74605,10,
Sacramento Valley,Coluse,1960,14,1960-12-01,75220,10,
Sacramento Valley,Coluse,1960,15,1960-12-08,16189138,10,
Sacramento Valley,Sacramento,1961,1,1961-09-01,76900,10,0.05
Sacramento Valley,Sacramento,1961,2,1961-09-08,97240,10,0.05
Sacramento Valley,Sacramento,1961,3,1961-09-15,71760,10,0.05
Sacramento Valley,Sacramento,1961,4,1961-09-22,362693,10,0.05
Sacramento Valley,Sacramento,1961,5,1961-09-29,121400,10,0.05
Sacramento Valley,Sacramento,1961,6,1961-10-06,341800,10,0.05
Sacramento Valley,Sacramento,1961,7,1961-10-13,648200,10,0.05
Sacramento Valley,Sacramento,1961,8,1961-10-20,231120,10,0.05
Sacramento Valley,Sacramento,1961,9,1961-10-27,261120,10,0.05
Sacramento Valley,Sacramento,1961,10,1961-11-03,244020,10,0.05
Sacramento Valley,Sacramento,1961,11,1961-11-10,371720,10,0.05
Sacramento Valley,Sacramento,1961,12,1961-11-17,862000,10,0.05
Sacramento Valley,Sacramento,1961,13,1961-11-24,781900,10,0.05
Sacramento Valley,Sacramento,1961,14,1961-12-01,752500,10,0.05
Sacramento Valley,Sacramento,1961,15,1961-12-08,471200,10,0.05
Sacramento Valley,Sacramento,1961,16,1961-12-15,533250,10,0.05
Sacramento Valley,Sacramento,1961,17,1961-12-22,985370,10,0.05
Sacramento Valley,Sacramento,1962,1,1962-09-01,48300,10,0.0424
Sacramento Valley,Sacramento,1962,2,1962-09-08,78200,10,0.0424
Sacramento Valley,Sacramento,1962,3,1962-09-15,100300,10,0.0424
Sacramento Valley,Sacramento,1962,4,1962-09-22,135500,10,0.0424
Sacramento Valley,Sacramento,1962,5,1962-09-29,208700,10,0.0424
Sacramento Valley,Sacramento,1962,6,1962-10-06,228930,10,0.0424
Sacramento Valley,Sacramento,1962,7,1962-10-13,319000,10,0.0424
Sacramento Valley,Sacramento,1962,8,1962-10-20,441300,10,0.0424
Sacramento Valley,Sacramento,1962,9,1962-10-27,509200,10,0.0424
Sacramento Valley,Sacramento,1962,10,1962-11-03,280990,10,0.0424
Sacramento Valley,Sacramento,1962,11,1962-11-10,246000,10,0.0424
Sacramento Valley,Sacramento,1962,12,1962-11-17,46080,10,0.0424
Sacramento Valley,Sacramento,1962,13,1962-11-24,132100,10,0.0424
Sacramento Valley,Sacramento,1962,14,1962-12-01,316100,10,0.0424
Sacramento Valley,Sacramento,1962,15,1962-12-08,680550,10,0.0424
Sacramento Valley,Sacramento,1962,16,1962-12-15,800500,10,0.0424
Sacramento Valley,Sacramento,1962,17,1962-12-22,580900,10,0.0424
Sacramento Valley,Sacramento,1963,1,1963-09-01,91300,10,0.0301
Sacramento Valley,Sacramento,1963,2,1963-09-08,108000,10,0.0301
Sacramento Valley,Sacramento,1963,3,1963-09-15,163700,10,0.0301
Sacramento Valley,Sacramento,1963,4,1963-09-22,216100,10,0.0301
Sacramento Valley,Sacramento,1963,5,1963-09-29,233800,10,0.0301
Sacramento Valley,Sacramento,1963,6,1963-10-06,317000,10,0.0301
Sacramento Valley,Sacramento,1963,7,1963-10-13,473700,10,0.0301
Sacramento Valley,Sacramento,1963,8,1963-10-20,431900,10,0.0301
Sacramento Valley,Sacramento,1963,9,1963-10-27,311300,10,0.0301
Sacramento Valley,Sacramento,1963,10,1963-11-03,534940,10,0.0301
Sacramento Valley,Sacramento,1963,11,1963-11-10,743300,10,0.0301
Sacramento Valley,Sacramento,1963,12,1963-11-17,583300,10,0.0301
Sacramento Valley,Sacramento,1963,13,1963-11-24,364300,10,0.0301
Sacramento Valley,Sacramento,1963,14,1963-12-01,1111200,10,0.0301
Sacramento Valley,Sacramento,1963,15,1963-12-08,202700,10,0.0301
Sacramento Valley,Sacramento,1963,16,1963-12-15,414900,10,0.0301
Sacramento Valley,Sacramento,1963,17,1963-12-22,414900,10,0.0301
Sacramento Valley,SACRAMINTO,1964,1,1964-09-01,76250,10,0.0344
Sacramento Valley,SACRAMINTO,1964,2,1964-09-08,19675,10,0.0344
Sacramento Valley,SACRAMINTO,1964,3,1964-09-15,120400,10,0.0344
Sacramento Valley,SACRAMINTO,1964,4,1964-09-22,13100,10,0.0344
Sacramento Valley,SACRAMINTO,1964,5,1964-09-29,68125,10,0.0344
Sacramento Valley,SACRAMINTO,1964,6,1964-10-06,233850,10,0.0344
Sacramento Valley,SACRAMINTO,1964,7,1964-10-13,241000,10,0.0344
Sacramento Valley,SACRAMINTO,1964,8,1964-10-20,313500,10,0.0344
Sacramento Valley,SACRAMINTO,1964,9,1964-10-27,335500,10,0.0344
Sacramento Valley,SACRAMINTO,1964,10,1964-11-03,336350,10,0.0344
Sacramento Valley,SACRAMINTO,1964,11,1964-11-10,478070,10,0.0344
Sacramento Valley,SACRAMINTO,1964,12,1964-11-17,572000459150,10,0.0344
Sacramento Valley,SACRAMINTO,1964,13,1964-11-24,26700,10,0.0344
Sacramento Valley,SACRAMINTO,1964,14,1964-12-01,212200,10,0.0344
Sacramento Valley,SACRAMINTO,1964,15,1964-12-08,226700,10,0.0344
Sacramento Valley,SACRAMINTO,1964,16,1964-12-15,110650,10,0.0344
Sacramento Valley,SACRAMINTO,1964,17,1964-12-22,162650,10,0.0344
Sacramento Valley,SACRAMRYTO,1965,1,1965-09-01,98825,10,0.4458
Sacramento Valley,SACRAMRYTO,1965,2,1965-09-08,101100,10,0.4458
Sacramento Valley,SACRAMRYTO,1965,3,1965-09-15,72600,10,0.4458
Sacramento Valley,SACRAMRYTO,1965,4,1965-09-22,69500,10,0.4458
Sacramento Valley,SACRAMRYTO,1965,5,1965-09-29,143100,10,0.4458
Sacramento Valley,SACRAMRYTO,1965,6,1965-10-06,142200,10,0.4458
Sacramento Valley,SACRAMRYTO,1965,7,1965-10-13,72550,10,0.4458
Sacramento Valley,SACRAMRYTO,1965,8,1965-10-20,109100,10,0.4458
Sacramento Valley,SACRAMRYTO,1965,9,1965-10-27,137800,10,0.4458
Sacramento Valley,SACRAMRYTO,1965,10,1965-11-03,163300,10,0.4458
Sacramento Valley,SACRAMRYTO,1965,11,1965-11-10,75809,10,0.4458
Sacramento Valley,SACRAMRYTO,1965,12,1965-11-17,76000,10,0.4458
Sacramento Valley,SACRAMRYTO,1965,13,1965-11-24,82700,10,0.4458
Sacramento Valley,SACRAMRYTO,1965,14,1965-12-01,103609,10,0.4458
Sacramento Valley,SACRAMRYTO,1965,15,1965-12-08,123600,10,0.4458
Sacramento Valley,SACRAMRYTO,1965,16,1965-12-15,58100,10,0.4458
Sacramento Valley,SACRAMRYTO,1965,17,1965-12-22,82800,10,0.4458
Sacramento Valley,SAGRAMENTO,1966,1,1966-09-01,73500,10,0.0018
Sacramento Valley,SAGRAMENTO,1966,2,1966-09-08,169000,10,0.0018
Sacramento Valley,SAGRAMENTO,1966,3,1966-09-15,88920,10,0.0018
Sacramento Valley,SAGRAMENTO,1966,4,1966-09-22,64150,10,0.0018
Sacramento Valley,SAGRAMENTO,1966,5,1966-09-29,77350,10,0.0018
Sacramento Valley,SAGRAMENTO,1966,6,1966-10-06,140300,10,0.0018
Sacramento Valley,SAGRAMENTO,1966,7,1966-10-13,151220,10,0.0018
Sacramento Valley,SAGRAMENTO,1966,8,1966-10-20,142700,10,0.0018
Sacramento Valley,SAGRAMENTO,1966,9,1966-10-27,142730,10,0.0018
Sacramento Valley,SAGRAMENTO,1966,10,1966-11-03,76340,10,0.0018
Sacramento Valley,SAGRAMENTO,1966,11,1966-11-10,592850,10,0.0018
Sacramento Valley,SAGRAMENTO,1966,12,1966-11-17,742500,10,0.0018
Sacramento Valley,SAGRAMENTO,1966,13,1966-11-24,808800,10,0.0018
Sacramento Valley,SAGRAMENTO,1966,14,1966-12-01,906550,10,0.0018
Sacramento Valley,SAGRAMENTO,1966,15,1966-12-08,595452,10,0.0018
Sacramento Valley,SAGRAMENTO,1966,16,1966-12-15,203200,10,0.0018
Sacramento Valley,SAGRAMENTO,1966,17,1966-12-22,261550,10,0.0018
Sacramento Valley,RACEAIISAN,1967,1,1967-09-01,8000,7,
Sacramento Valley,RACEAIISAN,1967,2,1967-09-08,34550,7,
Sacramento Valley,RACEAIISAN,1967,3,1967-09-15,30000,7,
Sacramento Valley,RACEAIISAN,1967,4,1967-09-22,40000,7,
Sacramento Valley,RACEAIISAN,1967,5,1967-09-29,64150,7,
Sacramento Valley,RACEAIISAN,1967,6,1967-10-06,115425,7,
Sacramento Valley,RACEAIISAN,1967,7,1967-10-13,217600,7,
Sacramento Valley,RACEAIISAN,1967,11,1967-11-10,191510,7,
Sacramento Valley,RACEAIISAN,1967,12,1967-11-17,175600,7,
Sacramento Valley,RACEAIISAN,1967,13,1967-11-24,122370,7,
Sacramento Valley,RACEAIISAN,1967,14,1967-12-01,500,7,
Sacramento Valley,RACEAIISAN,1967,15,1967-12-08,545,7,
Sacramento Valley,RACEAIISAN,1967,16,1967-12-15,160500,7,
Sacramento Valley,RACEAIISAN,1967,17,1967-12-22,150500,7,
Sacramento Valley,RACEAIISAN,1967,18,1967-12-29,10907560,7,
Sacramento Valley,BACRAMEITO,1968,1,1968-09-01,12060,10,0.7809
Sacramento Valley,BACRAMEITO,1968,2,1968-09-08,10190,10,0.7809
Sacramento Valley,BACRAMEITO,1968,3,1968-09-15,108200,10,0.7809
Sacramento Valley,BACRAMEITO,1968,4,1968-09-22,203900,10,0.7809
Sacramento Valley,BACRAMEITO,1968,5,1968-09-29,285950,10,0.7809
Sacramento Valley,BACRAMEITO,1968,6,1968-10-06,40450,10,0.7809
Sacramento Valley,BACRAMEITO,1968,7,1968-10-13,284500,10,0.7809
Sacramento Valley,BACRAMEITO,1968,8,1968-10-20,134660,10,0.7809
Sacramento Valley,BACRAMEITO,1968,9,1968-10-27,105350,10,0.7809
Sacramento Valley,BACRAMEITO,1968,10,1968-11-03,147250,10,0.7809
Sacramento Valley,BACRAMEITO,1968,11,1968-11-10,150,10,0.7809
Sacramento Valley,BACRAMEITO,1968,12,1968-11-17,150,10,0.7809
Sacramento Valley,BACRAMEITO,1968,13,1968-11-24,285650,10,0.7809
Sacramento Valley,BACRAMEITO,1968,14,1968-12-01,107130,10,0.7809
Sacramento Valley,BACRAMEITO,1968,15,1968-12-08,584285,10,0.7809
Sacramento Valley,BACRAMEITO,1968,16,1968-12-15,295075,10,0.7809
Sacramento Valley,SACRAMETTO,1969,1,1969-09-01,4900,10,0.0667
Sacramento Valley,SACRAMETTO,1969,2,1969-09-08,61750,10,0.0667
Sacramento Valley,SACRAMETTO,1969,3,1969-09-15,60300,10,0.0667
Sacramento Valley,SACRAMETTO,1969,4,1969-09-22,79300,10,0.0667
Sacramento Valley,SACRAMETTO,1969,5,1969-09-29,92500,10,0.0667
Sacramento Valley,SACRAMETTO,1969,6,1969-10-06,155700,10,0.0667
Sacramento Valley,SACRAMETTO,1969,7,1969-10-13,145200,10,0.0667
Sacramento Valley,SACRAMETTO,1969,8,1969-10-20,169675,10,0.0667
Sacramento Valley,SACRAMETTO,1969,9,1969-10-27,124350,10,0.0667
Sacramento Valley,SACRAMETTO,1969,10,1969-11-03,223350,10,0.0667
Sacramento Valley,SACRAMETTO,1969,11,1969-11-10,127950,10,0.0667
Sacramento Valley,SACRAMETTO,1969,12,1969-11-17,82210,10,0.0667
Sacramento Valley,SACRAMETTO,1969,13,1969-11-24,229560,10,0.0667
Sacramento Valley,SACRAMETTO,1969,14,1969-12-01,191860,10,0.0667
Sacramento Valley,SACRAMETTO,1969,15,1969-12-08,122370,10,0.0667
Sacramento Valley,SACRAMETTO,1969,16,1969-12-15,252370,10,0.0667
Sacramento Valley,SACRAMETTO,1969,17,1969-12-22,92345,10,0.0667
Sacramento Valley,SACRAMETTO,1969,18,1969-12-29,392570,10,0.0667
Sacramento Valley,SACRAXEITO,1970,1,1970-09-01,6200,10,
Sacramento Valley,SACRAXEITO,1970,2,1970-09-08,1000,10,
Sacramento Valley,SACRAXEITO,1970,3,1970-09-15,1500,10,
Sacramento Valley,SACRAXEITO,1970,4,1970-09-22,92180,10,
Sacramento Valley,SACRAXEITO,1970,5,1970-09-29,144430,10,
Sacramento Valley,SACRAXEITO,1970,6,1970-10-06,16400,10,
Sacramento Valley,SACRAXEITO,1970,7,1970-10-13,151450,10,
Sacramento Valley,SACRAXEITO,1970,8,1970-10-20,162320,10,
Sacramento Valley,SACRAXEITO,1970,9,1970-10-27,132140,10,
Sacramento Valley,SACRAXEITO,1970,10,1970-11-03,224530,10,
Sacramento Valley,SACRAXEITO,1970,11,1970-11-10,100480,10,
Sacramento Valley,SACRAXEITO,1970,12,1970-11-17,9250,10,
Sacramento Valley,SACRAXEITO,1970,13,1970-11-24,20620,10,
Sacramento Valley,SACRAXEITO,1970,14,1970-12-01,244610,10,
Sacramento Valley,SACRAXEITO,1970,15,1970-12-08,235365,10,
Sacramento Valley,SACRAXEITO,1970,16,1970-12-15,26460,10,
Sacramento Valley,SACRAXEITO,1970,17,1970-12-22,30665,10,
Sacramento Valley,SACRAXEITO,1970,18,1970-12-29,225540,10,
Sacramento Valley,SACRAXEITO,1970,19,1971-01-05,10841,10,
Salt Plains,3-1750 Form NR-1 (Rev. March 1953) WATER,1953,1,1953-09-01,23,10,0.4162
Salt Plains,3-1750 Form NR-1 (Rev. March 1953) WATER,1953,2,1953-09-08,63,10,0.4162
Salt Plains,3-1750 Form NR-1 (Rev. March 1953) WATER,1953,3,1953-09-15,150,10,0.4162
Salt Plains,3-1750 Form NR-1 (Rev. March 1953) WATER,1953,4,1953-09-22,135,10,0.4162
Salt Plains,3-1750 Form NR-1 (Rev. March 1953) WATER,1953,5,1953-09-29,150,10,0.4162
Salt Plains,3-1750 Form NR-1 (Rev. March 1953) WATER,1953,6,1953-10-06,250,10,0.4162
Salt Plains,3-1750 Form NR-1 (Rev. March 1953) WATER,1953,7,1953-10-13,1003,10,0.4162
Salt Plains,3-1750 Form NR-1 (Rev. March 1953) WATER,1953,8,1953-10-20,2000,10,0.4162
Salt Plains,3-1750 Form NR-1 (Rev. March 1953) WATER,1953,9,1953-10-27,6020,10,0.4162
Salt Plains,3-1750 Form NR-1 (Rev. March 1953) WATER,1953,10,1953-11-03,8970,10,0.4162
Salt Plains,3-1750 Form NR-1 (Rev. March 1953) WATER,1953,11,1953-11-10,12660,10,0.4162
Salt Plains,3-1750 Form NR-1 (Rev. March 1953) WATER,1953,12,1953-11-17,19131,10,0.4162
Salt Plains,3-1750 Form NR-1 (Rev. March 1953) WATER,1953,13,1953-11-24,130,10,0.4162
Salt Plains,3-1750 Form NR-1 (Rev. March 1953) WATER,1953,14,1953-12-01,25130,10,0.4162
Salt Plains,3-1750 Form NR-1 (Rev. March 1953) WATER,1953,15,1953-12-08,22440,10,0.4162
Salt Plains,3-1750 Form NR-1 (Rev. March 1953) WATER,1953,16,1953-12-15,20320,10,0.4162
Salt Plains,3-1750 Form NR-1 (Rev. March 1953) WATER,1953,17,1953-12-22,82120,10,0.4162
Salt Plains,3-1750 Form NR-1 (Rev. March 1953) WATER,1953,18,1953-12-29,20840,10,0.4162
Salt Plains,Salt Plains liat'1 Wildlife Refuge,1954,1,1954-09-01,437,10,0.0
Salt Plains,Salt Plains liat'1 Wildlife Refuge,1954,2,1954-09-08,190,10,0.0
Salt Plains,Salt Plains liat'1 Wildlife Refuge,1954,3,1954-09-15,200,10,0.0
Salt Plains,Salt Plains liat'1 Wildlife Refuge,1954,4,1954-09-22,250,10,0.0
Salt Plains,Salt Plains liat'1 Wildlife Refuge,1954,5,1954-09-29,330,10,0.0
Salt Plains,Salt Plains liat'1 Wildlife Refuge,1954,6,1954-10-06,520,10,0.0
Salt Plains,Salt Plains liat'1 Wildlife Refuge,1954,7,1954-10-13,1487,10,0.0
Salt Plains,Salt Plains liat'1 Wildlife Refuge,1954,8,1954-10-20,2362,10,0.0
Salt Plains,Salt Plains liat'1 Wildlife Refuge,1954,9,1954-10-27,3240,10,0.0
Salt Plains,Salt Plains liat'1 Wildlife Refuge,1954,10,1954-11-03,3620,10,0.0
Salt Plains,Salt Plains liat'1 Wildlife Refuge,1954,11,1954-11-10,3020,10,0.0
Salt Plains,Salt Plains liat'1 Wildlife Refuge,1954,12,1954-11-17,2630,10,0.0
Salt Plains,Salt Plains liat'1 Wildlife Refuge,1954,13,1954-11-24,2030,10,0.0
Salt Plains,Salt Plains liat'1 Wildlife Refuge,1954,14,1954-12-01,6730,10,0.0
Salt Plains,Salt Plains liat'1 Wildlife Refuge,1954,15,1954-12-08,8350,10,0.0
Salt Plains,Salt Plains liat'1 Wildlife Refuge,1954,16,1954-12-15,6670,10,0.0
Salt Plains,Salt Plains liat'1 Wildlife Refuge,1954,17,1954-12-22,11745,10,0.0
Salt Plains,Salt Plains liat'1 Wildlife Refuge,1954,18,1954-12-29,13225,10,0.0
Salt Plains,8alt Plaine Natr1 #lidlife Rafor,1955,1,1955-09-01,230,9,0.1496
Salt Plains,8alt Plaine Natr1 #lidlife Rafor,1955,2,1955-09-08,230,9,0.1496
Salt Plains,8alt Plaine Natr1 #lidlife Rafor,1955,3,1955-09-15,195,9,0.1496
Salt Plains,8alt Plaine Natr1 #lidlife Rafor,1955,4,1955-09-22,200,9,0.1496
Salt Plains,8alt Plaine Natr1 #lidlife Rafor,1955,5,1955-09-29,280,9,0.1496
Salt Plains,8alt Plaine Natr1 #lidlife Rafor,1955,6,1955-10-06,2880,9,0.1496
Salt Plains,8alt Plaine Natr1 #lidlife Rafor,1955,7,1955-10-13,6940,9,0.1496
Salt Plains,8alt Plaine Natr1 #lidlife Rafor,1955,8,1955-10-20,14940,9,0.1496
Salt Plains,8alt Plaine Natr1 #lidlife Rafor,1955,9,1955-10-27,18410,9,0.1496
Salt Plains,8alt Plaine Natr1 #lidlife Rafor,1955,11,1955-11-10,19770,9,0.1496
Salt Plains,8alt Plaine Natr1 #lidlife Rafor,1955,12,1955-11-17,20340,9,0.1496
Salt Plains,8alt Plaine Natr1 #lidlife Rafor,1955,13,1955-11-24,31440,9,0.1496
Salt Plains,8alt Plaine Natr1 #lidlife Rafor,1955,14,1955-12-01,30920,9,0.1496
Salt Plains,8alt Plaine Natr1 #lidlife Rafor,1955,15,1955-12-08,36527,9,0.1496
Salt Plains,8alt Plaine Natr1 #lidlife Rafor,1955,16,1955-12-15,55570,9,0.1496
Salt Plains,8alt Plaine Natr1 #lidlife Rafor,1955,17,1955-12-22,50140,9,0.1496
Salt Plains,3-1750 Form NR-1 (Rev. March 1953) WATER,1957,1,1957-09-01,200,10,0.1019
Salt Plains,3-1750 Form NR-1 (Rev. March 1953) WATER,1957,2,1957-09-08,200,10,0.1019
Salt Plains,3-1750 Form NR-1 (Rev. March 1953) WATER,1957,3,1957-09-15,200,10,0.1019
Salt Plains,3-1750 Form NR-1 (Rev. March 1953) WATER,1957,4,1957-09-22,200,10,0.1019
Salt Plains,3-1750 Form NR-1 (Rev. March 1953) WATER,1957,5,1957-09-29,200,10,0.1019
Salt Plains,3-1750 Form NR-1 (Rev. March 1953) WATER,1957,6,1957-10-06,500,10,0.1019
Salt Plains,3-1750 Form NR-1 (Rev. March 1953) WATER,1957,7,1957-10-13,5925,10,0.1019
Salt Plains,3-1750 Form NR-1 (Rev. March 1953) WATER,1957,8,1957-10-20,17900,10,0.1019
Salt Plains,3-1750 Form NR-1 (Rev. March 1953) WATER,1957,9,1957-10-27,18900,10,0.1019
Salt Plains,3-1750 Form NR-1 (Rev. March 1953) WATER,1957,10,1957-11-03,18600,10,0.1019
Salt Plains,3-1750 Form NR-1 (Rev. March 1953) WATER,1957,11,1957-11-10,37500,10,0.1019
Salt Plains,3-1750 Form NR-1 (Rev. March 1953) WATER,1957,12,1957-11-17,17100,10,0.1019
Salt Plains,3-1750 Form NR-1 (Rev. March 1953) WATER,1957,13,1957-11-24,19110,10,0.1019
Salt Plains,3-1750 Form NR-1 (Rev. March 1953) WATER,1957,14,1957-12-01,25445,10,0.1019
Salt Plains,3-1750 Form NR-1 (Rev. March 1953) WATER,1957,15,1957-12-08,44850,10,0.1019
Salt Plains,3-1750 Form NR-1 (Rev. March 1953) WATER,1957,16,1957-12-15,43855,10,0.1019
Salt Plains,3-1750 Form NR-1 (Rev. March 1953) WATER,1957,17,1957-12-22,40955,10,0.1019
Salt Plains,3-1750 Form NR-1 (Rev. March 1953) WATER,1957,18,1957-12-29,38557,10,0.1019
Salt Plains,3-1750 FOrT NR-1 (Rev. March 1953) WATER,1958,1,1958-09-01,1350,10,0.0339
Salt Plains,3-1750 FOrT NR-1 (Rev. March 1953) WATER,1958,2,1958-09-08,1301,10,0.0339
Salt Plains,3-1750 FOrT NR-1 (Rev. March 1953) WATER,1958,3,1958-09-15,1210,10,0.0339
Salt Plains,3-1750 FOrT NR-1 (Rev. March 1953) WATER,1958,4,1958-09-22,1736,10,0.0339
Salt Plains,3-1750 FOrT NR-1 (Rev. March 1953) WATER,1958,5,1958-09-29,2541,10,0.0339
Salt Plains,3-1750 FOrT NR-1 (Rev. March 1953) WATER,1958,6,1958-10-06,8677,10,0.0339
Salt Plains,3-1750 FOrT NR-1 (Rev. March 1953) WATER,1958,7,1958-10-13,12057,10,0.0339
Salt Plains,3-1750 FOrT NR-1 (Rev. March 1953) WATER,1958,8,1958-10-20,15057,10,0.0339
Salt Plains,3-1750 FOrT NR-1 (Rev. March 1953) WATER,1958,9,1958-10-27,26062,10,0.0339
Salt Plains,3-1750 FOrT NR-1 (Rev. March 1953) WATER,1958,10,1958-11-03,42144,10,0.0339
Salt Plains,3-1750 FOrT NR-1 (Rev. March 1953) WATER,1958,11,1958-11-10,49862,10,0.0339
Salt Plains,3-1750 FOrT NR-1 (Rev. March 1953) WATER,1958,12,1958-11-17,57856,10,0.0339
Salt Plains,3-1750 FOrT NR-1 (Rev. March 1953) WATER,1958,13,1958-11-24,58668,10,0.0339
Salt Plains,3-1750 FOrT NR-1 (Rev. March 1953) WATER,1958,14,1958-12-01,57626,10,0.0339
Salt Plains,3-1750 FOrT NR-1 (Rev. March 1953) WATER,1958,15,1958-12-08,52290,10,0.0339
Salt Plains,3-1750 FOrT NR-1 (Rev. March 1953) WATER,1958,16,1958-12-15,16130,10,0.0339
Salt Plains,3-1750 FOrT NR-1 (Rev. March 1953) WATER,1958,17,1958-12-22,9155,10,0.0339
Salt Plains,3-1750 FOrT NR-1 (Rev. March 1953) WATER,1958,18,1958-12-29,5939,10,0.0339
Salt Plains,NATIRTOWL Salt Plains National Wildlife ,1959,1,1959-09-01,243,10,0.0876
Salt Plains,NATIRTOWL Salt Plains National Wildlife ,1959,2,1959-09-08,426,10,0.0876
Salt Plains,NATIRTOWL Salt Plains National Wildlife ,1959,3,1959-09-15,540,10,0.0876
Salt Plains,NATIRTOWL Salt Plains National Wildlife ,1959,4,1959-09-22,5050,10,0.0876
Salt Plains,NATIRTOWL Salt Plains National Wildlife ,1959,5,1959-09-29,5350,10,0.0876
Salt Plains,NATIRTOWL Salt Plains National Wildlife ,1959,6,1959-10-06,4920,10,0.0876
Salt Plains,NATIRTOWL Salt Plains National Wildlife ,1959,7,1959-10-13,5375,10,0.0876
Salt Plains,NATIRTOWL Salt Plains National Wildlife ,1959,8,1959-10-20,4280,10,0.0876
Salt Plains,NATIRTOWL Salt Plains National Wildlife ,1959,9,1959-10-27,5695,10,0.0876
Salt Plains,NATIRTOWL Salt Plains National Wildlife ,1959,10,1959-11-03,11333,10,0.0876
Salt Plains,NATIRTOWL Salt Plains National Wildlife ,1959,11,1959-11-10,17702,10,0.0876
Salt Plains,NATIRTOWL Salt Plains National Wildlife ,1959,12,1959-11-17,22030,10,0.0876
Salt Plains,NATIRTOWL Salt Plains National Wildlife ,1959,13,1959-11-24,22741,10,0.0876
Salt Plains,NATIRTOWL Salt Plains National Wildlife ,1959,14,1959-12-01,18730,10,0.0876
Salt Plains,NATIRTOWL Salt Plains National Wildlife ,1959,15,1959-12-08,18639,10,0.0876
Salt Plains,NATIRTOWL Salt Plains National Wildlife ,1959,16,1959-12-15,14608,10,0.0876
Salt Plains,NATIRTOWL Salt Plains National Wildlife ,1959,17,1959-12-22,20783,10,0.0876
Salt Plains,NATIRTOWL Salt Plains National Wildlife ,1959,18,1959-12-29,11556,10,0.0876
Salt Plains,Salt Plains Refuge,1960,1,1960-09-01,600,10,0.104
Salt Plains,Salt Plains Refuge,1960,2,1960-09-08,840,10,0.104
Salt Plains,Salt Plains Refuge,1960,3,1960-09-15,3950,10,0.104
Salt Plains,Salt Plains Refuge,1960,4,1960-09-22,6930,10,0.104
Salt Plains,Salt Plains Refuge,1960,5,1960-09-29,2998,10,0.104
Salt Plains,Salt Plains Refuge,1960,6,1960-10-06,1923,10,0.104
Salt Plains,Salt Plains Refuge,1960,7,1960-10-13,10213,10,0.104
Salt Plains,Salt Plains Refuge,1960,8,1960-10-20,9658,10,0.104
Salt Plains,Salt Plains Refuge,1960,9,1960-10-27,15590,10,0.104
Salt Plains,Salt Plains Refuge,1960,10,1960-11-03,7130,10,0.104
Salt Plains,Salt Plains Refuge,1960,11,1960-11-10,9710,10,0.104
Salt Plains,Salt Plains Refuge,1960,12,1960-11-17,7360,10,0.104
Salt Plains,Salt Plains Refuge,1960,13,1960-11-24,11380,10,0.104
Salt Plains,Salt Plains Refuge,1960,14,1960-12-01,7890,10,0.104
Salt Plains,Salt Plains Refuge,1960,15,1960-12-08,7060,10,0.104
Salt Plains,Salt Plains Refuge,1960,16,1960-12-15,8910,10,0.104
Salt Plains,Salt Plains Refuge,1960,17,1960-12-22,13080,10,0.104
Salt Plains,Salt Plaina Refuge,1961,1,1961-09-01,180,10,0.2346
Salt Plains,Salt Plaina Refuge,1961,2,1961-09-08,840,10,0.2346
Salt Plains,Salt Plaina Refuge,1961,3,1961-09-15,1490,10,0.2346
Salt Plains,Salt Plaina Refuge,1961,4,1961-09-22,2720,10,0.2346
Salt Plains,Salt Plaina Refuge,1961,5,1961-09-29,2011,10,0.2346
Salt Plains,Salt Plaina Refuge,1961,6,1961-10-06,3270,10,0.2346
Salt Plains,Salt Plaina Refuge,1961,7,1961-10-13,1700,10,0.2346
Salt Plains,Salt Plaina Refuge,1961,8,1961-10-20,1476,10,0.2346
Salt Plains,Salt Plaina Refuge,1961,9,1961-10-27,15950,10,0.2346
Salt Plains,Salt Plaina Refuge,1961,10,1961-11-03,15765,10,0.2346
Salt Plains,Salt Plaina Refuge,1961,11,1961-11-10,12,10,0.2346
Salt Plains,Salt Plaina Refuge,1961,12,1961-11-17,10265,10,0.2346
Salt Plains,Salt Plaina Refuge,1961,13,1961-11-24,10265,10,0.2346
Salt Plains,Salt Plaina Refuge,1961,14,1961-12-01,7680,10,0.2346
Salt Plains,Salt Plaina Refuge,1961,15,1961-12-08,8150,10,0.2346
Salt Plains,Salt Plaina Refuge,1961,16,1961-12-15,10080,10,0.2346
Salt Plains,Salt Plains Refuge,1962,1,1962-09-01,224,10,0.0
Salt Plains,Salt Plains Refuge,1962,2,1962-09-08,222,10,0.0
Salt Plains,Salt Plains Refuge,1962,3,1962-09-15,222,10,0.0
Salt Plains,Salt Plains Refuge,1962,4,1962-09-22,232,10,0.0
Salt Plains,Salt Plains Refuge,1962,5,1962-09-29,232,10,0.0
Salt Plains,Salt Plains Refuge,1962,6,1962-10-06,540,10,0.0
Salt Plains,Salt Plains Refuge,1962,7,1962-10-13,890,10,0.0
Salt Plains,Salt Plains Refuge,1962,8,1962-10-20,2980,10,0.0
Salt Plains,Salt Plains Refuge,1962,9,1962-10-27,3130,10,0.0
Salt Plains,Salt Plains Refuge,1962,10,1962-11-03,4520,10,0.0
Salt Plains,Salt Plains Refuge,1962,11,1962-11-10,2585,10,0.0
Salt Plains,Salt Plains Refuge,1962,12,1962-11-17,2202,10,0.0
Salt Plains,Salt Plains Refuge,1962,13,1962-11-24,8650,10,0.0
Salt Plains,Salt Plains Refuge,1962,14,1962-12-01,29120,10,0.0
Salt Plains,Salt Plains Refuge,1962,15,1962-12-08,10395,10,0.0
Salt Plains,Salt Plains Refuge,1962,16,1962-12-15,15800,10,0.0
Salt Plains,Salt Plains Refuge,1962,17,1962-12-22,22415,10,0.0
Salt Plains,Salt Plains Refuge,1963,1,1963-09-01,70,10,0.9357
Salt Plains,Salt Plains Refuge,1963,2,1963-09-08,380,10,0.9357
Salt Plains,Salt Plains Refuge,1963,3,1963-09-15,590,10,0.9357
Salt Plains,Salt Plains Refuge,1963,4,1963-09-22,1100,10,0.9357
Salt Plains,Salt Plains Refuge,1963,5,1963-09-29,1200,10,0.9357
Salt Plains,Salt Plains Refuge,1963,6,1963-10-06,1831,10,0.9357
Salt Plains,Salt Plains Refuge,1963,7,1963-10-13,2150,10,0.9357
Salt Plains,Salt Plains Refuge,1963,8,1963-10-20,2820,10,0.9357
Salt Plains,Salt Plains Refuge,1963,9,1963-10-27,1810,10,0.9357
Salt Plains,Salt Plains Refuge,1963,10,1963-11-03,2680,10,0.9357
Salt Plains,Salt Plains Refuge,1963,11,1963-11-10,3380,10,0.9357
Salt Plains,Salt Plains Refuge,1963,12,1963-11-17,5080,10,0.9357
Salt Plains,Salt Plains Refuge,1963,13,1963-11-24,7280,10,0.9357
Salt Plains,Salt Plains Refuge,1963,14,1963-12-01,8435,10,0.9357
Salt Plains,Salt Plains Refuge,1963,15,1963-12-08,15600,10,0.9357
Salt Plains,Salt Plains Refuge,1963,16,1963-12-15,15290,10,0.9357
Salt Plains,Salt Plains Refuge,1963,17,1963-12-22,18620,10,0.9357
Salt Plains,Salt Plains Refuge,1963,18,1963-12-29,8416881,10,0.9357
Salt Plains,Salt Plains,1964,1,1964-09-01,310,10,0.079
Salt Plains,Salt Plains,1964,2,1964-09-08,320,10,0.079
Salt Plains,Salt Plains,1964,3,1964-09-15,360,10,0.079
Salt Plains,Salt Plains,1964,4,1964-09-22,360,10,0.079
Salt Plains,Salt Plains,1964,5,1964-09-29,1846,10,0.079
Salt Plains,Salt Plains,1964,6,1964-10-06,2000,10,0.079
Salt Plains,Salt Plains,1964,7,1964-10-13,2450,10,0.079
Salt Plains,Salt Plains,1964,8,1964-10-20,2502,10,0.079
Salt Plains,Salt Plains,1964,9,1964-10-27,5260,10,0.079
Salt Plains,Salt Plains,1964,10,1964-11-03,11875,10,0.079
Salt Plains,Salt Plains,1964,11,1964-11-10,11073,10,0.079
Salt Plains,Salt Plains,1964,12,1964-11-17,19204,10,0.079
Salt Plains,Salt Plains,1964,13,1964-11-24,28460,10,0.079
Salt Plains,Salt Plains,1964,14,1964-12-01,67825,10,0.079
Salt Plains,Salt Plains,1964,15,1964-12-08,87950,10,0.079
Salt Plains,Salt Plains,1964,16,1964-12-15,38920,10,0.079
Salt Plains,Salt Plains,1964,17,1964-12-22,38966,10,0.079
Salt Plains,Salt Plains,1964,18,1964-12-29,38966,10,0.079
Salt Plains,Salti Plains,1965,1,1965-09-01,295,10,0.1044
Salt Plains,Salti Plains,1965,2,1965-09-08,295,10,0.1044
Salt Plains,Salti Plains,1965,3,1965-09-15,389,10,0.1044
Salt Plains,Salti Plains,1965,4,1965-09-22,450,10,0.1044
Salt Plains,Salti Plains,1965,5,1965-09-29,570,10,0.1044
Salt Plains,Salti Plains,1965,6,1965-10-06,900,10,0.1044
Salt Plains,Salti Plains,1965,7,1965-10-13,1086,10,0.1044
Salt Plains,Salti Plains,1965,8,1965-10-20,1076,10,0.1044
Salt Plains,Salti Plains,1965,9,1965-10-27,3770,10,0.1044
Salt Plains,Salti Plains,1965,10,1965-11-03,3560,10,0.1044
Salt Plains,Salti Plains,1965,11,1965-11-10,5780,10,0.1044
Salt Plains,Salti Plains,1965,12,1965-11-17,9211,10,0.1044
Salt Plains,Salti Plains,1965,13,1965-11-24,9330,10,0.1044
Salt Plains,Salti Plains,1965,14,1965-12-01,9760,10,0.1044
Salt Plains,Salti Plains,1965,15,1965-12-08,10582,10,0.1044
Salt Plains,Salti Plains,1965,16,1965-12-15,10070,10,0.1044
Salt Plains,Salti Plains,1965,17,1965-12-22,9720,10,0.1044
Salt Plains,Salti Plains,1965,18,1965-12-29,9043,10,0.1044
Salt Plains,Salt Plains,1966,1,1966-09-01,62,8,0.0129
Salt Plains,Salt Plains,1966,2,1966-09-08,1301,8,0.0129
Salt Plains,Salt Plains,1966,3,1966-09-15,334,8,0.0129
Salt Plains,Salt Plains,1966,4,1966-09-22,1863,8,0.0129
Salt Plains,Salt Plains,1966,5,1966-09-29,4135,8,0.0129
Salt Plains,Salt Plains,1966,6,1966-10-06,5560,8,0.0129
Salt Plains,Salt Plains,1966,7,1966-10-13,9412,8,0.0129
Salt Plains,Salt Plains,1966,8,1966-10-20,13598,8,0.0129
Salt Plains,Salt Plains,1966,11,1966-11-10,22689,8,0.0129
Salt Plains,Salt Plains,1966,12,1966-11-17,8206,8,0.0129
Salt Plains,Salt Plains,1966,13,1966-11-24,11175,8,0.0129
Salt Plains,Salt Plains,1966,14,1966-12-01,5609,8,0.0129
Salt Plains,Salt Plains,1966,15,1966-12-08,6628,8,0.0129
Salt Plains,Salt Plains,1966,16,1966-12-15,18572,8,0.0129
Salt Plains,Salt Plains,1966,17,1966-12-22,11629,8,0.0129
Salt Plains,3-1750 Form NK-1 (Rev. March 1953) WATER,1967,1,1967-09-01,135,10,0.0
Salt Plains,3-1750 Form NK-1 (Rev. March 1953) WATER,1967,2,1967-09-08,38,10,0.0
Salt Plains,3-1750 Form NK-1 (Rev. March 1953) WATER,1967,3,1967-09-15,1488,10,0.0
Salt Plains,3-1750 Form NK-1 (Rev. March 1953) WATER,1967,4,1967-09-22,3712,10,0.0
Salt Plains,3-1750 Form NK-1 (Rev. March 1953) WATER,1967,5,1967-09-29,2984,10,0.0
Salt Plains,3-1750 Form NK-1 (Rev. March 1953) WATER,1967,6,1967-10-06,2968,10,0.0
Salt Plains,3-1750 Form NK-1 (Rev. March 1953) WATER,1967,7,1967-10-13,6205,10,0.0
Salt Plains,3-1750 Form NK-1 (Rev. March 1953) WATER,1967,8,1967-10-20,4238,10,0.0
Salt Plains,3-1750 Form NK-1 (Rev. March 1953) WATER,1967,9,1967-10-27,3980,10,0.0
Salt Plains,3-1750 Form NK-1 (Rev. March 1953) WATER,1967,10,1967-11-03,3868,10,0.0
Salt Plains,3-1750 Form NK-1 (Rev. March 1953) WATER,1967,11,1967-11-10,521,10,0.0
Salt Plains,3-1750 Form NK-1 (Rev. March 1953) WATER,1967,12,1967-11-17,1989,10,0.0
Salt Plains,3-1750 Form NK-1 (Rev. March 1953) WATER,1967,13,1967-11-24,2900,10,0.0
Salt Plains,3-1750 Form NK-1 (Rev. March 1953) WATER,1967,14,1967-12-01,6251,10,0.0
Salt Plains,3-1750 Form NK-1 (Rev. March 1953) WATER,1967,15,1967-12-08,11549,10,0.0
Salt Plains,3-1750 Form NK-1 (Rev. March 1953) WATER,1967,16,1967-12-15,5596,10,0.0
Salt Plains,3-1750 Form NK-1 (Rev. March 1953) WATER,1967,17,1967-12-22,6610,10,0.0
Salt Plains,Salt Plains Refuge,1968,1,1968-09-01,250,10,0.0408
Salt Plains,Salt Plains Refuge,1968,2,1968-09-08,375,10,0.0408
Salt Plains,Salt Plains Refuge,1968,3,1968-09-15,864,10,0.0408
Salt Plains,Salt Plains Refuge,1968,4,1968-09-22,2777,10,0.0408
Salt Plains,Salt Plains Refuge,1968,5,1968-09-29,2771,10,0.0408
Salt Plains,Salt Plains Refuge,1968,6,1968-10-06,3789,10,0.0408
Salt Plains,Salt Plains Refuge,1968,7,1968-10-13,863,10,0.0408
Salt Plains,Salt Plains Refuge,1968,8,1968-10-20,3649,10,0.0408
Salt Plains,Salt Plains Refuge,1968,9,1968-10-27,764,10,0.0408
Salt Plains,Salt Plains Refuge,1968,10,1968-11-03,5646,10,0.0408
Salt Plains,Salt Plains Refuge,1968,11,1968-11-10,15633,10,0.0408
Salt Plains,Salt Plains Refuge,1968,12,1968-11-17,8140,10,0.0408
Salt Plains,Salt Plains Refuge,1968,13,1968-11-24,12103,10,0.0408
Salt Plains,Salt Plains Refuge,1968,14,1968-12-01,11896,10,0.0408
Salt Plains,Salt Plains Refuge,1968,15,1968-12-08,10884,10,0.0408
Salt Plains,Salt Plains Refuge,1968,16,1968-12-15,17280,10,0.0408
Salt Plains,Salt Plains Refuge,1968,17,1968-12-22,16442,10,0.0408
Salt Plains,Salt Plains,1969,1,1969-09-01,96,10,0.0575
Salt Plains,Salt Plains,1969,2,1969-09-08,619,10,0.0575
Salt Plains,Salt Plains,1969,3,1969-09-15,975,10,0.0575
Salt Plains,Salt Plains,1969,4,1969-09-22,1320,10,0.0575
Salt Plains,Salt Plains,1969,5,1969-09-29,1860,10,0.0575
Salt Plains,Salt Plains,1969,6,1969-10-06,1439,10,0.0575
Salt Plains,Salt Plains,1969,7,1969-10-13,4206,10,0.0575
Salt Plains,Salt Plains,1969,8,1969-10-20,3800,10,0.0575
Salt Plains,Salt Plains,1969,9,1969-10-27,9645,10,0.0575
Salt Plains,Salt Plains,1969,10,1969-11-03,1756,10,0.0575
Salt Plains,Salt Plains,1969,11,1969-11-10,5780,10,0.0575
Salt Plains,Salt Plains,1969,12,1969-11-17,3566,10,0.0575
Salt Plains,Salt Plains,1969,13,1969-11-24,4660,10,0.0575
Salt Plains,Salt Plains,1969,14,1969-12-01,5785,10,0.0575
Salt Plains,Salt Plains,1969,15,1969-12-08,4175,10,0.0575
Salt Plains,Salt Plains,1969,16,1969-12-15,6478,10,0.0575
Salt Plains,Salt Plains,1969,17,1969-12-22,7223,10,0.0575
Salt Plains,Salt Plains,1969,18,1969-12-29,4127,10,0.0575
Salt Plains,Salt Plains,1970,1,1970-09-01,668,10,0.1538
Salt Plains,Salt Plains,1970,2,1970-09-08,399,10,0.1538
Salt Plains,Salt Plains,1970,3,1970-09-15,565,10,0.1538
Salt Plains,Salt Plains,1970,4,1970-09-22,4653,10,0.1538
Salt Plains,Salt Plains,1970,5,1970-09-29,736,10,0.1538
Salt Plains,Salt Plains,1970,6,1970-10-06,1365,10,0.1538
Salt Plains,Salt Plains,1970,7,1970-10-13,2364,10,0.1538
Salt Plains,Salt Plains,1970,8,1970-10-20,1801,10,0.1538
Salt Plains,Salt Plains,1970,9,1970-10-27,3820,10,0.1538
Salt Plains,Salt Plains,1970,10,1970-11-03,576,10,0.1538
Salt Plains,Salt Plains,1970,11,1970-11-10,6996,10,0.1538
Salt Plains,Salt Plains,1970,12,1970-11-17,7245,10,0.1538
Salt Plains,Salt Plains,1970,13,1970-11-24,3105,10,0.1538
Salt Plains,Salt Plains,1970,14,1970-12-01,8248,10,0.1538
Salt Plains,Salt Plains,1970,15,1970-12-08,4182,10,0.1538
Salt Plains,Salt Plains,1970,16,1970-12-15,7591,10,0.1538
Salt Plains,Salt Plains,1970,17,1970-12-22,6221,10,0.1538
Salt Plains,Salt Plains,1970,18,1970-12-29,11502,10,0.1538
Salt Plains,3-1750 Form NR-1 (Rev. :ch 1953) WATERFO,1971,1,1971-09-01,94,10,0.0126
Salt Plains,3-1750 Form NR-1 (Rev. :ch 1953) WATERFO,1971,2,1971-09-08,332,10,0.0126
Salt Plains,3-1750 Form NR-1 (Rev. :ch 1953) WATERFO,1971,3,1971-09-15,478,10,0.0126
Salt Plains,3-1750 Form NR-1 (Rev. :ch 1953) WATERFO,1971,4,1971-09-22,661,10,0.0126
Salt Plains,3-1750 Form NR-1 (Rev. :ch 1953) WATERFO,1971,5,1971-09-29,467,10,0.0126
Salt Plains,3-1750 Form NR-1 (Rev. :ch 1953) WATERFO,1971,6,1971-10-06,5171,10,0.0126
Salt Plains,3-1750 Form NR-1 (Rev. :ch 1953) WATERFO,1971,7,1971-10-13,2374,10,0.0126
Salt Plains,3-1750 Form NR-1 (Rev. :ch 1953) WATERFO,1971,8,1971-10-20,587,10,0.0126
Salt Plains,3-1750 Form NR-1 (Rev. :ch 1953) WATERFO,1971,9,1971-10-27,3759,10,0.0126
Salt Plains,3-1750 Form NR-1 (Rev. :ch 1953) WATERFO,1971,10,1971-11-03,4421,10,0.0126
Salt Plains,3-1750 Form NR-1 (Rev. :ch 1953) WATERFO,1971,11,1971-11-10,1082,10,0.0126
Salt Plains,3-1750 Form NR-1 (Rev. :ch 1953) WATERFO,1971,12,1971-11-17,1538,10,0.0126
Salt Plains,3-1750 Form NR-1 (Rev. :ch 1953) WATERFO,1971,13,1971-11-24,1012,10,0.0126
Salt Plains,3-1750 Form NR-1 (Rev. :ch 1953) WATERFO,1971,14,1971-12-01,1567,10,0.0126
Salt Plains,3-1750 Form NR-1 (Rev. :ch 1953) WATERFO,1971,15,1971-12-08,6896,10,0.0126
Salt Plains,3-1750 Form NR-1 (Rev. :ch 1953) WATERFO,1971,16,1971-12-15,1126,10,0.0126
Salt Plains,3-1750 Form NR-1 (Rev. :ch 1953) WATERFO,1971,17,1971-12-22,1290,10,0.0126
Salt Plains,3-1750 Form NR-1 (Rev. :ch 1953) WATERFO,1971,18,1971-12-29,1459,10,0.0126
Salton Sea CA,,1953,1,1953-09-01,494,9,
Salton Sea CA,,1953,2,1953-09-08,10,9,
Salton Sea CA,,1953,3,1953-09-15,51,9,
Salton Sea CA,,1953,4,1953-09-22,5,9,
Salton Sea CA,,1953,5,1953-09-29,20,9,
Salton Sea CA,,1953,6,1953-10-06,20,9,
Salton Sea CA,,1953,7,1953-10-13,424,9,
Salton Sea CA,,1953,8,1953-10-20,4217,9,
Salton Sea CA,,1953,9,1953-10-27,60006565,9,
Salton Sea CA,,1954,1,1954-09-01,3150,10,
Salton Sea CA,,1954,2,1954-09-08,3476,10,
Salton Sea CA,,1954,3,1954-09-15,5060,10,
Salton Sea CA,,1954,4,1954-09-22,19625,10,
Salton Sea CA,,1954,5,1954-09-29,6590,10,
Salton Sea CA,,1954,6,1954-10-06,5794,10,
Salton Sea CA,,1954,7,1954-10-13,6723,10,
Salton Sea CA,,1954,8,1954-10-20,4360,10,
Salton Sea CA,,1954,9,1954-10-27,7330,10,
Salton Sea CA,,1954,10,1954-11-03,14500,10,
Salton Sea CA,,1955,1,1955-09-01,400,10,0.0
Salton Sea CA,,1955,2,1955-09-08,500,10,0.0
Salton Sea CA,,1955,3,1955-09-15,201,10,0.0
Salton Sea CA,,1955,4,1955-09-22,10990,10,0.0
Salton Sea CA,,1955,5,1955-09-29,632,10,0.0
Salton Sea CA,,1955,6,1955-10-06,522,10,0.0
Salton Sea CA,,1955,7,1955-10-13,2130,10,0.0
Salton Sea CA,,1955,8,1955-10-20,600,10,0.0
Salton Sea CA,,1955,9,1955-10-27,950,10,0.0
Salton Sea CA,,1955,10,1955-11-03,1445,10,0.0
Salton Sea CA,,1955,11,1955-11-10,31140,10,0.0
Salton Sea CA,,1955,12,1955-11-17,6954,10,0.0
Salton Sea CA,,1955,13,1955-11-24,13727,10,0.0
Salton Sea CA,,1955,14,1955-12-01,9490,10,0.0
Salton Sea CA,,1955,15,1955-12-08,9950,10,0.0
Salton Sea CA,,1955,16,1955-12-15,8975,10,0.0
Salton Sea CA,,1957,1,1957-09-01,3518,8,0.0159
Salton Sea CA,,1957,2,1957-09-08,1145,8,0.0159
Salton Sea CA,,1957,3,1957-09-15,5666,8,0.0159
Salton Sea CA,,1957,4,1957-09-22,5530,8,0.0159
Salton Sea CA,,1957,5,1957-09-29,23580,8,0.0159
Salton Sea CA,,1957,6,1957-10-06,28120,8,0.0159
Salton Sea CA,,1957,7,1957-10-13,83650,8,0.0159
Salton Sea CA,,1957,8,1957-10-20,35044,8,0.0159
Salton Sea CA,,1957,11,1957-11-10,28420,8,0.0159
Salton Sea CA,,1957,12,1957-11-17,29161,8,0.0159
Salton Sea CA,,1957,13,1957-11-24,53675,8,0.0159
Salton Sea CA,,1958,1,1958-09-01,10000,9,0.0127
Salton Sea CA,,1958,2,1958-09-08,24700,9,0.0127
Salton Sea CA,,1958,3,1958-09-15,14000,9,0.0127
Salton Sea CA,,1958,4,1958-09-22,13500,9,0.0127
Salton Sea CA,,1958,5,1958-09-29,11000,9,0.0127
Salton Sea CA,,1958,6,1958-10-06,18300,9,0.0127
Salton Sea CA,,1958,7,1958-10-13,18675,9,0.0127
Salton Sea CA,,1958,8,1958-10-20,7110,9,0.0127
Salton Sea CA,,1958,9,1958-10-27,12570,9,0.0127
Salton Sea CA,,1958,11,1958-11-10,19085,9,0.0127
Salton Sea CA,,1958,12,1958-11-17,13700,9,0.0127
Salton Sea CA,,1958,13,1958-11-24,32450,9,0.0127
Salton Sea CA,,1958,14,1958-12-01,31535,9,0.0127
Salton Sea CA,,1958,15,1958-12-08,47300,9,0.0127
Salton Sea CA,,1958,16,1958-12-15,54950,9,0.0127
Salton Sea CA,,1958,17,1958-12-22,39825,9,0.0127
Salton Sea CA,,1959,1,1959-09-01,400,10,
Salton Sea CA,,1959,2,1959-09-08,400,10,
Salton Sea CA,,1959,3,1959-09-15,925,10,
Salton Sea CA,,1959,4,1959-09-22,5700,10,
Salton Sea CA,,1959,5,1959-09-29,9500,10,
Salton Sea CA,,1959,6,1959-10-06,12000,10,
Salton Sea CA,,1959,7,1959-10-13,12025,10,
Salton Sea CA,,1959,8,1959-10-20,7025,10,
Salton Sea CA,,1959,9,1959-10-27,4500,10,
Salton Sea CA,,1959,10,1959-11-03,19450,10,
Salton Sea CA,,1960,1,1960-09-01,1250,10,0.0
Salton Sea CA,,1960,2,1960-09-08,1050,10,0.0
Salton Sea CA,,1960,3,1960-09-15,1300,10,0.0
Salton Sea CA,,1960,4,1960-09-22,1410,10,0.0
Salton Sea CA,,1960,5,1960-09-29,1660,10,0.0
Salton Sea CA,,1960,6,1960-10-06,2260,10,0.0
Salton Sea CA,,1960,7,1960-10-13,3060,10,0.0
Salton Sea CA,,1960,8,1960-10-20,4375,10,0.0
Salton Sea CA,,1960,9,1960-10-27,4575,10,0.0
Salton Sea CA,,1960,10,1960-11-03,9175,10,0.0
Salton Sea CA,,1960,11,1960-11-10,11300,10,0.0
Salton Sea CA,,1960,12,1960-11-17,30310,10,0.0
Salton Sea CA,,1960,13,1960-11-24,35360,10,0.0
Salton Sea CA,,1960,14,1960-12-01,37375,10,0.0
Salton Sea CA,,1960,15,1960-12-08,36625,10,0.0
Salton Sea CA,,1960,16,1960-12-15,37025,10,0.0
Salton Sea CA,,1960,17,1960-12-22,37750,10,0.0
Salton Sea CA,,1960,18,1960-12-29,41875,10,0.0
Salton Sea CA,,1961,1,1961-09-01,1200,10,0.0336
Salton Sea CA,,1961,2,1961-09-08,1200,10,0.0336
Salton Sea CA,,1961,3,1961-09-15,1100,10,0.0336
Salton Sea CA,,1961,4,1961-09-22,1225,10,0.0336
Salton Sea CA,,1961,5,1961-09-29,1360,10,0.0336
Salton Sea CA,,1961,6,1961-10-06,1600,10,0.0336
Salton Sea CA,,1961,7,1961-10-13,1775,10,0.0336
Salton Sea CA,,1961,8,1961-10-20,3410,10,0.0336
Salton Sea CA,,1961,9,1961-10-27,3580,10,0.0336
Salton Sea CA,,1961,10,1961-11-03,5100,10,0.0336
Salton Sea CA,,1961,11,1961-11-10,3800,10,0.0336
Salton Sea CA,,1961,12,1961-11-17,8550,10,0.0336
Salton Sea CA,,1961,13,1961-11-24,11575,10,0.0336
Salton Sea CA,,1961,14,1961-12-01,20735,10,0.0336
Salton Sea CA,,1961,15,1961-12-08,22285,10,0.0336
Salton Sea CA,,1961,16,1961-12-15,18850,10,0.0336
Salton Sea CA,,1961,17,1961-12-22,19675,10,0.0336
Salton Sea CA,,1961,18,1961-12-29,21975,10,0.0336
Salton Sea CA,,1963,1,1963-09-01,674,10,
Salton Sea CA,,1963,2,1963-09-08,1367,10,
Salton Sea CA,,1963,3,1963-09-15,1362,10,
Salton Sea CA,,1963,4,1963-09-22,18641,10,
Salton Sea CA,,1963,5,1963-09-29,14732,10,
Salton Sea CA,,1963,6,1963-10-06,11047,10,
Salton Sea CA,,1963,7,1963-10-13,175,10,
Salton Sea CA,,1963,8,1963-10-20,14855,10,
Salton Sea CA,,1963,9,1963-10-27,13602,10,
Salton Sea CA,,1963,10,1963-11-03,22598,10,
Salton Sea CA,,1963,11,1963-11-10,9350,10,
Salton Sea CA,,1963,12,1963-11-17,35535,10,
Salton Sea CA,,1963,13,1963-11-24,56275,10,
Salton Sea CA,,1963,14,1963-12-01,82600,10,
Salton Sea CA,,1963,15,1963-12-08,106666,10,
Salton Sea CA,,1963,16,1963-12-15,124490,10,
Salton Sea CA,,1963,17,1963-12-22,86650,10,
Salton Sea CA,,1963,18,1963-12-29,602,10,
Salton Sea CA,,1964,1,1964-09-01,4526,10,0.1734
Salton Sea CA,,1964,2,1964-09-08,9102,10,0.1734
Salton Sea CA,,1964,3,1964-09-15,4776,10,0.1734
Salton Sea CA,,1964,4,1964-09-22,2851,10,0.1734
Salton Sea CA,,1964,5,1964-09-29,3780,10,0.1734
Salton Sea CA,,1964,6,1964-10-06,21210,10,0.1734
Salton Sea CA,,1964,7,1964-10-13,7401,10,0.1734
Salton Sea CA,,1964,8,1964-10-20,11470,10,0.1734
Salton Sea CA,,1964,9,1964-10-27,1560,10,0.1734
Salton Sea CA,,1964,10,1964-11-03,5220,10,0.1734
Salton Sea CA,,1964,11,1964-11-10,3410,10,0.1734
Salton Sea CA,,1964,12,1964-11-17,7020,10,0.1734
Salton Sea CA,,1964,13,1964-11-24,18520,10,0.1734
Salton Sea CA,,1964,14,1964-12-01,31770,10,0.1734
Salton Sea CA,,1964,15,1964-12-08,9620,10,0.1734
Salton Sea CA,,1964,16,1964-12-15,27010,10,0.1734
Salton Sea CA,,1964,17,1964-12-22,47980,10,0.1734
Salton Sea CA,,1964,18,1964-12-29,67350,10,0.1734
Salton Sea CA,,1965,1,1965-09-01,1125,10,0.14
Salton Sea CA,,1965,2,1965-09-08,1440,10,0.14
Salton Sea CA,,1965,3,1965-09-15,1350,10,0.14
Salton Sea CA,,1965,4,1965-09-22,2425,10,0.14
Salton Sea CA,,1965,5,1965-09-29,3700,10,0.14
Salton Sea CA,,1965,6,1965-10-06,11230,10,0.14
Salton Sea CA,,1965,7,1965-10-13,4040,10,0.14
Salton Sea CA,,1965,8,1965-10-20,8230,10,0.14
Salton Sea CA,,1965,9,1965-10-27,8580,10,0.14
Salton Sea CA,,1965,10,1965-11-03,8440,10,0.14
Salton Sea CA,,1965,11,1965-11-10,2260,10,0.14
Salton Sea CA,,1965,12,1965-11-17,14175,10,0.14
Salton Sea CA,,1965,13,1965-11-24,22810,10,0.14
Salton Sea CA,,1965,14,1965-12-01,60980,10,0.14
Salton Sea CA,,1965,15,1965-12-08,20350,10,0.14
Salton Sea CA,,1965,16,1965-12-15,47010,10,0.14
Salton Sea CA,,1965,17,1965-12-22,48770,10,0.14
Salton Sea CA,,1965,18,1965-12-29,48260,10,0.14
Salton Sea CA,,1966,1,1966-09-01,4225,10,0.2388
Salton Sea CA,,1966,2,1966-09-08,4660,10,0.2388
Salton Sea CA,,1966,3,1966-09-15,6675,10,0.2388
Salton Sea CA,,1966,4,1966-09-22,3770,10,0.2388
Salton Sea CA,,1966,5,1966-09-29,9100,10,0.2388
Salton Sea CA,,1966,6,1966-10-06,7845,10,0.2388
Salton Sea CA,,1966,7,1966-10-13,8146,10,0.2388
Salton Sea CA,,1966,8,1966-10-20,12240,10,0.2388
Salton Sea CA,,1966,9,1966-10-27,13155,10,0.2388
Salton Sea CA,,1966,10,1966-11-03,14985,10,0.2388
Salton Sea CA,,1966,11,1966-11-10,15760,10,0.2388
Salton Sea CA,,1966,12,1966-11-17,29805,10,0.2388
Salton Sea CA,,1966,13,1966-11-24,30035,10,0.2388
Salton Sea CA,,1966,14,1966-12-01,35990,10,0.2388
Salton Sea CA,,1966,15,1966-12-08,25650,10,0.2388
Salton Sea CA,,1966,16,1966-12-15,10360,10,0.2388
Salton Sea CA,,1966,17,1966-12-22,10854,10,0.2388
Salton Sea CA,,1967,1,1967-09-01,135,10,0.5871
Salton Sea CA,,1967,2,1967-09-08,665,10,0.5871
Salton Sea CA,,1967,3,1967-09-15,395,10,0.5871
Salton Sea CA,,1967,4,1967-09-22,5035,10,0.5871
Salton Sea CA,,1967,5,1967-09-29,335,10,0.5871
Salton Sea CA,,1967,6,1967-10-06,2250,10,0.5871
Salton Sea CA,,1967,7,1967-10-13,9340,10,0.5871
Salton Sea CA,,1967,8,1967-10-20,4361,10,0.5871
Salton Sea CA,,1967,9,1967-10-27,2875,10,0.5871
Salton Sea CA,,1967,10,1967-11-03,13955,10,0.5871
Salton Sea CA,,1967,11,1967-11-10,25780,10,0.5871
Salton Sea CA,,1967,12,1967-11-17,8857,10,0.5871
Salton Sea CA,,1967,13,1967-11-24,2272,10,0.5871
Salton Sea CA,,1967,14,1967-12-01,1755,10,0.5871
Salton Sea CA,,1967,15,1967-12-08,15050,10,0.5871
Salton Sea CA,,1967,16,1967-12-15,18746,10,0.5871
Salton Sea CA,,1967,17,1967-12-22,4905,10,0.5871
Salton Sea CA,,1968,1,1968-09-01,720,10,0.4364
Salton Sea CA,,1968,2,1968-09-08,75,10,0.4364
Salton Sea CA,,1968,3,1968-09-15,905,10,0.4364
Salton Sea CA,,1968,4,1968-09-22,2785,10,0.4364
Salton Sea CA,,1968,5,1968-09-29,8850,10,0.4364
Salton Sea CA,,1968,6,1968-10-06,10025,10,0.4364
Salton Sea CA,,1968,7,1968-10-13,10170,10,0.4364
Salton Sea CA,,1968,8,1968-10-20,5410,10,0.4364
Salton Sea CA,,1968,9,1968-10-27,7645,10,0.4364
Salton Sea CA,,1968,10,1968-11-03,6695,10,0.4364
Salton Sea CA,,1968,11,1968-11-10,17730,10,0.4364
Salton Sea CA,,1968,12,1968-11-17,17720,10,0.4364
Salton Sea CA,,1970,1,1970-09-01,4870,10,0.0199
Salton Sea CA,,1970,2,1970-09-08,5496,10,0.0199
Salton Sea CA,,1970,3,1970-09-15,7745,10,0.0199
Salton Sea CA,,1970,4,1970-09-22,8915,10,0.0199
Salton Sea CA,,1970,5,1970-09-29,16180,10,0.0199
Salton Sea CA,,1970,6,1970-10-06,19155,10,0.0199
Salton Sea CA,,1970,7,1970-10-13,8595,10,0.0199
Salton Sea CA,,1970,8,1970-10-20,15160,10,0.0199
Salton Sea CA,,1970,9,1970-10-27,9167,10,0.0199
Salton Sea CA,,1970,10,1970-11-03,10055,10,0.0199
Salton Sea CA,,1970,11,1970-11-10,19240,10,0.0199
Salton Sea CA,,1970,12,1970-11-17,20609,10,0.0199
Salton Sea CA,,1970,13,1970-11-24,14125,10,0.0199
Salton Sea CA,,1970,14,1970-12-01,16530,10,0.0199
Salton Sea CA,,1970,15,1970-12-08,14750,10,0.0199
Salton Sea CA,,1970,16,1970-12-15,33139,10,0.0199
Salton Sea CA,,1970,17,1970-12-22,36490,10,0.0199
Salton Sea CA,,1971,1,1971-09-01,1745,10,4.0714
Salton Sea CA,,1971,2,1971-09-08,3060,10,4.0714
Salton Sea CA,,1971,3,1971-09-15,9075,10,4.0714
Salton Sea CA,,1971,4,1971-09-22,4085,10,4.0714
Salton Sea CA,,1971,5,1971-09-29,15290,10,4.0714
Salton Sea CA,,1971,6,1971-10-06,18210,10,4.0714
Salton Sea CA,,1971,7,1971-10-13,11375,10,4.0714
Salton Sea CA,,1971,8,1971-10-20,12845,10,4.0714
Salton Sea CA,,1971,9,1971-10-27,7625,10,4.0714
Salton Sea CA,,1971,10,1971-11-03,5070,10,4.0714
Salton Sea CA,,1971,11,1971-11-10,10,10,4.0714
Salton Sea CA,,1971,12,1971-11-17,10,10,4.0714
Salton Sea CA,,1971,13,1971-11-24,85,10,4.0714
Salton Sea CA,,1971,14,1971-12-01,175,10,4.0714
Salton Sea CA,,1971,15,1971-12-08,500,10,4.0714
Salton Sea CA,,1971,16,1971-12-15,685,10,4.0714
Salton Sea CA,,1971,17,1971-12-22,810,10,4.0714
Salton Sea CA,,1972,1,1972-09-01,1080,10,
Salton Sea CA,,1972,2,1972-09-08,1080,10,
Salton Sea CA,,1972,3,1972-09-15,9210,10,
Salton Sea CA,,1972,4,1972-09-22,10210,10,
Salton Sea CA,,1972,5,1972-09-29,10210,10,
Salton Sea CA,,1972,6,1972-10-06,18480,10,
Salton Sea CA,,1972,7,1972-10-13,18485,10,
Salton Sea CA,,1972,8,1972-10-20,23490,10,
Salton Sea CA,,1972,9,1972-10-27,27880,10,
Salton Sea CA,,1972,10,1972-11-03,27380,10,
Sand Lake SD,Sand Lakce,1957,1,1957-09-01,14850,8,0.5194
Sand Lake SD,Sand Lakce,1957,2,1957-09-08,18150,8,0.5194
Sand Lake SD,Sand Lakce,1957,3,1957-09-15,5800,8,0.5194
Sand Lake SD,Sand Lakce,1957,4,1957-09-22,610,8,0.5194
Sand Lake SD,Sand Lakce,1957,5,1957-09-29,660,8,0.5194
Sand Lake SD,Sand Lakce,1957,6,1957-10-06,2400,8,0.5194
Sand Lake SD,Sand Lakce,1957,7,1957-10-13,2130,8,0.5194
Sand Lake SD,Sand Lakce,1957,8,1957-10-20,1850,8,0.5194
Sand Lake SD,Sand Lakce,1957,11,1957-11-10,133500,8,0.5194
Sand Lake SD,Sand Lakce,1957,12,1957-11-17,161078,8,0.5194
Sand Lake SD,Sand Lakce,1957,13,1957-11-24,85650,8,0.5194
Sand Lake SD,Sand Lakce,1957,14,1957-12-01,85650,8,0.5194
Sand Lake SD,Sand Lakce,1957,15,1957-12-08,25020,8,0.5194
Sand Lake SD,Sand Lakce,1957,16,1957-12-15,73426,8,0.5194
Sand Lake SD,Sand Lakce,1957,17,1957-12-22,73419,8,0.5194
Sand Lake SD,Sand Lakce,1957,18,1957-12-29,52276,8,0.5194
Sand Lake SD,Sand Like,1958,1,1958-09-01,8680,10,
Sand Lake SD,Sand Like,1958,2,1958-09-08,8680,10,
Sand Lake SD,Sand Like,1958,3,1958-09-15,8640,10,
Sand Lake SD,Sand Like,1958,4,1958-09-22,11040,10,
Sand Lake SD,Sand Like,1958,5,1958-09-29,34100,10,
Sand Lake SD,Sand Like,1958,6,1958-10-06,1150,10,
Sand Lake SD,Sand Like,1958,7,1958-10-13,15450,10,
Sand Lake SD,Sand Like,1958,8,1958-10-20,36100,10,
Sand Lake SD,Sand Like,1958,9,1958-10-27,35665,10,
Sand Lake SD,Sand Like,1958,10,1958-11-03,73670,10,
Sand Lake SD,Sand Like,1958,11,1958-11-10,290,10,
Sand Lake SD,Sand Like,1958,12,1958-11-17,120,10,
Sand Lake SD,Sand Like,1958,13,1958-11-24,795,10,
Sand Lake SD,Sand Lake,1960,1,1960-09-01,9800,10,0.0
Sand Lake SD,Sand Lake,1960,2,1960-09-08,9800,10,0.0
Sand Lake SD,Sand Lake,1960,3,1960-09-15,11304,10,0.0
Sand Lake SD,Sand Lake,1960,4,1960-09-22,12950,10,0.0
Sand Lake SD,Sand Lake,1960,5,1960-09-29,15200,10,0.0
Sand Lake SD,Sand Lake,1960,6,1960-10-06,4150,10,0.0
Sand Lake SD,Sand Lake,1960,7,1960-10-13,44450,10,0.0
Sand Lake SD,Sand Lake,1960,8,1960-10-20,38700,10,0.0
Sand Lake SD,Sand Lake,1960,9,1960-10-27,43740,10,0.0
Sand Lake SD,Sand Lake,1960,10,1960-11-03,77100,10,0.0
Sand Lake SD,Sand Lake,1960,11,1960-11-10,63800,10,0.0
Sand Lake SD,Sand Lake,1960,12,1960-11-17,80400,10,0.0
Sand Lake SD,Sand Lake,1960,13,1960-11-24,80400,10,0.0
Sand Lake SD,SAND LAKE,1961,1,1961-09-01,5500,10,
Sand Lake SD,SAND LAKE,1961,2,1961-09-08,5400,10,
Sand Lake SD,SAND LAKE,1961,3,1961-09-15,4650,10,
Sand Lake SD,SAND LAKE,1961,4,1961-09-22,4650,10,
Sand Lake SD,SAND LAKE,1961,5,1961-09-29,6200,10,
Sand Lake SD,SAND LAKE,1961,6,1961-10-06,10200,10,
Sand Lake SD,SAND LAKE,1961,7,1961-10-13,23100,10,
Sand Lake SD,SAND LAKE,1961,8,1961-10-20,49900,10,
Sand Lake SD,SAND LAKE,1961,9,1961-10-27,79000,10,
Sand Lake SD,SAND LAKE,1961,10,1961-11-03,76000,10,
Sand Lake SD,SAND LAKE,1961,11,1961-11-10,45300,10,
Sand Lake SD,SAND LAKE,1961,12,1961-11-17,75300,10,
Sand Lake SD,Sand Lake,1964,1,1964-09-01,1995,10,
Sand Lake SD,Sand Lake,1964,2,1964-09-08,2465,10,
Sand Lake SD,Sand Lake,1964,3,1964-09-15,2465,10,
Sand Lake SD,Sand Lake,1964,4,1964-09-22,2440,10,
Sand Lake SD,Sand Lake,1964,5,1964-09-29,6465,10,
Sand Lake SD,Sand Lake,1964,6,1964-10-06,2915,10,
Sand Lake SD,Sand Lake,1964,7,1964-10-13,5915,10,
Sand Lake SD,Sand Lake,1964,8,1964-10-20,6915,10,
Sand Lake SD,Sand Lake,1964,9,1964-10-27,3915,10,
Sand Lake SD,Sand Lake,1964,10,1964-11-03,11395,10,
Sand Lake SD,Sand Lake,1965,1,1965-09-01,8150,10,0.0
Sand Lake SD,Sand Lake,1965,2,1965-09-08,8450,10,0.0
Sand Lake SD,Sand Lake,1965,3,1965-09-15,8750,10,0.0
Sand Lake SD,Sand Lake,1965,4,1965-09-22,9250,10,0.0
Sand Lake SD,Sand Lake,1965,5,1965-09-29,9550,10,0.0
Sand Lake SD,Sand Lake,1965,6,1965-10-06,11600,10,0.0
Sand Lake SD,Sand Lake,1965,7,1965-10-13,11750,10,0.0
Sand Lake SD,Sand Lake,1965,8,1965-10-20,16250,10,0.0
Sand Lake SD,Sand Lake,1965,9,1965-10-27,21050,10,0.0
Sand Lake SD,Sand Lake,1965,10,1965-11-03,30225,10,0.0
Sand Lake SD,Sand Lake,1965,11,1965-11-10,100450,10,0.0
Sand Lake SD,Sand Lake,1965,12,1965-11-17,80450,10,0.0
Sand Lake SD,Sand hoke,1966,1,1966-09-01,2150,10,
Sand Lake SD,Sand hoke,1966,2,1966-09-08,2150,10,
Sand Lake SD,Sand hoke,1966,3,1966-09-15,2138,10,
Sand Lake SD,Sand hoke,1966,4,1966-09-22,2000,10,
Sand Lake SD,Sand hoke,1966,5,1966-09-29,1050,10,
Sand Lake SD,Sand hoke,1966,6,1966-10-06,35401,10,
Sand Lake SD,Sand hoke,1966,7,1966-10-13,1220,10,
Sand Lake SD,Sand hoke,1966,8,1966-10-20,1000,10,
Sand Lake SD,Sand hoke,1966,9,1966-10-27,800,10,
Sand Lake SD,Sand hoke,1966,10,1966-11-03,115500,10,
Sand Lake SD,Sand hoke,1966,11,1966-11-10,100500,10,
Sand Lake SD,Sand hoke,1966,12,1966-11-17,75200,10,
Sand Lake SD,Sand hoke,1966,13,1966-11-24,119674,10,
Sand Lake SD,Sand hoke,1966,14,1966-12-01,5161735,10,
Sand Lake SD,3-1759 Form. NI (Rev. March 1953) WATERFOWL Sand Lake REFUGE,1967,1,1967-09-01,12200,10,0.1549
Sand Lake SD,3-1759 Form. NI (Rev. March 1953) WATERFOWL Sand Lake REFUGE,1967,2,1967-09-08,11900,10,0.1549
Sand Lake SD,3-1759 Form. NI (Rev. March 1953) WATERFOWL Sand Lake REFUGE,1967,3,1967-09-15,12000,10,0.1549
Sand Lake SD,3-1759 Form. NI (Rev. March 1953) WATERFOWL Sand Lake REFUGE,1967,4,1967-09-22,12050,10,0.1549
Sand Lake SD,3-1759 Form. NI (Rev. March 1953) WATERFOWL Sand Lake REFUGE,1967,5,1967-09-29,11650,10,0.1549
Sand Lake SD,3-1759 Form. NI (Rev. March 1953) WATERFOWL Sand Lake REFUGE,1967,6,1967-10-06,20450,10,0.1549
Sand Lake SD,3-1759 Form. NI (Rev. March 1953) WATERFOWL Sand Lake REFUGE,1967,7,1967-10-13,37550,10,0.1549
Sand Lake SD,3-1759 Form. NI (Rev. March 1953) WATERFOWL Sand Lake REFUGE,1967,8,1967-10-20,58150,10,0.1549
Sand Lake SD,3-1759 Form. NI (Rev. March 1953) WATERFOWL Sand Lake REFUGE,1967,9,1967-10-27,73400,10,0.1549
Sand Lake SD,3-1759 Form. NI (Rev. March 1953) WATERFOWL Sand Lake REFUGE,1967,10,1967-11-03,81000,10,0.1549
Sand Lake SD,3-1759 Form. NI (Rev. March 1953) WATERFOWL Sand Lake REFUGE,1967,11,1967-11-10,93500,10,0.1549
Sand Lake SD,3-1759 Form. NI (Rev. March 1953) WATERFOWL Sand Lake REFUGE,1967,12,1967-11-17,93500,10,0.1549
Sand Lake SD,Sagd Lake,1968,1,1968-09-01,5730,10,
Sand Lake SD,Sagd Lake,1968,2,1968-09-08,5730,10,
Sand Lake SD,Sagd Lake,1968,3,1968-09-15,9450,10,
Sand Lake SD,Sagd Lake,1968,4,1968-09-22,12100,10,
Sand Lake SD,Sagd Lake,1968,5,1968-09-29,11100,10,
Sand Lake SD,Sagd Lake,1968,6,1968-10-06,22300,10,
Sand Lake SD,Sagd Lake,1968,7,1968-10-13,36050,10,
Sand Lake SD,Sagd Lake,1968,8,1968-10-20,50900,10,
Sand Lake SD,Sagd Lake,1968,9,1968-10-27,50450,10,
Sand Lake SD,Sagd Lake,1968,10,1968-11-03,70375,10,
Sand Lake SD,Sagd Lake,1968,11,1968-11-10,2968350,10,
Sand Lake SD,Sagd Lake,1968,12,1968-11-17,37850,10,
Sand Lake SD,Sand Lake l,1969,1,1969-09-01,9900,8,
Sand Lake SD,Sand Lake l,1969,2,1969-09-08,9500,8,
Sand Lake SD,Sand Lake l,1969,3,1969-09-15,9500,8,
Sand Lake SD,Sand Lake l,1969,4,1969-09-22,22300,8,
Sand Lake SD,Sand Lake l,1969,5,1969-09-29,31408,8,
Sand Lake SD,Sand Lake l,1969,6,1969-10-06,2800,8,
Sand Lake SD,Sand Lake l,1969,7,1969-10-13,1500,8,
Sand Lake SD,Sand Lake l,1969,8,1969-10-20,1700,8,
Sand Lake SD,Sand Lake l,1969,11,1969-11-10,3840700,8,
South Carolina coast,REFUGE Santee N. IL. Refuge MONTHS OF SenteL TO 3 19 5,1954,1,1954-09-01,60,,
South Carolina coast,REFUGE Santee N. IL. Refuge MONTHS OF SenteL TO 3 19 5,1954,2,1954-09-08,60,,
South Carolina coast,REFUGE Santee N. IL. Refuge MONTHS OF SenteL TO 3 19 5,1954,3,1954-09-15,78,,
South Carolina coast,REFUGE Santee N. IL. Refuge MONTHS OF SenteL TO 3 19 5,1954,4,1954-09-22,187,,
South Carolina coast,REFUGE Santee N. IL. Refuge MONTHS OF SenteL TO 3 19 5,1954,5,1954-09-29,210,,
South Carolina coast,REFUGE Santee N. IL. Refuge MONTHS OF SenteL TO 3 19 5,1954,6,1954-10-06,203,,
South Carolina coast,REFUGE Santee N. IL. Refuge MONTHS OF SenteL TO 3 19 5,1954,7,1954-10-13,200,,
South Carolina coast,REFUGE Santee N. IL. Refuge MONTHS OF SenteL TO 3 19 5,1954,8,1954-10-20,315,,
South Carolina coast,REFUGE Santee N. IL. Refuge MONTHS OF SenteL TO 3 19 5,1954,9,1954-10-27,532,,
South Carolina coast,REFUGE Santee N. IL. Refuge MONTHS OF SenteL TO 3 19 5,1954,10,1954-11-03,2365,,
South Carolina coast,REFUGE Santeo N. Ya Refuge MONTHS OF Janary TOADru1 1955 | W,1955,1,1955-09-01,14041,,
South Carolina coast,REFUGE Santeo N. Ya Refuge MONTHS OF Janary TOADru1 1955 | W,1955,2,1955-09-08,13340,,
South Carolina coast,REFUGE Santeo N. Ya Refuge MONTHS OF Janary TOADru1 1955 | W,1955,3,1955-09-15,10815,,
South Carolina coast,REFUGE Santeo N. Ya Refuge MONTHS OF Janary TOADru1 1955 | W,1955,4,1955-09-22,9530,,
South Carolina coast,REFUGE Santeo N. Ya Refuge MONTHS OF Janary TOADru1 1955 | W,1955,5,1955-09-29,8440,,
South Carolina coast,REFUGE Santeo N. Ya Refuge MONTHS OF Janary TOADru1 1955 | W,1955,6,1955-10-06,8445,,
South Carolina coast,REFUGE Santeo N. Ya Refuge MONTHS OF Janary TOADru1 1955 | W,1955,7,1955-10-13,8345,,
South Carolina coast,REFUGE Santeo N. Ya Refuge MONTHS OF Janary TOADru1 1955 | W,1955,8,1955-10-20,8415,,
South Carolina coast,REFUGE Santeo N. Ya Refuge MONTHS OF Janary TOADru1 1955 | W,1955,9,1955-10-27,5500,,
South Carolina coast,REFUGE Santeo N. Ya Refuge MONTHS OF Janary TOADru1 1955 | W,1955,10,1955-11-03,1940,,
South Carolina coast,REFUGE Santeo National Hlldlito Rafago MONTHS OF MEy To Sept,1956,1,1956-09-01,300,,
South Carolina coast,REFUGE Santeo National Hlldlito Rafago MONTHS OF MEy To Sept,1956,2,1956-09-08,275,,
South Carolina coast,REFUGE Santeo National Hlldlito Rafago MONTHS OF MEy To Sept,1956,4,1956-09-22,204,,
South Carolina coast,REFUGE Santeo National Hlldlito Rafago MONTHS OF MEy To Sept,1956,7,1956-10-13,250,,
South Carolina coast,REFUGE Santeo National Hlldlito Rafago MONTHS OF MEy To Sept,1956,9,1956-10-27,200,,
South Carolina coast,REFUGE Santeo National Hlldlito Rafago MONTHS OF MEy To Sept,1956,10,1956-11-03,300,,
South Carolina coast,REFUGE Santee MONTHS OF September IDecember _ 1902,1962,1,1962-09-01,10000,,
South Carolina coast,REFUGE Santee MONTHS OF September IDecember _ 1902,1962,2,1962-09-08,10000,,
South Carolina coast,REFUGE Santee MONTHS OF September IDecember _ 1902,1962,3,1962-09-15,10018,,
South Carolina coast,REFUGE Santee MONTHS OF September IDecember _ 1902,1962,4,1962-09-22,10192,,
South Carolina coast,REFUGE Santee MONTHS OF September IDecember _ 1902,1962,5,1962-09-29,10235,,
South Carolina coast,REFUGE Santee MONTHS OF September IDecember _ 1902,1962,6,1962-10-06,7245,,
South Carolina coast,REFUGE Santee MONTHS OF September IDecember _ 1902,1962,7,1962-10-13,5050,,
South Carolina coast,REFUGE Santee MONTHS OF September IDecember _ 1902,1962,8,1962-10-20,5353,,
South Carolina coast,REFUGE Santee MONTHS OF September IDecember _ 1902,1962,9,1962-10-27,6730,,
South Carolina coast,REFUGE Santee MONTHS OF September IDecember _ 1902,1962,10,1962-11-03,13855,,
South Carolina coast,REFUGE Santee MONTHS OFSeptember TO•December 19 63 | Weeks o,1963,11,1963-11-10,17610,,
South Carolina coast,REFUGE Santee MONTHS OFSeptember TO•December 19 63 | Weeks o,1963,12,1963-11-17,19880,,
South Carolina coast,REFUGE Santee MONTHS OFSeptember TO•December 19 63 | Weeks o,1963,13,1963-11-24,24970,,
South Carolina coast,REFUGE Santee MONTHS OFSeptember TO•December 19 63 | Weeks o,1963,14,1963-12-01,35480,,
South Carolina coast,REFUGE Santee MONTHS OFSeptember TO•December 19 63 | Weeks o,1963,15,1963-12-08,44680,,
South Carolina coast,REFUGE Santee MONTHS OFSeptember TO•December 19 63 | Weeks o,1963,16,1963-12-15,45839,,
South Carolina coast,REFUGE Santee MONTHS OFSeptember TO•December 19 63 | Weeks o,1963,17,1963-12-22,2020,,
South Carolina coast,REFUGE Santee MONTHS OFSeptember TO•December 19 63 | Weeks o,1963,18,1963-12-29,2020,,
St. Marks FL,3-1750 Form NR-1 (Rev. March 1953) WATER,1954,1,1954-09-01,150,9,0.526
St. Marks FL,3-1750 Form NR-1 (Rev. March 1953) WATER,1954,2,1954-09-08,180,9,0.526
St. Marks FL,3-1750 Form NR-1 (Rev. March 1953) WATER,1954,3,1954-09-15,210,9,0.526
St. Marks FL,3-1750 Form NR-1 (Rev. March 1953) WATER,1954,4,1954-09-22,200,9,0.526
St. Marks FL,3-1750 Form NR-1 (Rev. March 1953) WATER,1954,5,1954-09-29,200,9,0.526
St. Marks FL,3-1750 Form NR-1 (Rev. March 1953) WATER,1954,6,1954-10-06,750,9,0.526
St. Marks FL,3-1750 Form NR-1 (Rev. March 1953) WATER,1954,7,1954-10-13,1327,9,0.526
St. Marks FL,3-1750 Form NR-1 (Rev. March 1953) WATER,1954,8,1954-10-20,19355,9,0.526
St. Marks FL,3-1750 Form NR-1 (Rev. March 1953) WATER,1954,9,1954-10-27,26300,9,0.526
St. Marks FL,3-1750 Form NR-1 (Rev. March 1953) WATER,1954,11,1954-11-10,44505,9,0.526
St. Marks FL,3-1750 Form NR-1 (Rev. March 1953) WATER,1954,12,1954-11-17,33856,9,0.526
St. Marks FL,3-1750 Form NR-1 (Rev. March 1953) WATER,1954,13,1954-11-24,28265,9,0.526
St. Marks FL,St. Marke,1956,1,1956-09-01,85,10,0.112
St. Marks FL,St. Marke,1956,2,1956-09-08,70,10,0.112
St. Marks FL,St. Marke,1956,3,1956-09-15,70,10,0.112
St. Marks FL,St. Marke,1956,4,1956-09-22,120,10,0.112
St. Marks FL,St. Marke,1956,5,1956-09-29,120,10,0.112
St. Marks FL,St. Marke,1956,6,1956-10-06,220,10,0.112
St. Marks FL,St. Marke,1956,7,1956-10-13,200,10,0.112
St. Marks FL,St. Marke,1956,8,1956-10-20,130,10,0.112
St. Marks FL,St. Marke,1956,9,1956-10-27,530,10,0.112
St. Marks FL,St. Marke,1956,10,1956-11-03,10700,10,0.112
St. Marks FL,St. Marke,1956,11,1956-11-10,6300,10,0.112
St. Marks FL,St. Marke,1956,12,1956-11-17,25400,10,0.112
St. Marks FL,St. Marke,1956,13,1956-11-24,21500,10,0.112
St. Marks FL,St. Marke,1956,14,1956-12-01,21060,10,0.112
St. Marks FL,St. Marke,1956,15,1956-12-08,22800,10,0.112
St. Marks FL,St. Marke,1956,16,1956-12-15,21400,10,0.112
St. Marks FL,St. Marke,1956,17,1956-12-22,10450,10,0.112
St. Marks FL,Ste Merke Nalia Bafuga,1958,1,1958-09-01,145,10,0.0098
St. Marks FL,Ste Merke Nalia Bafuga,1958,2,1958-09-08,121,10,0.0098
St. Marks FL,Ste Merke Nalia Bafuga,1958,3,1958-09-15,186,10,0.0098
St. Marks FL,Ste Merke Nalia Bafuga,1958,4,1958-09-22,285,10,0.0098
St. Marks FL,Ste Merke Nalia Bafuga,1958,5,1958-09-29,106,10,0.0098
St. Marks FL,Ste Merke Nalia Bafuga,1958,6,1958-10-06,175,10,0.0098
St. Marks FL,Ste Merke Nalia Bafuga,1958,7,1958-10-13,850,10,0.0098
St. Marks FL,Ste Merke Nalia Bafuga,1958,8,1958-10-20,2291,10,0.0098
St. Marks FL,Ste Merke Nalia Bafuga,1958,9,1958-10-27,4799,10,0.0098
St. Marks FL,Ste Merke Nalia Bafuga,1958,10,1958-11-03,7326,10,0.0098
St. Marks FL,Ste Merke Nalia Bafuga,1958,11,1958-11-10,8875,10,0.0098
St. Marks FL,Ste Merke Nalia Bafuga,1958,12,1958-11-17,13230,10,0.0098
St. Marks FL,Ste Merke Nalia Bafuga,1958,13,1958-11-24,12637,10,0.0098
St. Marks FL,Ste Merke Nalia Bafuga,1958,14,1958-12-01,15460,10,0.0098
St. Marks FL,Ste Merke Nalia Bafuga,1958,15,1958-12-08,17076,10,0.0098
St. Marks FL,Ste Merke Nalia Bafuga,1958,16,1958-12-15,16055,10,0.0098
St. Marks FL,Ste Merke Nalia Bafuga,1958,17,1958-12-22,12586,10,0.0098
St. Marks FL,St. Marks,1959,1,1959-09-01,120,10,0.1875
St. Marks FL,St. Marks,1959,2,1959-09-08,100,10,0.1875
St. Marks FL,St. Marks,1959,3,1959-09-15,130,10,0.1875
St. Marks FL,St. Marks,1959,4,1959-09-22,105,10,0.1875
St. Marks FL,St. Marks,1959,5,1959-09-29,170,10,0.1875
St. Marks FL,St. Marks,1959,6,1959-10-06,90,10,0.1875
St. Marks FL,St. Marks,1959,7,1959-10-13,155,10,0.1875
St. Marks FL,St. Marks,1959,8,1959-10-20,545,10,0.1875
St. Marks FL,St. Marks,1959,9,1959-10-27,725,10,0.1875
St. Marks FL,St. Marks,1959,10,1959-11-03,285,10,0.1875
St. Marks FL,St. Marks,1959,11,1959-11-10,5496,10,0.1875
St. Marks FL,St. Marks,1959,12,1959-11-17,8583,10,0.1875
St. Marks FL,St. Marks,1959,13,1959-11-24,7491,10,0.1875
St. Marks FL,St. Marks,1959,14,1959-12-01,8294,10,0.1875
St. Marks FL,St. Marks,1959,15,1959-12-08,183,10,0.1875
St. Marks FL,St. Marks,1959,16,1959-12-15,4602,10,0.1875
St. Marks FL,St. Marks,1959,17,1959-12-22,145,10,0.1875
St. Marks FL,St. Marks,1959,18,1959-12-29,6605,10,0.1875
St. Marks FL,St. Marks,1961,1,1961-09-01,80,10,0.1164
St. Marks FL,St. Marks,1961,2,1961-09-08,80,10,0.1164
St. Marks FL,St. Marks,1961,3,1961-09-15,80,10,0.1164
St. Marks FL,St. Marks,1961,4,1961-09-22,80,10,0.1164
St. Marks FL,St. Marks,1961,5,1961-09-29,80,10,0.1164
St. Marks FL,St. Marks,1961,6,1961-10-06,420,10,0.1164
St. Marks FL,St. Marks,1961,7,1961-10-13,250,10,0.1164
St. Marks FL,St. Marks,1961,8,1961-10-20,250,10,0.1164
St. Marks FL,St. Marks,1961,9,1961-10-27,1500,10,0.1164
St. Marks FL,St. Marks,1961,10,1961-11-03,29800,10,0.1164
St. Marks FL,St. Marks,1961,11,1961-11-10,32990,10,0.1164
St. Marks FL,St. Marks,1961,12,1961-11-17,32790,10,0.1164
St. Marks FL,St. Marks,1961,13,1961-11-24,32250,10,0.1164
St. Marks FL,St. Marks,1961,14,1961-12-01,22460,10,0.1164
St. Marks FL,St. Marks,1961,15,1961-12-08,20910,10,0.1164
St. Marks FL,St. Marks,1961,16,1961-12-15,20960,10,0.1164
St. Marks FL,St. Marks,1961,17,1961-12-22,60,10,0.1164
St. Marks FL,St. Marks,1961,18,1961-12-29,15710,10,0.1164
St. Marks FL,Sta _Mazica,1962,1,1962-09-01,135,7,0.1946
St. Marks FL,Sta _Mazica,1962,2,1962-09-08,135,7,0.1946
St. Marks FL,Sta _Mazica,1962,3,1962-09-15,135,7,0.1946
St. Marks FL,Sta _Mazica,1962,4,1962-09-22,135,7,0.1946
St. Marks FL,Sta _Mazica,1962,5,1962-09-29,265,7,0.1946
St. Marks FL,Sta _Mazica,1962,6,1962-10-06,600,7,0.1946
St. Marks FL,Sta _Mazica,1962,7,1962-10-13,950,7,0.1946
St. Marks FL,Sta _Mazica,1962,11,1962-11-10,3150,7,0.1946
St. Marks FL,Sta _Mazica,1962,12,1962-11-17,3375,7,0.1946
St. Marks FL,Sta _Mazica,1962,13,1962-11-24,5200,7,0.1946
St. Marks FL,Sta _Mazica,1962,14,1962-12-01,5490,7,0.1946
St. Marks FL,Sta _Mazica,1962,15,1962-12-08,6710,7,0.1946
St. Marks FL,Sta _Mazica,1962,16,1962-12-15,8675,7,0.1946
St. Marks FL,Sta _Mazica,1962,17,1962-12-22,100,7,0.1946
St. Marks FL,Sta _Mazica,1962,18,1962-12-29,9850,7,0.1946
St. Marks FL,"St. Marks, Florida",1963,1,1963-09-01,250,10,
St. Marks FL,"St. Marks, Florida",1963,2,1963-09-08,250,10,
St. Marks FL,"St. Marks, Florida",1963,3,1963-09-15,250,10,
St. Marks FL,"St. Marks, Florida",1963,4,1963-09-22,275,10,
St. Marks FL,"St. Marks, Florida",1963,5,1963-09-29,275,10,
St. Marks FL,"St. Marks, Florida",1963,6,1963-10-06,300,10,
St. Marks FL,"St. Marks, Florida",1963,7,1963-10-13,312,10,
St. Marks FL,"St. Marks, Florida",1963,8,1963-10-20,755,10,
St. Marks FL,"St. Marks, Florida",1963,9,1963-10-27,2030,10,
St. Marks FL,"St. Marks, Florida",1963,10,1963-11-03,10345,10,
St. Marks FL,St. Marks,1970,1,1970-09-01,1075,9,0.1025
St. Marks FL,St. Marks,1970,2,1970-09-08,20,9,0.1025
St. Marks FL,St. Marks,1970,3,1970-09-15,20,9,0.1025
St. Marks FL,St. Marks,1970,4,1970-09-22,1110,9,0.1025
St. Marks FL,St. Marks,1970,5,1970-09-29,1215,9,0.1025
St. Marks FL,St. Marks,1970,6,1970-10-06,8065,9,0.1025
St. Marks FL,St. Marks,1970,7,1970-10-13,5100,9,0.1025
St. Marks FL,St. Marks,1970,8,1970-10-20,8865,9,0.1025
St. Marks FL,St. Marks,1970,9,1970-10-27,8628,9,0.1025
St. Marks FL,St. Marks,1970,11,1970-11-10,61865,9,0.1025
St. Marks FL,St. Marks,1970,12,1970-11-17,73100,9,0.1025
St. Marks FL,St. Marks,1970,13,1970-11-24,116965,9,0.1025
St. Marks FL,St. Marks,1970,14,1970-12-01,96905,9,0.1025
St. Marks FL,St. Marks,1970,15,1970-12-08,84550,9,0.1025
St. Marks FL,St. Marks,1970,16,1970-12-15,82725,9,0.1025
St. Marks FL,St. Marks,1970,17,1970-12-22,76450,9,0.1025
St. Marks FL,St. Marks,1970,18,1970-12-29,59000,9,0.1025
St. Marks FL,ST. MARKS,1971,1,1971-09-01,1500,10,0.0112
St. Marks FL,ST. MARKS,1971,2,1971-09-08,1500,10,0.0112
St. Marks FL,ST. MARKS,1971,3,1971-09-15,1500,10,0.0112
St. Marks FL,ST. MARKS,1971,4,1971-09-22,1500,10,0.0112
St. Marks FL,ST. MARKS,1971,5,1971-09-29,1500,10,0.0112
St. Marks FL,ST. MARKS,1971,6,1971-10-06,1505,10,0.0112
St. Marks FL,ST. MARKS,1971,7,1971-10-13,1725,10,0.0112
St. Marks FL,ST. MARKS,1971,8,1971-10-20,340,10,0.0112
St. Marks FL,ST. MARKS,1971,9,1971-10-27,2050,10,0.0112
St. Marks FL,ST. MARKS,1971,10,1971-11-03,1657,10,0.0112
St. Marks FL,ST. MARKS,1971,11,1971-11-10,45900,10,0.0112
St. Marks FL,ST. MARKS,1971,12,1971-11-17,82550,10,0.0112
St. Marks FL,ST. MARKS,1971,13,1971-11-24,102325,10,0.0112
St. Marks FL,ST. MARKS,1971,14,1971-12-01,104375,10,0.0112
St. Marks FL,ST. MARKS,1971,15,1971-12-08,104475,10,0.0112
St. Marks FL,ST. MARKS,1971,16,1971-12-15,91075,10,0.0112
St. Marks FL,ST. MARKS,1971,17,1971-12-22,91550,10,0.0112
St. Marks FL,ST. MARKS,1971,18,1971-12-29,88701,10,0.0112
St. Marks FL,2. Waterfowl Wintering Waterfowl Overall,2001,1,2001-09-01,1001,9,
St. Marks FL,2. Waterfowl Wintering Waterfowl Overall,2001,2,2001-09-08,2362,9,
St. Marks FL,2. Waterfowl Wintering Waterfowl Overall,2001,3,2001-09-15,1157,9,
St. Marks FL,2. Waterfowl Wintering Waterfowl Overall,2001,4,2001-09-22,1485,9,
St. Marks FL,2. Waterfowl Wintering Waterfowl Overall,2001,5,2001-09-29,1161,9,
St. Marks FL,2. Waterfowl Wintering Waterfowl Overall,2001,6,2001-10-06,1257,9,
St. Marks FL,2. Waterfowl Wintering Waterfowl Overall,2001,7,2001-10-13,2076,9,
St. Marks FL,2. Waterfowl Wintering Waterfowl Overall,2001,8,2001-10-20,1114,9,
St. Marks FL,2. Waterfowl Wintering Waterfowl Overall,2001,9,2001-10-27,1290,9,
Upper Souris ND,"UPPER SOURIS, FOXHOIM, N•DAR•",1953,1,1953-09-01,19420,10,0.0304
Upper Souris ND,"UPPER SOURIS, FOXHOIM, N•DAR•",1953,2,1953-09-08,19470,10,0.0304
Upper Souris ND,"UPPER SOURIS, FOXHOIM, N•DAR•",1953,3,1953-09-15,19725,10,0.0304
Upper Souris ND,"UPPER SOURIS, FOXHOIM, N•DAR•",1953,4,1953-09-22,19950,10,0.0304
Upper Souris ND,"UPPER SOURIS, FOXHOIM, N•DAR•",1953,5,1953-09-29,20225,10,0.0304
Upper Souris ND,"UPPER SOURIS, FOXHOIM, N•DAR•",1953,6,1953-10-06,21275,10,0.0304
Upper Souris ND,"UPPER SOURIS, FOXHOIM, N•DAR•",1953,7,1953-10-13,24000,10,0.0304
Upper Souris ND,"UPPER SOURIS, FOXHOIM, N•DAR•",1953,8,1953-10-20,20075,10,0.0304
Upper Souris ND,"UPPER SOURIS, FOXHOIM, N•DAR•",1953,9,1953-10-27,15550,10,0.0304
Upper Souris ND,"UPPER SOURIS, FOXHOIM, N•DAR•",1953,10,1953-11-03,14150,10,0.0304
Upper Souris ND,"UPPER SOURIS, FOXHOIM, N•DAR•",1953,11,1953-11-10,5960,10,0.0304
Upper Souris ND,"UPPER SOURIS, FOXHOIM, N•DAR•",1953,12,1953-11-17,3750,10,0.0304
Upper Souris ND,"UPPER SOURIS, FOXHOIM, N•DAR•",1953,13,1953-11-24,1001,10,0.0304
Upper Souris ND,"UPPER SOURIS, FOXHOIM, N•DAR•",1953,14,1953-12-01,501,10,0.0304
Upper Souris ND,"UPPER SOURIS, FOXHOIM, N•DAR•",1953,15,1953-12-08,30,10,0.0304
Upper Souris ND,3-1750 ForT NR-1 (Rev. March 1953) WATER,1954,1,1954-09-01,19965,9,
Upper Souris ND,3-1750 ForT NR-1 (Rev. March 1953) WATER,1954,2,1954-09-08,24110,9,
Upper Souris ND,3-1750 ForT NR-1 (Rev. March 1953) WATER,1954,3,1954-09-15,25410,9,
Upper Souris ND,3-1750 ForT NR-1 (Rev. March 1953) WATER,1954,4,1954-09-22,18610,9,
Upper Souris ND,3-1750 ForT NR-1 (Rev. March 1953) WATER,1954,5,1954-09-29,27260,9,
Upper Souris ND,3-1750 ForT NR-1 (Rev. March 1953) WATER,1954,6,1954-10-06,5080,9,
Upper Souris ND,3-1750 ForT NR-1 (Rev. March 1953) WATER,1954,7,1954-10-13,25515,9,
Upper Souris ND,3-1750 ForT NR-1 (Rev. March 1953) WATER,1954,8,1954-10-20,27935,9,
Upper Souris ND,3-1750 ForT NR-1 (Rev. March 1953) WATER,1954,9,1954-10-27,31338,9,
Upper Souris ND,3-1750 ForT NR-1 (Rev. March 1953) WATER,1954,11,1954-11-10,28660,9,
Upper Souris ND,3-1750 ForT NR-1 (Rev. March 1953) WATER,1954,12,1954-11-17,22675,9,
Upper Souris ND,3-1750 ForT NR-1 (Rev. March 1953) WATER,1954,13,1954-11-24,6625,9,
Upper Souris ND,"UPPER SOURIS, Foxhola, North Dakota",1955,1,1955-09-01,20460,10,0.0181
Upper Souris ND,"UPPER SOURIS, Foxhola, North Dakota",1955,2,1955-09-08,26110,10,0.0181
Upper Souris ND,"UPPER SOURIS, Foxhola, North Dakota",1955,3,1955-09-15,25610,10,0.0181
Upper Souris ND,"UPPER SOURIS, Foxhola, North Dakota",1955,4,1955-09-22,32510,10,0.0181
Upper Souris ND,"UPPER SOURIS, Foxhola, North Dakota",1955,5,1955-09-29,31410,10,0.0181
Upper Souris ND,"UPPER SOURIS, Foxhola, North Dakota",1955,6,1955-10-06,31910,10,0.0181
Upper Souris ND,"UPPER SOURIS, Foxhola, North Dakota",1955,7,1955-10-13,22665,10,0.0181
Upper Souris ND,"UPPER SOURIS, Foxhola, North Dakota",1955,8,1955-10-20,13950,10,0.0181
Upper Souris ND,"UPPER SOURIS, Foxhola, North Dakota",1955,9,1955-10-27,9920,10,0.0181
Upper Souris ND,"UPPER SOURIS, Foxhola, North Dakota",1955,10,1955-11-03,1160,10,0.0181
Upper Souris ND,"UPPER SOURIS, Foxhola, North Dakota",1955,11,1955-11-10,15,10,0.0181
Upper Souris ND,"UPPER SOURIS, Foxhola, North Dakota",1955,12,1955-11-17,15,10,0.0181
Upper Souris ND,"UPPER SOURIS, Poxholm, Horth Dakota",1956,1,1956-09-01,14370,10,
Upper Souris ND,"UPPER SOURIS, Poxholm, Horth Dakota",1956,2,1956-09-08,6950,10,
Upper Souris ND,"UPPER SOURIS, Poxholm, Horth Dakota",1956,3,1956-09-15,17550,10,
Upper Souris ND,"UPPER SOURIS, Poxholm, Horth Dakota",1956,4,1956-09-22,16861,10,
Upper Souris ND,"UPPER SOURIS, Poxholm, Horth Dakota",1956,5,1956-09-29,15660,10,
Upper Souris ND,"UPPER SOURIS, Poxholm, Horth Dakota",1956,6,1956-10-06,13700,10,
Upper Souris ND,"UPPER SOURIS, Poxholm, Horth Dakota",1956,7,1956-10-13,15600,10,
Upper Souris ND,"UPPER SOURIS, Poxholm, Horth Dakota",1956,8,1956-10-20,18600,10,
Upper Souris ND,"UPPER SOURIS, Poxholm, Horth Dakota",1956,9,1956-10-27,33971,10,
Upper Souris ND,"UPPER SOURIS, Poxholm, Horth Dakota",1956,10,1956-11-03,49861,10,
Upper Souris ND,"UPPER SOURIS, Poxholm, Horth Dakota",1956,11,1956-11-10,49620,10,
Upper Souris ND,"UPPER SOURIS, Poxholm, Horth Dakota",1956,12,1956-11-17,920,10,
Upper Souris ND,"UPPER SOURIS, Poxholm, Horth Dakota",1956,13,1956-11-24,100,10,
Upper Souris ND,"UPPER SOURIS - Foxholm, North Dakota",1958,1,1958-09-01,15750,10,0.0202
Upper Souris ND,"UPPER SOURIS - Foxholm, North Dakota",1958,2,1958-09-08,15750,10,0.0202
Upper Souris ND,"UPPER SOURIS - Foxholm, North Dakota",1958,3,1958-09-15,18550,10,0.0202
Upper Souris ND,"UPPER SOURIS - Foxholm, North Dakota",1958,4,1958-09-22,21100,10,0.0202
Upper Souris ND,"UPPER SOURIS - Foxholm, North Dakota",1958,5,1958-09-29,23600,10,0.0202
Upper Souris ND,"UPPER SOURIS - Foxholm, North Dakota",1958,6,1958-10-06,20300,10,0.0202
Upper Souris ND,"UPPER SOURIS - Foxholm, North Dakota",1958,7,1958-10-13,13100,10,0.0202
Upper Souris ND,"UPPER SOURIS - Foxholm, North Dakota",1958,8,1958-10-20,36100,10,0.0202
Upper Souris ND,"UPPER SOURIS - Foxholm, North Dakota",1958,9,1958-10-27,15200,10,0.0202
Upper Souris ND,"UPPER SOURIS - Foxholm, North Dakota",1958,10,1958-11-03,25300,10,0.0202
Upper Souris ND,"UPPER SOURIS - Foxholm, North Dakota",1958,11,1958-11-10,19000,10,0.0202
Upper Souris ND,"UPPER SOURIS - Foxholm, North Dakota",1959,1,1959-09-01,15900,10,0.95
Upper Souris ND,"UPPER SOURIS - Foxholm, North Dakota",1959,2,1959-09-08,3400,10,0.95
Upper Souris ND,"UPPER SOURIS - Foxholm, North Dakota",1959,3,1959-09-15,30000,10,0.95
Upper Souris ND,"UPPER SOURIS - Foxholm, North Dakota",1959,4,1959-09-22,30000,10,0.95
Upper Souris ND,"UPPER SOURIS - Foxholm, North Dakota",1959,5,1959-09-29,31300,10,0.95
Upper Souris ND,"UPPER SOURIS - Foxholm, North Dakota",1959,6,1959-10-06,37900,10,0.95
Upper Souris ND,"UPPER SOURIS - Foxholm, North Dakota",1959,7,1959-10-13,34200,10,0.95
Upper Souris ND,"UPPER SOURIS - Foxholm, North Dakota",1959,8,1959-10-20,32200,10,0.95
Upper Souris ND,"UPPER SOURIS - Foxholm, North Dakota",1959,9,1959-10-27,25700,10,0.95
Upper Souris ND,"UPPER SOURIS - Foxholm, North Dakota",1959,10,1959-11-03,9000,10,0.95
Upper Souris ND,"UPPER SOURIS - Foxholm, North Dakota",1959,11,1959-11-10,300,10,0.95
Upper Souris ND,"UPPER SOURIS - Foxholm, North Dakota",1959,12,1959-11-17,52,10,0.95
Upper Souris ND,UPPER SOURIS - Porholme Ne Dake,1960,1,1960-09-01,25200,10,
Upper Souris ND,UPPER SOURIS - Porholme Ne Dake,1960,2,1960-09-08,32450,10,
Upper Souris ND,UPPER SOURIS - Porholme Ne Dake,1960,3,1960-09-15,42350,10,
Upper Souris ND,UPPER SOURIS - Porholme Ne Dake,1960,4,1960-09-22,67800,10,
Upper Souris ND,UPPER SOURIS - Porholme Ne Dake,1960,5,1960-09-29,73800,10,
Upper Souris ND,UPPER SOURIS - Porholme Ne Dake,1960,6,1960-10-06,99300,10,
Upper Souris ND,UPPER SOURIS - Porholme Ne Dake,1960,7,1960-10-13,96100,10,
Upper Souris ND,UPPER SOURIS - Porholme Ne Dake,1960,8,1960-10-20,53700,10,
Upper Souris ND,UPPER SOURIS - Porholme Ne Dake,1960,9,1960-10-27,41000,10,
Upper Souris ND,UPPER SOURIS - Porholme Ne Dake,1960,10,1960-11-03,17700,10,
Upper Souris ND,UPPER SOURIS - Porholme Ne Dake,1960,11,1960-11-10,1596880,10,
Upper Souris ND,UPPER SOURIS,1961,1,1961-09-01,30400,10,0.1631
Upper Souris ND,UPPER SOURIS,1961,2,1961-09-08,32100,10,0.1631
Upper Souris ND,UPPER SOURIS,1961,3,1961-09-15,30050,10,0.1631
Upper Souris ND,UPPER SOURIS,1961,4,1961-09-22,22600,10,0.1631
Upper Souris ND,UPPER SOURIS,1961,5,1961-09-29,31900,10,0.1631
Upper Souris ND,UPPER SOURIS,1961,6,1961-10-06,27600,10,0.1631
Upper Souris ND,UPPER SOURIS,1961,7,1961-10-13,21900,10,0.1631
Upper Souris ND,UPPER SOURIS,1961,8,1961-10-20,24500,10,0.1631
Upper Souris ND,UPPER SOURIS,1961,9,1961-10-27,19200,10,0.1631
Upper Souris ND,UPPER SOURIS,1961,10,1961-11-03,15450,10,0.1631
Upper Souris ND,UPPER SOURIS,1961,11,1961-11-10,700,10,0.1631
Upper Souris ND,UPPER SOURIS,1961,12,1961-11-17,330,10,0.1631
Upper Souris ND,UPPER SOURIS,1962,1,1962-09-01,38650,10,0.0398
Upper Souris ND,UPPER SOURIS,1962,2,1962-09-08,42700,10,0.0398
Upper Souris ND,UPPER SOURIS,1962,3,1962-09-15,50300,10,0.0398
Upper Souris ND,UPPER SOURIS,1962,4,1962-09-22,54300,10,0.0398
Upper Souris ND,UPPER SOURIS,1962,5,1962-09-29,61600,10,0.0398
Upper Souris ND,UPPER SOURIS,1962,6,1962-10-06,57900,10,0.0398
Upper Souris ND,UPPER SOURIS,1962,7,1962-10-13,83200,10,0.0398
Upper Souris ND,UPPER SOURIS,1962,8,1962-10-20,71950,10,0.0398
Upper Souris ND,UPPER SOURIS,1962,9,1962-10-27,59350,10,0.0398
Upper Souris ND,UPPER SOURIS,1962,10,1962-11-03,55000,10,0.0398
Upper Souris ND,UPPER SOURIS,1962,11,1962-11-10,67450,10,0.0398
Upper Souris ND,UPPER SOURIS,1962,12,1962-11-17,73000,10,0.0398
Upper Souris ND,IPPER SOURTS,1963,1,1963-09-01,28600,10,0.1796
Upper Souris ND,IPPER SOURTS,1963,2,1963-09-08,31600,10,0.1796
Upper Souris ND,IPPER SOURTS,1963,3,1963-09-15,73700,10,0.1796
Upper Souris ND,IPPER SOURTS,1963,4,1963-09-22,49100,10,0.1796
Upper Souris ND,IPPER SOURTS,1963,5,1963-09-29,53600,10,0.1796
Upper Souris ND,IPPER SOURTS,1963,6,1963-10-06,97400,10,0.1796
Upper Souris ND,IPPER SOURTS,1963,7,1963-10-13,75700,10,0.1796
Upper Souris ND,IPPER SOURTS,1963,8,1963-10-20,64800,10,0.1796
Upper Souris ND,IPPER SOURTS,1963,9,1963-10-27,44000,10,0.1796
Upper Souris ND,IPPER SOURTS,1963,10,1963-11-03,42350,10,0.1796
Upper Souris ND,IPPER SOURTS,1963,11,1963-11-10,23700,10,0.1796
Upper Souris ND,IPPER SOURTS,1963,12,1963-11-17,2100,10,0.1796
Upper Souris ND,IPPER SOURTS,1963,13,1963-11-24,8900,10,0.1796
Upper Souris ND,UPPER SOURIS,1964,1,1964-09-01,68600,10,0.1424
Upper Souris ND,UPPER SOURIS,1964,2,1964-09-08,67550,10,0.1424
Upper Souris ND,UPPER SOURIS,1964,3,1964-09-15,800,10,0.1424
Upper Souris ND,UPPER SOURIS,1964,4,1964-09-22,99300,10,0.1424
Upper Souris ND,UPPER SOURIS,1964,5,1964-09-29,122400,10,0.1424
Upper Souris ND,UPPER SOURIS,1964,6,1964-10-06,125700,10,0.1424
Upper Souris ND,UPPER SOURIS,1964,7,1964-10-13,132600,10,0.1424
Upper Souris ND,UPPER SOURIS,1964,8,1964-10-20,110000,10,0.1424
Upper Souris ND,UPPER SOURIS,1964,9,1964-10-27,113800,10,0.1424
Upper Souris ND,UPPER SOURIS,1964,10,1964-11-03,123200,10,0.1424
Upper Souris ND,UPPER SOURIS,1964,11,1964-11-10,64550,10,0.1424
Upper Souris ND,UPPER SOURIS,1964,12,1964-11-17,30800,10,0.1424
Upper Souris ND,UPPER SOURIS,1964,13,1964-11-24,400,10,0.1424
Upper Souris ND,UPPER SOURIS,1966,1,1966-09-01,29710,9,0.1386
Upper Souris ND,UPPER SOURIS,1966,2,1966-09-08,36950,9,0.1386
Upper Souris ND,UPPER SOURIS,1966,3,1966-09-15,32400,9,0.1386
Upper Souris ND,UPPER SOURIS,1966,4,1966-09-22,27900,9,0.1386
Upper Souris ND,UPPER SOURIS,1966,5,1966-09-29,35500,9,0.1386
Upper Souris ND,UPPER SOURIS,1966,6,1966-10-06,27700,9,0.1386
Upper Souris ND,UPPER SOURIS,1966,7,1966-10-13,30200,9,0.1386
Upper Souris ND,UPPER SOURIS,1966,8,1966-10-20,22000,9,0.1386
Upper Souris ND,UPPER SOURIS,1966,9,1966-10-27,26200,9,0.1386
Upper Souris ND,UPPER SOURIS,1966,11,1966-11-10,10600,9,0.1386
Upper Souris ND,UPPER SOURIS,1966,12,1966-11-17,1500,9,0.1386
Upper Souris ND,UPPER SOURIS,1967,1,1967-09-01,42699,10,0.8603
Upper Souris ND,UPPER SOURIS,1967,2,1967-09-08,77060,10,0.8603
Upper Souris ND,UPPER SOURIS,1967,3,1967-09-15,82018,10,0.8603
Upper Souris ND,UPPER SOURIS,1967,4,1967-09-22,64300,10,0.8603
Upper Souris ND,UPPER SOURIS,1967,5,1967-09-29,81509,10,0.8603
Upper Souris ND,UPPER SOURIS,1967,6,1967-10-06,84100,10,0.8603
Upper Souris ND,UPPER SOURIS,1967,7,1967-10-13,55900,10,0.8603
Upper Souris ND,UPPER SOURIS,1967,8,1967-10-20,95800,10,0.8603
Upper Souris ND,UPPER SOURIS,1967,9,1967-10-27,188600,10,0.8603
Upper Souris ND,UPPER SOURIS,1967,10,1967-11-03,99700,10,0.8603
Upper Souris ND,UPPER SOURIS,1967,11,1967-11-10,12000,10,0.8603
Upper Souris ND,UPPER SOURIS,1967,12,1967-11-17,4380,10,0.8603
Upper Souris ND,3-1750 Form NR-1 (Rev. March 1953) WAT E,1968,1,1968-09-01,7480,10,1.0734
Upper Souris ND,Upper Souris Wetlands,1968,1,1968-09-01,100,8,
Upper Souris ND,3-1750 Form NR-1 (Rev. March 1953) WAT E,1968,2,1968-09-08,84900,10,1.0734
Upper Souris ND,Upper Souris Wetlands,1968,2,1968-09-08,110,8,
Upper Souris ND,3-1750 Form NR-1 (Rev. March 1953) WAT E,1968,3,1968-09-15,50630,10,1.0734
Upper Souris ND,Upper Souris Wetlands,1968,3,1968-09-15,110,8,
Upper Souris ND,3-1750 Form NR-1 (Rev. March 1953) WAT E,1968,4,1968-09-22,44800,10,1.0734
Upper Souris ND,Upper Souris Wetlands,1968,4,1968-09-22,100,8,
Upper Souris ND,3-1750 Form NR-1 (Rev. March 1953) WAT E,1968,5,1968-09-29,96508,10,1.0734
Upper Souris ND,Upper Souris Wetlands,1968,5,1968-09-29,80,8,
Upper Souris ND,3-1750 Form NR-1 (Rev. March 1953) WAT E,1968,6,1968-10-06,41968,10,1.0734
Upper Souris ND,Upper Souris Wetlands,1968,6,1968-10-06,50,8,
Upper Souris ND,3-1750 Form NR-1 (Rev. March 1953) WAT E,1968,7,1968-10-13,28900,10,1.0734
Upper Souris ND,Upper Souris Wetlands,1968,7,1968-10-13,40,8,
Upper Souris ND,3-1750 Form NR-1 (Rev. March 1953) WAT E,1968,8,1968-10-20,25209,10,1.0734
Upper Souris ND,Upper Souris Wetlands,1968,8,1968-10-20,30,8,
Upper Souris ND,3-1750 Form NR-1 (Rev. March 1953) WAT E,1968,9,1968-10-27,16300,10,1.0734
Upper Souris ND,3-1750 Form NR-1 (Rev. March 1953) WAT E,1968,10,1968-11-03,27200,10,1.0734
Upper Souris ND,3-1750 Form NR-1 (Rev. March 1953) WAT E,1968,11,1968-11-10,24100,10,1.0734
Upper Souris ND,Upper Souris Wetlands,1968,11,1968-11-10,3900,8,
Upper Souris ND,Upper Souris NWR,1970,1,1970-09-01,24270,10,0.0547
Upper Souris ND,Upper Souris NWR,1970,2,1970-09-08,27460,10,0.0547
Upper Souris ND,Upper Souris NWR,1970,3,1970-09-15,39050,10,0.0547
Upper Souris ND,Upper Souris NWR,1970,4,1970-09-22,50450,10,0.0547
Upper Souris ND,Upper Souris NWR,1970,5,1970-09-29,54700,10,0.0547
Upper Souris ND,Upper Souris NWR,1970,6,1970-10-06,78900,10,0.0547
Upper Souris ND,Upper Souris NWR,1970,7,1970-10-13,69900,10,0.0547
Upper Souris ND,Upper Souris NWR,1970,8,1970-10-20,57300,10,0.0547
Upper Souris ND,Upper Souris NWR,1970,9,1970-10-27,63400,10,0.0547
Upper Souris ND,Upper Souris NWR,1970,10,1970-11-03,32400,10,0.0547
Upper Souris ND,Upper Souris NWR,1970,11,1970-11-10,9500,10,0.0547
Upper Souris ND,Upper Souris NWR,1970,12,1970-11-17,5600,10,0.0547
Upper Souris ND,Upper Souris NWR,1970,13,1970-11-24,90,10,0.0547
Upper Souris ND,Upper Souris NIR,1971,1,1971-09-01,11020,10,
Upper Souris ND,Upper Souris NIR,1971,2,1971-09-08,8495,10,
Upper Souris ND,Upper Souris NIR,1971,3,1971-09-15,16920,10,
Upper Souris ND,Upper Souris NIR,1971,4,1971-09-22,17790,10,
Upper Souris ND,Upper Souris NIR,1971,5,1971-09-29,19050,10,
Upper Souris ND,Upper Souris NIR,1971,6,1971-10-06,22850,10,
Upper Souris ND,Upper Souris NIR,1971,7,1971-10-13,21780,10,
Upper Souris ND,Upper Souris NIR,1971,8,1971-10-20,22170,10,
Upper Souris ND,Upper Souris NIR,1971,9,1971-10-27,18150,10,
Upper Souris ND,Upper Souris NIR,1971,10,1971-11-03,10700,10,
Upper Souris ND,Upper Souris NIR,1971,11,1971-11-10,2320,10,
